Protocollo;Gruppo;DataOraIncidente;Localizzazione1;STRADA1;Localizzazione2;STRADA2;Strada02;Chilometrica;DaSpecificare;NaturaIncidente;particolaritastrade;TipoStrada;FondoStradale;Pavimentazione;Segnaletica;CondizioneAtmosferica;Traffico;Visibilita;Illuminazione;NUM_FERITI;NUM_RISERVATA;NUM_MORTI;NUM_ILLESI;Longitude;Latitude;Confermato;Progressivo;TipoVeicolo;StatoVeicolo;TipoPersona;Sesso;Tipolesione;Deceduto;DecedutoDopo;CinturaCascoUtilizzato;Airbag;
5766002;1;02/01/2022 17:40:00;Strada Urbana;LUNGOTEVERE RIPA;in corrispondenza;;del civico n.;3;;Veicolo in marcia contro veicoli in sosta;Rettilineo;Una carreggiata a senso unico di marcia;Asciutto;Asfaltata;Verticale ed orizzontale;Sereno;Normale;Buona;;0;0;0;4;12.4787;41.8874;-1;3;Autovettura privata;Sosta;;;;;;;
5766070;4;04/01/2022 11:30:00;Strada Urbana;VIALE LINA CAVALIERI;in corrispondenza;;del civico n.;94;;Veicolo in marcia contro veicolo in sosta;Curva a visuale libera;Due carreggiate;Asciutto;Asfaltata;Verticale ed orizzontale;Sereno;Normale;Buona;;0;0;0;0;12.4149;41.9166;-1;1;Autovettura privata;Sosta;;;;;;;
5766070;4;04/01/2022 11:30:00;Strada Urbana;VIALE LINA CAVALIERI;in corrispondenza;;del civico n.;94;;Veicolo in marcia contro veicolo in sosta;Curva a visuale libera;Due carreggiate;Asciutto;Asfaltata;Verticale ed orizzontale;Sereno;Normale;Buona;;0;0;0;0;12.4149;41.9166;-1;2;Autovettura privata;Allontanatosi;;;;;;;
5766071;5;01/01/2022 13:00:00;Strada Urbana;VIA SANTE BARGELLINI;in corrispondenza;;del civico n.;13;;Veicolo in marcia contro veicoli in sosta;Rettilineo;Una carreggiata a doppio senso;Asciutto;Asfaltata;Orizzontale;Sereno;Scarso;Buona;;0;0;0;1;12.546;41.9101;0;1;Autovettura privata;Sosta;;;;;;;
5766071;5;01/01/2022 13:00:00;Strada Urbana;VIA SANTE BARGELLINI;in corrispondenza;;del civico n.;13;;Veicolo in marcia contro veicoli in sosta;Rettilineo;Una carreggiata a doppio senso;Asciutto;Asfaltata;Orizzontale;Sereno;Scarso;Buona;;0;0;0;1;12.546;41.9101;0;2;Autovettura privata;In marcia / fermata / arresto;Conducente;M;Illeso;0;;Non accertato;
5766088;4;01/01/2022 02:00:00;Statale entro l'abitato;VIA CASSIA;in corrispondenza;;del civico n.;1811;;Veicolo in marcia contro ostacolo fisso;Rettilineo;Una carreggiata a doppio senso;Bagnato (umidità in atto);Asfaltata;Verticale ed orizzontale;Nebbia;Scarso;Sufficiente;;1;0;0;0;12.377;42.0133;-1;1;Autovettura privata;In marcia / fermata / arresto;Conducente;M;Rimandato;0;NON DECEDUTO;Non accertato;Inesploso
5766107;4;02/01/2022 12:40:00;Strada Urbana;VIA DELLE VIGNE NUOVE;da specificare;;;;pross. V. G. Conti;Infortunio per caduta del veicolo;Curva a visuale libera;Due carreggiate;Asciutto;Asfaltata;Verticale ed orizzontale;Nuvoloso;Scarso;Buona;;1;0;0;0;12.5359;41.9575;0;1;Motociclo a solo;In marcia / fermata / arresto;Conducente;M;Rimandato;0;NON DECEDUTO;;
5766124;12;03/01/2022 07:35:00;Strada Urbana;VIA DI TOR PAGNOTTA;all'intersezione con;VIALE DELL'ESERCITO;VIALE DELL'ESERCITO;;;Ribaltamento senza urto contro ostacolo fisso;Incrocio;Una carreggiata a doppio senso;Asciutto;Asfaltata;Verticale ed orizzontale;Sereno;Scarso;Buona;;0;0;0;1;12.5061;41.8038;-1;1;Macchina operatrice;In marcia / fermata / arresto;Conducente;M;Illeso;0;;Utilizzato;Inesploso
5766153;17;01/01/2022 12:40:00;Strada Urbana;VIALE GIUSEPPE MAZZINI;all'intersezione semaforizzata con;VIALE ANGELICO;VIALE ANGELICO;;;Scontro laterale fra veicoli in marcia;Intersezione semaforizzata;Più di due carreggiate;Asciutto;Asfaltata;Verticale ed orizzontale;Sereno;Normale;Buona;;0;0;0;3;12.4626;41.9158;-1;1;Autovettura privata;In marcia / fermata / arresto;Conducente;M;Illeso;0;;Non accertato;Inesploso
5766153;17;01/01/2022 12:40:00;Strada Urbana;VIALE GIUSEPPE MAZZINI;all'intersezione semaforizzata con;VIALE ANGELICO;VIALE ANGELICO;;;Scontro laterale fra veicoli in marcia;Intersezione semaforizzata;Più di due carreggiate;Asciutto;Asfaltata;Verticale ed orizzontale;Sereno;Normale;Buona;;0;0;0;3;12.4626;41.9158;-1;1;Autovettura privata;In marcia / fermata / arresto;Passeggero;F;Illeso;0;;Non accertato;Inesploso
5766153;17;01/01/2022 12:40:00;Strada Urbana;VIALE GIUSEPPE MAZZINI;all'intersezione semaforizzata con;VIALE ANGELICO;VIALE ANGELICO;;;Scontro laterale fra veicoli in marcia;Intersezione semaforizzata;Più di due carreggiate;Asciutto;Asfaltata;Verticale ed orizzontale;Sereno;Normale;Buona;;0;0;0;3;12.4626;41.9158;-1;2;Motociclo a solo;In marcia / fermata / arresto;Conducente;M;Illeso;0;;Non accertato;
5766200;17;01/01/2022 02:00:00;Strada Urbana;LUNGOTEVERE MICHELANGELO;all'intersezione con;PIAZZA DELLA LIBERTA';PIAZZA DELLA LIBERTA';;;Scontro laterale fra veicoli in marcia;Intersezione stradale segnalata;Una carreggiata a senso unico di marcia;Bagnato (umidità in atto);Asfaltata;Verticale ed orizzontale;Nebbia;Scarso;Sufficiente;;0;0;0;3;12.4704;41.9121;-1;1;Autovettura privata;In marcia / fermata / arresto;Conducente;F;Illeso;0;;Non accertato;Inesploso
5766200;17;01/01/2022 02:00:00;Strada Urbana;LUNGOTEVERE MICHELANGELO;all'intersezione con;PIAZZA DELLA LIBERTA';PIAZZA DELLA LIBERTA';;;Scontro laterale fra veicoli in marcia;Intersezione stradale segnalata;Una carreggiata a senso unico di marcia;Bagnato (umidità in atto);Asfaltata;Verticale ed orizzontale;Nebbia;Scarso;Sufficiente;;0;0;0;3;12.4704;41.9121;-1;1;Autovettura privata;In marcia / fermata / arresto;Passeggero;F;Illeso;0;;;
5766200;17;01/01/2022 02:00:00;Strada Urbana;LUNGOTEVERE MICHELANGELO;all'intersezione con;PIAZZA DELLA LIBERTA';PIAZZA DELLA LIBERTA';;;Scontro laterale fra veicoli in marcia;Intersezione stradale segnalata;Una carreggiata a senso unico di marcia;Bagnato (umidità in atto);Asfaltata;Verticale ed orizzontale;Nebbia;Scarso;Sufficiente;;0;0;0;3;12.4704;41.9121;-1;2;Autovettura privata;In marcia / fermata / arresto;Conducente;M;Illeso;0;;Non accertato;Inesploso
5766207;2;01/01/2022 07:20:00;Strada Urbana;LUNGOTEVERE DELLE NAVI;da specificare;;;;alt. VIA FILANGERI;Veicolo in marcia contro veicoli in sosta;Rettilineo;Una carreggiata a senso unico di marcia;Bagnato (umidità in atto);Asfaltata;Verticale ed orizzontale;Nebbia;Scarso;Sufficiente;;1;0;0;0;12.4716;41.9166;-1;1;Autovettura privata;In marcia / fermata / arresto;Conducente;M;Rimandato;0;NON DECEDUTO;;
5766207;2;01/01/2022 07:20:00;Strada Urbana;LUNGOTEVERE DELLE NAVI;da specificare;;;;alt. VIA FILANGERI;Veicolo in marcia contro veicoli in sosta;Rettilineo;Una carreggiata a senso unico di marcia;Bagnato (umidità in atto);Asfaltata;Verticale ed orizzontale;Nebbia;Scarso;Sufficiente;;1;0;0;0;12.4716;41.9166;-1;2;Autovettura privata;Sosta;;;;;;;
5766207;2;01/01/2022 07:20:00;Strada Urbana;LUNGOTEVERE DELLE NAVI;da specificare;;;;alt. VIA FILANGERI;Veicolo in marcia contro veicoli in sosta;Rettilineo;Una carreggiata a senso unico di marcia;Bagnato (umidità in atto);Asfaltata;Verticale ed orizzontale;Nebbia;Scarso;Sufficiente;;1;0;0;0;12.4716;41.9166;-1;3;Autovettura privata;Sosta;;;;;;;
5766209;2;01/01/2022 20:30:00;Strada Urbana;LUNGOTEVERE DELLE NAVI;da specificare;;;;pross. fronte VIA AZUNI;Scontro laterale fra veicoli in marcia;Rettilineo;Una carreggiata a senso unico di marcia;Asciutto;Asfaltata;Verticale ed orizzontale;Nebbia;Normale;Insufficiente;;0;0;0;4;12.4716;41.9166;-1;1;Autovettura privata;In marcia / fermata / arresto;Conducente;M;Illeso;0;;;
5766209;2;01/01/2022 20:30:00;Strada Urbana;LUNGOTEVERE DELLE NAVI;da specificare;;;;pross. fronte VIA AZUNI;Scontro laterale fra veicoli in marcia;Rettilineo;Una carreggiata a senso unico di marcia;Asciutto;Asfaltata;Verticale ed orizzontale;Nebbia;Normale;Insufficiente;;0;0;0;4;12.4716;41.9166;-1;2;Autovettura privata;In marcia / fermata / arresto;Conducente;M;Illeso;0;;;
5766209;2;01/01/2022 20:30:00;Strada Urbana;LUNGOTEVERE DELLE NAVI;da specificare;;;;pross. fronte VIA AZUNI;Scontro laterale fra veicoli in marcia;Rettilineo;Una carreggiata a senso unico di marcia;Asciutto;Asfaltata;Verticale ed orizzontale;Nebbia;Normale;Insufficiente;;0;0;0;4;12.4716;41.9166;-1;2;Autovettura privata;In marcia / fermata / arresto;Passeggero;M;Illeso;0;;Non accertato;Inesploso
5766209;2;01/01/2022 20:30:00;Strada Urbana;LUNGOTEVERE DELLE NAVI;da specificare;;;;pross. fronte VIA AZUNI;Scontro laterale fra veicoli in marcia;Rettilineo;Una carreggiata a senso unico di marcia;Asciutto;Asfaltata;Verticale ed orizzontale;Nebbia;Normale;Insufficiente;;0;0;0;4;12.4716;41.9166;-1;2;Autovettura privata;In marcia / fermata / arresto;Passeggero;F;Illeso;0;;Non accertato;Inesploso
5766210;2;02/01/2022 15:10:00;Strada Urbana;VIA DI VILLA ADA;all'intersezione con;VIA BENACO;VIA BENACO;;;Scontro frontale/laterale DX fra veicoli in marcia;Incrocio;Due carreggiate;Asciutto;Asfaltata;Verticale ed orizzontale;Sereno;Scarso;Sufficiente;;0;0;0;2;12.5055;41.9242;-1;1;Autovettura privata;In marcia / fermata / arresto;Conducente;F;Illeso;0;;Non accertato;Inesploso
5766210;2;02/01/2022 15:10:00;Strada Urbana;VIA DI VILLA ADA;all'intersezione con;VIA BENACO;VIA BENACO;;;Scontro frontale/laterale DX fra veicoli in marcia;Incrocio;Due carreggiate;Asciutto;Asfaltata;Verticale ed orizzontale;Sereno;Scarso;Sufficiente;;0;0;0;2;12.5055;41.9242;-1;2;Autovettura privata;In marcia / fermata / arresto;Conducente;M;Illeso;0;;Non accertato;Inesploso
5766210;2;02/01/2022 15:10:00;Strada Urbana;VIA DI VILLA ADA;all'intersezione con;VIA BENACO;VIA BENACO;;;Scontro frontale/laterale DX fra veicoli in marcia;Incrocio;Due carreggiate;Asciutto;Asfaltata;Verticale ed orizzontale;Sereno;Scarso;Sufficiente;;0;0;0;2;12.5055;41.9242;-1;3;Autovettura privata;Sosta;;;;;;;
5766222;12;03/01/2022 06:30:00;Strada Urbana;VIALE DELLA CIVILTA' DEL LAVORO;all'intersezione con;VIALE BEETHOVEN;VIALE BEETHOVEN;;;Veicolo in marcia contro ostacolo fisso;Incrocio;Una carreggiata a senso unico di marcia;Asciutto;Asfaltata;Verticale ed orizzontale;Nuvoloso;Scarso;Sufficiente;;0;0;0;1;12.4675;41.836;-1;1;Autovettura privata;In marcia / fermata / arresto;Conducente;M;Illeso;0;;Utilizzato;Inesploso
5766229;6;03/01/2022 10:45:00;Strada Urbana;VIALE DELLA PRIMAVERA;in corrispondenza;;del civico n.;64;;Scontro frontale/laterale DX fra veicoli in marcia;Rettilineo;Una carreggiata a senso unico di marcia;Asciutto;Asfaltata;Orizzontale;Nuvoloso;Normale;Buona;;0;0;0;2;12.5596;41.8851;-1;1;Motociclo a solo;In marcia / fermata / arresto;Conducente;M;Illeso;0;;;
5766229;6;03/01/2022 10:45:00;Strada Urbana;VIALE DELLA PRIMAVERA;in corrispondenza;;del civico n.;64;;Scontro frontale/laterale DX fra veicoli in marcia;Rettilineo;Una carreggiata a senso unico di marcia;Asciutto;Asfaltata;Orizzontale;Nuvoloso;Normale;Buona;;0;0;0;2;12.5596;41.8851;-1;2;Autovettura privata;In marcia / fermata / arresto;Conducente;M;Illeso;0;;Non accertato;Inesploso
5766293;1;03/01/2022 12:00:00;Strada Urbana;PONTE GARIBALDI;all'intersezione semaforizzata con;LUNGOTEVERE DEI VALLATI;LUNGOTEVERE DEI VALLATI;;;Tamponamento;Intersezione semaforizzata;Più di due carreggiate;Asciutto;Asfaltata;Verticale ed orizzontale;Nuvoloso;Normale;Buona;;0;0;0;3;12.4746;41.8911;-1;1;Autovettura privata;In marcia / fermata / arresto;Conducente;M;Illeso;0;;;
5766293;1;03/01/2022 12:00:00;Strada Urbana;PONTE GARIBALDI;all'intersezione semaforizzata con;LUNGOTEVERE DEI VALLATI;LUNGOTEVERE DEI VALLATI;;;Tamponamento;Intersezione semaforizzata;Più di due carreggiate;Asciutto;Asfaltata;Verticale ed orizzontale;Nuvoloso;Normale;Buona;;0;0;0;3;12.4746;41.8911;-1;1;Autovettura privata;In marcia / fermata / arresto;Passeggero;M;Illeso;0;;;
5766293;1;03/01/2022 12:00:00;Strada Urbana;PONTE GARIBALDI;all'intersezione semaforizzata con;LUNGOTEVERE DEI VALLATI;LUNGOTEVERE DEI VALLATI;;;Tamponamento;Intersezione semaforizzata;Più di due carreggiate;Asciutto;Asfaltata;Verticale ed orizzontale;Nuvoloso;Normale;Buona;;0;0;0;3;12.4746;41.8911;-1;2;Autovettura privata;In marcia / fermata / arresto;Conducente;M;Illeso;0;;;
5766431;12;03/01/2022 14:10:00;Strada Urbana;VIALE DELL'UMANESIMO;all'intersezione con;VIA CRISTOFORO COLOMBO;VIA CRISTOFORO COLOMBO;;;Scontro laterale fra veicoli in marcia;Intersezione semaforizzata;Una carreggiata a doppio senso;Asciutto;Asfaltata;Verticale ed orizzontale;Nuvoloso;Normale;Buona;;0;0;0;2;12.4674;41.8239;-1;1;Autovettura privata;In marcia / fermata / arresto;Conducente;M;Illeso;0;;Non accertato;Inesploso
5766431;12;03/01/2022 14:10:00;Strada Urbana;VIALE DELL'UMANESIMO;all'intersezione con;VIA CRISTOFORO COLOMBO;VIA CRISTOFORO COLOMBO;;;Scontro laterale fra veicoli in marcia;Intersezione semaforizzata;Una carreggiata a doppio senso;Asciutto;Asfaltata;Verticale ed orizzontale;Nuvoloso;Normale;Buona;;0;0;0;2;12.4674;41.8239;-1;2;Autovettura privata;In marcia / fermata / arresto;Conducente;M;Illeso;0;;Non accertato;Inesploso
5766456;13;02/01/2022 16:15:00;;VIALE ALESSANDRO MAGNO;da specificare;;;;prox via teodoto;Veicolo in marcia contro ostacolo accidentale;;;;;;;;;;0;0;0;2;12.3488;41.7457;0;1;Autovettura privata;In marcia / fermata / arresto;Conducente;M;Illeso;0;;;
5766456;13;02/01/2022 16:15:00;;VIALE ALESSANDRO MAGNO;da specificare;;;;prox via teodoto;Veicolo in marcia contro ostacolo accidentale;;;;;;;;;;0;0;0;2;12.3488;41.7457;0;1;Autovettura privata;In marcia / fermata / arresto;Passeggero;F;Illeso;0;;;
5766458;16;03/01/2022 09:05:00;Strada Urbana;VIALE DEI COLLI PORTUENSI;in corrispondenza;;del civico n.;525;;Investimento di pedone;Rettilineo;Due carreggiate;Asciutto;Asfaltata;Verticale ed orizzontale;Nuvoloso;Normale;Buona;;1;0;0;1;12.4435;41.8613;-1;;;;Pedone;F;Ricoverato;0;NON DECEDUTO;;
5766458;16;03/01/2022 09:05:00;Strada Urbana;VIALE DEI COLLI PORTUENSI;in corrispondenza;;del civico n.;525;;Investimento di pedone;Rettilineo;Due carreggiate;Asciutto;Asfaltata;Verticale ed orizzontale;Nuvoloso;Normale;Buona;;1;0;0;1;12.4435;41.8613;-1;1;Autovettura privata;In marcia / fermata / arresto;Conducente;M;Illeso;0;;Non accertato;Inesploso
5766466;16;03/01/2022 12:00:00;Strada Urbana;VIA FEDERICO OZANAM;da specificare;;;;prossimità fronte civico 142;Veicolo in marcia contro veicoli in sosta;Rettilineo;Una carreggiata a doppio senso;Asciutto;Asfaltata;Assente;Sereno;Scarso;Buona;;0;0;0;1;12.4492;41.8768;-1;1;Autovettura privata;Sosta;;;;;;;
5766466;16;03/01/2022 12:00:00;Strada Urbana;VIA FEDERICO OZANAM;da specificare;;;;prossimità fronte civico 142;Veicolo in marcia contro veicoli in sosta;Rettilineo;Una carreggiata a doppio senso;Asciutto;Asfaltata;Assente;Sereno;Scarso;Buona;;0;0;0;1;12.4492;41.8768;-1;2;Autovettura privata;Sosta;;;;;;;
5766466;16;03/01/2022 12:00:00;Strada Urbana;VIA FEDERICO OZANAM;da specificare;;;;prossimità fronte civico 142;Veicolo in marcia contro veicoli in sosta;Rettilineo;Una carreggiata a doppio senso;Asciutto;Asfaltata;Assente;Sereno;Scarso;Buona;;0;0;0;1;12.4492;41.8768;-1;3;Autovettura privata;In marcia / fermata / arresto;Conducente;F;Illeso;0;;Non accertato;
5766469;19;01/01/2022 15:00:00;Strada Urbana;VIA FEDERICO BORROMEO;da specificare;;;;PROX. P.ZA SAN ZACCARIA PAPA ;Veicolo in marcia contro veicolo fermo;Rettilineo;Una carreggiata a doppio senso;Asciutto;Asfaltata;Assente;Sereno;Scarso;Buona;;1;0;0;3;12.415;41.9167;-1;1;Autovettura privata;In marcia / fermata / arresto;Conducente;M;Illeso;0;;Non accertato;Inesploso
5766469;19;01/01/2022 15:00:00;Strada Urbana;VIA FEDERICO BORROMEO;da specificare;;;;PROX. P.ZA SAN ZACCARIA PAPA ;Veicolo in marcia contro veicolo fermo;Rettilineo;Una carreggiata a doppio senso;Asciutto;Asfaltata;Assente;Sereno;Scarso;Buona;;1;0;0;3;12.415;41.9167;-1;1;Autovettura privata;In marcia / fermata / arresto;Passeggero;F;Rifiuta cure immediate;0;NON DECEDUTO;Non accertato;Inesploso
5766469;19;01/01/2022 15:00:00;Strada Urbana;VIA FEDERICO BORROMEO;da specificare;;;;PROX. P.ZA SAN ZACCARIA PAPA ;Veicolo in marcia contro veicolo fermo;Rettilineo;Una carreggiata a doppio senso;Asciutto;Asfaltata;Assente;Sereno;Scarso;Buona;;1;0;0;3;12.415;41.9167;-1;1;Autovettura privata;In marcia / fermata / arresto;Passeggero;M;Illeso;0;;Non accertato;Inesploso
5766469;19;01/01/2022 15:00:00;Strada Urbana;VIA FEDERICO BORROMEO;da specificare;;;;PROX. P.ZA SAN ZACCARIA PAPA ;Veicolo in marcia contro veicolo fermo;Rettilineo;Una carreggiata a doppio senso;Asciutto;Asfaltata;Assente;Sereno;Scarso;Buona;;1;0;0;3;12.415;41.9167;-1;2;Autovettura privata;Sosta;;;;;;;
5766469;19;01/01/2022 15:00:00;Strada Urbana;VIA FEDERICO BORROMEO;da specificare;;;;PROX. P.ZA SAN ZACCARIA PAPA ;Veicolo in marcia contro veicolo fermo;Rettilineo;Una carreggiata a doppio senso;Asciutto;Asfaltata;Assente;Sereno;Scarso;Buona;;1;0;0;3;12.415;41.9167;-1;3;Autovettura privata;In marcia / fermata / arresto;Conducente;M;Illeso;0;;Non accertato;Inesploso
5766480;15;03/01/2022 14:00:00;Strada Urbana;LUNGOTEVERE DI PIETRA PAPA;da specificare;;;;Via Avicenna;Tamponamento;Rettilineo;Due carreggiate;Asciutto;Asfaltata;Orizzontale;Nuvoloso;Scarso;Buona;;1;0;0;3;12.4743;41.8629;-1;1;Autovettura privata;In marcia / fermata / arresto;Conducente;M;Rimandato;0;NON DECEDUTO;Non accertato;Inesploso
5766480;15;03/01/2022 14:00:00;Strada Urbana;LUNGOTEVERE DI PIETRA PAPA;da specificare;;;;Via Avicenna;Tamponamento;Rettilineo;Due carreggiate;Asciutto;Asfaltata;Orizzontale;Nuvoloso;Scarso;Buona;;1;0;0;3;12.4743;41.8629;-1;1;Autovettura privata;In marcia / fermata / arresto;Passeggero;M;Illeso;0;;;
5766480;15;03/01/2022 14:00:00;Strada Urbana;LUNGOTEVERE DI PIETRA PAPA;da specificare;;;;Via Avicenna;Tamponamento;Rettilineo;Due carreggiate;Asciutto;Asfaltata;Orizzontale;Nuvoloso;Scarso;Buona;;1;0;0;3;12.4743;41.8629;-1;1;Autovettura privata;In marcia / fermata / arresto;Passeggero;M;Illeso;0;;Non accertato;Inesploso
5766480;15;03/01/2022 14:00:00;Strada Urbana;LUNGOTEVERE DI PIETRA PAPA;da specificare;;;;Via Avicenna;Tamponamento;Rettilineo;Due carreggiate;Asciutto;Asfaltata;Orizzontale;Nuvoloso;Scarso;Buona;;1;0;0;3;12.4743;41.8629;-1;2;Autovettura privata;In marcia / fermata / arresto;Conducente;M;Illeso;0;;Non accertato;Inesploso
5766486;15;03/01/2022 15:20:00;Strada Urbana;VIA PORTUENSE;in prossimità;;del civico n.;863;;Scontro laterale fra veicoli in marcia;Rettilineo;Una carreggiata a doppio senso;Asciutto;Asfaltata;Verticale ed orizzontale;Sereno;Normale;Buona;;0;0;0;3;12.4083;41.8425;-1;1;Autocarro inferiore 35 q.;In marcia / fermata / arresto;Conducente;M;Illeso;0;;;
5766486;15;03/01/2022 15:20:00;Strada Urbana;VIA PORTUENSE;in prossimità;;del civico n.;863;;Scontro laterale fra veicoli in marcia;Rettilineo;Una carreggiata a doppio senso;Asciutto;Asfaltata;Verticale ed orizzontale;Sereno;Normale;Buona;;0;0;0;3;12.4083;41.8425;-1;1;Autocarro inferiore 35 q.;In marcia / fermata / arresto;Passeggero;M;Illeso;0;;;
5766486;15;03/01/2022 15:20:00;Strada Urbana;VIA PORTUENSE;in prossimità;;del civico n.;863;;Scontro laterale fra veicoli in marcia;Rettilineo;Una carreggiata a doppio senso;Asciutto;Asfaltata;Verticale ed orizzontale;Sereno;Normale;Buona;;0;0;0;3;12.4083;41.8425;-1;2;Autovettura privata;In marcia / fermata / arresto;Conducente;M;Illeso;0;;;
5766502;19;01/01/2022 05:30:00;Strada Urbana;VIA CUSANO MILANINO;in corrispondenza;;del civico n.;6;;Veicolo in marcia contro veicoli in sosta;Rettilineo;Una carreggiata a senso unico di marcia;Bagnato (umidità in atto);Asfaltata;Verticale;Nebbia;Scarso;Insufficiente;;0;0;0;1;12.3906;41.9484;-1;1;Autovettura privata;Sosta;;;;;;;
5766502;19;01/01/2022 05:30:00;Strada Urbana;VIA CUSANO MILANINO;in corrispondenza;;del civico n.;6;;Veicolo in marcia contro veicoli in sosta;Rettilineo;Una carreggiata a senso unico di marcia;Bagnato (umidità in atto);Asfaltata;Verticale;Nebbia;Scarso;Insufficiente;;0;0;0;1;12.3906;41.9484;-1;2;Autovettura privata;Sosta;;;;;;;
5766502;19;01/01/2022 05:30:00;Strada Urbana;VIA CUSANO MILANINO;in corrispondenza;;del civico n.;6;;Veicolo in marcia contro veicoli in sosta;Rettilineo;Una carreggiata a senso unico di marcia;Bagnato (umidità in atto);Asfaltata;Verticale;Nebbia;Scarso;Insufficiente;;0;0;0;1;12.3906;41.9484;-1;3;Autovettura privata;Sosta;;;;;;;
5766502;19;01/01/2022 05:30:00;Strada Urbana;VIA CUSANO MILANINO;in corrispondenza;;del civico n.;6;;Veicolo in marcia contro veicoli in sosta;Rettilineo;Una carreggiata a senso unico di marcia;Bagnato (umidità in atto);Asfaltata;Verticale;Nebbia;Scarso;Insufficiente;;0;0;0;1;12.3906;41.9484;-1;4;Autovettura privata;In marcia / fermata / arresto;Conducente;M;Illeso;0;;;
5766505;13;02/01/2022 17:40:00;Strada Urbana;VIA DELLE AZZORRE;all'intersezione con;PIAZZA ENER BETTICA;PIAZZA ENER BETTICA;;;Scontro frontale/laterale DX fra veicoli in marcia;Incrocio;Due carreggiate;Asciutto;Asfaltata;Assente;Nuvoloso;Normale;Buona;;0;0;0;1;12.2709;41.7407;-1;1;Autovettura privata;In marcia / fermata / arresto;Conducente;M;Illeso;0;;Non accertato;Inesploso
5766505;13;02/01/2022 17:40:00;Strada Urbana;VIA DELLE AZZORRE;all'intersezione con;PIAZZA ENER BETTICA;PIAZZA ENER BETTICA;;;Scontro frontale/laterale DX fra veicoli in marcia;Incrocio;Due carreggiate;Asciutto;Asfaltata;Assente;Nuvoloso;Normale;Buona;;0;0;0;1;12.2709;41.7407;-1;2;Autovettura privata;Allontanatosi;;;;;;;
5766507;19;01/01/2022 13:10:00;Strada Urbana;VIA LUCILIO;in prossimità;;del civico n.;25;;Scontro laterale fra veicoli in marcia;Rettilineo;Una carreggiata a senso unico di marcia;Asciutto;Asfaltata;Orizzontale;Sereno;Scarso;Buona;;0;0;0;3;12.4447;41.9236;-1;1;Autovettura privata;In marcia / fermata / arresto;Conducente;M;Illeso;0;;Non accertato;Inesploso
5766507;19;01/01/2022 13:10:00;Strada Urbana;VIA LUCILIO;in prossimità;;del civico n.;25;;Scontro laterale fra veicoli in marcia;Rettilineo;Una carreggiata a senso unico di marcia;Asciutto;Asfaltata;Orizzontale;Sereno;Scarso;Buona;;0;0;0;3;12.4447;41.9236;-1;2;Autovettura privata;In marcia / fermata / arresto;Conducente;M;Illeso;0;;;Inesploso
5766507;19;01/01/2022 13:10:00;Strada Urbana;VIA LUCILIO;in prossimità;;del civico n.;25;;Scontro laterale fra veicoli in marcia;Rettilineo;Una carreggiata a senso unico di marcia;Asciutto;Asfaltata;Orizzontale;Sereno;Scarso;Buona;;0;0;0;3;12.4447;41.9236;-1;2;Autovettura privata;In marcia / fermata / arresto;Passeggero;M;Illeso;0;;Non accertato;Inesploso
5766507;19;01/01/2022 13:10:00;Strada Urbana;VIA LUCILIO;in prossimità;;del civico n.;25;;Scontro laterale fra veicoli in marcia;Rettilineo;Una carreggiata a senso unico di marcia;Asciutto;Asfaltata;Orizzontale;Sereno;Scarso;Buona;;0;0;0;3;12.4447;41.9236;-1;3;Autovettura privata;Sosta;;;;;;;
5766512;12;03/01/2022 16:05:00;Strada Urbana;VIA LAURENTINA;da specificare;;;;rotatoria Tor Pagnotta dir. GRA;Scontro laterale fra veicoli in marcia;Rotatoria;Due carreggiate;Asciutto;Asfaltata;Verticale ed orizzontale;Sereno;Normale;Buona;;0;0;0;3;12.4856;41.8103;-1;1;Autovettura privata;In marcia / fermata / arresto;Conducente;F;Illeso;0;;Utilizzato;Inesploso
5766512;12;03/01/2022 16:05:00;Strada Urbana;VIA LAURENTINA;da specificare;;;;rotatoria Tor Pagnotta dir. GRA;Scontro laterale fra veicoli in marcia;Rotatoria;Due carreggiate;Asciutto;Asfaltata;Verticale ed orizzontale;Sereno;Normale;Buona;;0;0;0;3;12.4856;41.8103;-1;2;Autovettura privata;In marcia / fermata / arresto;Conducente;M;Illeso;0;;Utilizzato;Inesploso
5766512;12;03/01/2022 16:05:00;Strada Urbana;VIA LAURENTINA;da specificare;;;;rotatoria Tor Pagnotta dir. GRA;Scontro laterale fra veicoli in marcia;Rotatoria;Due carreggiate;Asciutto;Asfaltata;Verticale ed orizzontale;Sereno;Normale;Buona;;0;0;0;3;12.4856;41.8103;-1;2;Autovettura privata;In marcia / fermata / arresto;Passeggero;M;Illeso;0;;Utilizzato;Inesploso
5766514;19;01/01/2022 16:45:00;Strada Urbana;VIA TRIONFALE;in corrispondenza;;del civico n.;11444;;Scontro laterale fra veicoli in marcia;Rettilineo;Una carreggiata a doppio senso;Asciutto;Asfaltata;Verticale ed orizzontale;Sereno;Scarso;Buona;;0;0;0;3;12.4332;41.9391;-1;1;Autovettura privata;In marcia / fermata / arresto;Conducente;M;Illeso;0;;Non accertato;Inesploso
5766514;19;01/01/2022 16:45:00;Strada Urbana;VIA TRIONFALE;in corrispondenza;;del civico n.;11444;;Scontro laterale fra veicoli in marcia;Rettilineo;Una carreggiata a doppio senso;Asciutto;Asfaltata;Verticale ed orizzontale;Sereno;Scarso;Buona;;0;0;0;3;12.4332;41.9391;-1;1;Autovettura privata;In marcia / fermata / arresto;Passeggero;M;Illeso;0;;Non accertato;Inesploso