Protocollo;Gruppo;DataOraIncidente;Localizzazione1;STRADA1;Localizzazione2;STRADA2;Strada02;Chilometrica;DaSpecificare;NaturaIncidente;particolaritastrade;TipoStrada;FondoStradale;Pavimentazione;Segnaletica;CondizioneAtmosferica;Traffico;Visibilita;Illuminazione;NUM_FERITI;NUM_RISERVATA;NUM_MORTI;NUM_ILLESI;Longitude;Latitude;Confermato;Progressivo;TipoVeicolo;StatoVeicolo;TipoPersona;Sesso;Tipolesione;Deceduto;DecedutoDopo;CinturaCascoUtilizzato;Airbag;
5770041;1;07/01/2022 07:25:00;Strada Urbana;VIA VENTI SETTEMBRE;da specificare;;;;pross. largo s. susanna;Scontro frontale fra veicoli in marcia;Rettilineo;Una carreggiata a senso unico di marcia;Asciutto;Asfaltata;Verticale ed orizzontale;Sereno;Normale;Buona;;0;0;0;2;12.496;41.9056;-1;1;Autovettura privata;In marcia / fermata / arresto;Conducente;M;Illeso;0;;;
5770041;1;07/01/2022 07:25:00;Strada Urbana;VIA VENTI SETTEMBRE;da specificare;;;;pross. largo s. susanna;Scontro frontale fra veicoli in marcia;Rettilineo;Una carreggiata a senso unico di marcia;Asciutto;Asfaltata;Verticale ed orizzontale;Sereno;Normale;Buona;;0;0;0;2;12.496;41.9056;-1;2;Autovettura privata;In marcia / fermata / arresto;Conducente;F;Illeso;0;;;
5770045;13;05/01/2022 10:45:00;Strada Urbana;VIA DI ACILIA;all'intersezione con;VIA GIANFILIPPO USELLINI;VIA GIANFILIPPO USELLINI;;;Scontro frontale/laterale SX fra veicoli in marcia;Incrocio;Una carreggiata a doppio senso;Asciutto;Asfaltata;Verticale ed orizzontale;Sereno;Normale;Buona;;1;0;0;1;12.3714;41.7737;-1;1;Autovettura privata;In marcia / fermata / arresto;Conducente;M;Rimandato;0;NON DECEDUTO;;
5770045;13;05/01/2022 10:45:00;Strada Urbana;VIA DI ACILIA;all'intersezione con;VIA GIANFILIPPO USELLINI;VIA GIANFILIPPO USELLINI;;;Scontro frontale/laterale SX fra veicoli in marcia;Incrocio;Una carreggiata a doppio senso;Asciutto;Asfaltata;Verticale ed orizzontale;Sereno;Normale;Buona;;1;0;0;1;12.3714;41.7737;-1;2;Autovettura privata;In marcia / fermata / arresto;Conducente;F;Illeso;0;;;
5770055;6;07/01/2022 10:00:00;Strada Urbana;VIA TOR DE' SCHIAVI;all'intersezione con;VIA FILIPPO SMALDONE;VIA FILIPPO SMALDONE;;;Scontro frontale/laterale DX fra veicoli in marcia;Incrocio;Più di due carreggiate;Asciutto;Asfaltata;Verticale ed orizzontale;Sereno;Scarso;Buona;;0;0;0;2;12.5641;41.8771;-1;1;Autovettura privata;In marcia / fermata / arresto;Conducente;M;Illeso;0;;Non accertato;Inesploso
5770055;6;07/01/2022 10:00:00;Strada Urbana;VIA TOR DE' SCHIAVI;all'intersezione con;VIA FILIPPO SMALDONE;VIA FILIPPO SMALDONE;;;Scontro frontale/laterale DX fra veicoli in marcia;Incrocio;Più di due carreggiate;Asciutto;Asfaltata;Verticale ed orizzontale;Sereno;Scarso;Buona;;0;0;0;2;12.5641;41.8771;-1;2;Autovettura privata;In marcia / fermata / arresto;Conducente;M;Illeso;0;;Non accertato;Inesploso
5770072;16;05/01/2022 09:00:00;Strada Urbana;VIA GIAN MATTEO GIBERTI;in corrispondenza;;del civico n.;63;;Veicolo in marcia contro veicolo in sosta;Rettilineo;Una carreggiata a senso unico di marcia;Asciutto;Asfaltata;Verticale ed orizzontale;Sereno;Normale;Buona;;0;0;0;1;12.4481;41.8679;-1;1;Autovettura privata;Sosta;;;;;;;
5770072;16;05/01/2022 09:00:00;Strada Urbana;VIA GIAN MATTEO GIBERTI;in corrispondenza;;del civico n.;63;;Veicolo in marcia contro veicolo in sosta;Rettilineo;Una carreggiata a senso unico di marcia;Asciutto;Asfaltata;Verticale ed orizzontale;Sereno;Normale;Buona;;0;0;0;1;12.4481;41.8679;-1;2;Autovettura privata;In marcia / fermata / arresto;Conducente;M;Illeso;0;;Non accertato;Inesploso
5770076;4;06/01/2022 11:25:00;Statale;VIA SALARIA;in prossimità;;del civico n.;2151;;Veicolo in marcia contro ostacolo accidentale;Rettilineo;Una carreggiata a doppio senso;Bagnato (umidità in atto);Asfaltata;Verticale ed orizzontale;Sereno;Normale;Buona;;0;0;0;1;12.5726;42.051;-1;1;Autovettura privata;In marcia / fermata / arresto;Conducente;M;Illeso;0;;Non accertato;Inesploso
5770090;1;05/01/2022 14:05:00;Strada Urbana;VIA CALABRIA;in prossimità;;del civico n.;2;;Scontro laterale fra veicoli in marcia;Rettilineo;Una carreggiata a senso unico di marcia;Asciutto;Asfaltata;Verticale ed orizzontale;Sereno;Scarso;Buona;;0;0;0;3;12.498;41.9101;-1;1;Autovettura privata;In marcia / fermata / arresto;Conducente;F;Illeso;0;;;
5770090;1;05/01/2022 14:05:00;Strada Urbana;VIA CALABRIA;in prossimità;;del civico n.;2;;Scontro laterale fra veicoli in marcia;Rettilineo;Una carreggiata a senso unico di marcia;Asciutto;Asfaltata;Verticale ed orizzontale;Sereno;Scarso;Buona;;0;0;0;3;12.498;41.9101;-1;2;Motociclo con passeggero;In marcia / fermata / arresto;Conducente;F;Illeso;0;;;
5770090;1;05/01/2022 14:05:00;Strada Urbana;VIA CALABRIA;in prossimità;;del civico n.;2;;Scontro laterale fra veicoli in marcia;Rettilineo;Una carreggiata a senso unico di marcia;Asciutto;Asfaltata;Verticale ed orizzontale;Sereno;Scarso;Buona;;0;0;0;3;12.498;41.9101;-1;2;Motociclo con passeggero;In marcia / fermata / arresto;Passeggero;M;Illeso;0;;;
5770119;16;05/01/2022 20:00:00;Strada Urbana;VIA LEONE XIII;in prossimità;;del palo luce n.;94;;Veicolo in marcia contro veicolo in sosta;Rettilineo;Due carreggiate;Asciutto;Asfaltata;Verticale ed orizzontale;Sereno;Normale;Sufficiente;;1;0;0;0;12.4404;41.8869;-1;1;Autovettura privata;In marcia / fermata / arresto;Conducente;M;Rimandato;0;NON DECEDUTO;Non accertato;
5770119;16;05/01/2022 20:00:00;Strada Urbana;VIA LEONE XIII;in prossimità;;del palo luce n.;94;;Veicolo in marcia contro veicolo in sosta;Rettilineo;Due carreggiate;Asciutto;Asfaltata;Verticale ed orizzontale;Sereno;Normale;Sufficiente;;1;0;0;0;12.4404;41.8869;-1;2;Motrice;Sosta;;;;;;;
5770153;16;06/01/2022 00:20:00;;VIA DELLA CONSOLATA;in corrispondenza;;del palo luce n.;20;;Veicolo in marcia contro ostacolo fisso;;;;;;;;;;1;0;0;0;12.4217;41.8767;0;1;Autovettura privata;In marcia / fermata / arresto;Conducente;F;Rimandato;0;NON DECEDUTO;;
5770155;1;05/01/2022 21:30:00;Strada Urbana;PIAZZA DI PORTA S. GIOVANNI;all'intersezione semaforizzata con;VIA EMANUELE FILIBERTO;VIA EMANUELE FILIBERTO;;;Scontro laterale fra veicoli in marcia;Rotatoria;Una carreggiata a doppio senso;Bagnato (pioggia);Asfaltata;Verticale ed orizzontale;Nuvoloso;Normale;Sufficiente;;0;0;0;3;12.5089;41.8862;-1;1;Autovettura privata;In marcia / fermata / arresto;Conducente;F;Illeso;0;;;
5770155;1;05/01/2022 21:30:00;Strada Urbana;PIAZZA DI PORTA S. GIOVANNI;all'intersezione semaforizzata con;VIA EMANUELE FILIBERTO;VIA EMANUELE FILIBERTO;;;Scontro laterale fra veicoli in marcia;Rotatoria;Una carreggiata a doppio senso;Bagnato (pioggia);Asfaltata;Verticale ed orizzontale;Nuvoloso;Normale;Sufficiente;;0;0;0;3;12.5089;41.8862;-1;2;Autovettura privata;In marcia / fermata / arresto;Conducente;M;Illeso;0;;;
5770155;1;05/01/2022 21:30:00;Strada Urbana;PIAZZA DI PORTA S. GIOVANNI;all'intersezione semaforizzata con;VIA EMANUELE FILIBERTO;VIA EMANUELE FILIBERTO;;;Scontro laterale fra veicoli in marcia;Rotatoria;Una carreggiata a doppio senso;Bagnato (pioggia);Asfaltata;Verticale ed orizzontale;Nuvoloso;Normale;Sufficiente;;0;0;0;3;12.5089;41.8862;-1;2;Autovettura privata;In marcia / fermata / arresto;Passeggero;M;Illeso;0;;;
5770156;17;05/01/2022 00:05:00;Strada Urbana;VIA GIOVANNI BETTOLO;da specificare;;;;fronte civico 52;Veicolo in marcia contro veicolo in sosta;Rettilineo;Una carreggiata a senso unico di marcia;Asciutto;Asfaltata;Orizzontale;Sereno;Scarso;Buona;;0;0;0;1;12.4566;41.9118;-1;1;Autovettura privata;In marcia / fermata / arresto;Conducente;M;Illeso;0;;;
5770156;17;05/01/2022 00:05:00;Strada Urbana;VIA GIOVANNI BETTOLO;da specificare;;;;fronte civico 52;Veicolo in marcia contro veicolo in sosta;Rettilineo;Una carreggiata a senso unico di marcia;Asciutto;Asfaltata;Orizzontale;Sereno;Scarso;Buona;;0;0;0;1;12.4566;41.9118;-1;2;Autovettura privata;Sosta;;;;;;;
5770176;13;05/01/2022 21:20:00;Strada Urbana;VIA ALESSANDRO PIOLA CASELLI;in corrispondenza;;del civico n.;121;;Veicolo in marcia contro veicoli in sosta;Rettilineo;Una carreggiata a doppio senso;Asciutto;Asfaltata;Orizzontale;Nuvoloso;Normale;Buona;;0;0;0;3;12.2853;41.7381;-1;1;Autovettura privata;In marcia / fermata / arresto;Conducente;M;Illeso;0;;Non accertato;Inesploso
5770176;13;05/01/2022 21:20:00;Strada Urbana;VIA ALESSANDRO PIOLA CASELLI;in corrispondenza;;del civico n.;121;;Veicolo in marcia contro veicoli in sosta;Rettilineo;Una carreggiata a doppio senso;Asciutto;Asfaltata;Orizzontale;Nuvoloso;Normale;Buona;;0;0;0;3;12.2853;41.7381;-1;2;Autovettura privata;In marcia / fermata / arresto;Conducente;F;Illeso;0;;Non accertato;Inesploso
5770176;13;05/01/2022 21:20:00;Strada Urbana;VIA ALESSANDRO PIOLA CASELLI;in corrispondenza;;del civico n.;121;;Veicolo in marcia contro veicoli in sosta;Rettilineo;Una carreggiata a doppio senso;Asciutto;Asfaltata;Orizzontale;Nuvoloso;Normale;Buona;;0;0;0;3;12.2853;41.7381;-1;2;Autovettura privata;In marcia / fermata / arresto;Passeggero;F;Illeso;0;;Non accertato;Inesploso
5770176;13;05/01/2022 21:20:00;Strada Urbana;VIA ALESSANDRO PIOLA CASELLI;in corrispondenza;;del civico n.;121;;Veicolo in marcia contro veicoli in sosta;Rettilineo;Una carreggiata a doppio senso;Asciutto;Asfaltata;Orizzontale;Nuvoloso;Normale;Buona;;0;0;0;3;12.2853;41.7381;-1;3;Autovettura privata;Sosta;;;;;;;
5770176;13;05/01/2022 21:20:00;Strada Urbana;VIA ALESSANDRO PIOLA CASELLI;in corrispondenza;;del civico n.;121;;Veicolo in marcia contro veicoli in sosta;Rettilineo;Una carreggiata a doppio senso;Asciutto;Asfaltata;Orizzontale;Nuvoloso;Normale;Buona;;0;0;0;3;12.2853;41.7381;-1;4;Autovettura privata;Sosta;;;;;;;
5770176;13;05/01/2022 21:20:00;Strada Urbana;VIA ALESSANDRO PIOLA CASELLI;in corrispondenza;;del civico n.;121;;Veicolo in marcia contro veicoli in sosta;Rettilineo;Una carreggiata a doppio senso;Asciutto;Asfaltata;Orizzontale;Nuvoloso;Normale;Buona;;0;0;0;3;12.2853;41.7381;-1;5;Autovettura privata;Sosta;;;;;;;
5770176;13;05/01/2022 21:20:00;Strada Urbana;VIA ALESSANDRO PIOLA CASELLI;in corrispondenza;;del civico n.;121;;Veicolo in marcia contro veicoli in sosta;Rettilineo;Una carreggiata a doppio senso;Asciutto;Asfaltata;Orizzontale;Nuvoloso;Normale;Buona;;0;0;0;3;12.2853;41.7381;-1;6;Autovettura privata;Sosta;;;;;;;
5770194;1;05/01/2022 16:20:00;Strada Urbana;VIALE MARCO POLO;all'intersezione semaforizzata con;VIA ALVISE CADAMOSTO;VIA ALVISE CADAMOSTO;;;Scontro laterale fra veicoli in marcia;Intersezione semaforizzata;Due carreggiate;Asciutto;Asfaltata;Verticale ed orizzontale;Nuvoloso;Normale;Buona;;0;0;0;2;12.4893;41.8728;-1;1;Autovettura privata;In marcia / fermata / arresto;Conducente;F;Illeso;0;;Non accertato;Inesploso
5770194;1;05/01/2022 16:20:00;Strada Urbana;VIALE MARCO POLO;all'intersezione semaforizzata con;VIA ALVISE CADAMOSTO;VIA ALVISE CADAMOSTO;;;Scontro laterale fra veicoli in marcia;Intersezione semaforizzata;Due carreggiate;Asciutto;Asfaltata;Verticale ed orizzontale;Nuvoloso;Normale;Buona;;0;0;0;2;12.4893;41.8728;-1;2;Autovettura privata;In marcia / fermata / arresto;Conducente;F;Illeso;0;;Non accertato;Inesploso
5770194;1;05/01/2022 16:20:00;Strada Urbana;VIALE MARCO POLO;all'intersezione semaforizzata con;VIA ALVISE CADAMOSTO;VIA ALVISE CADAMOSTO;;;Scontro laterale fra veicoli in marcia;Intersezione semaforizzata;Due carreggiate;Asciutto;Asfaltata;Verticale ed orizzontale;Nuvoloso;Normale;Buona;;0;0;0;2;12.4893;41.8728;-1;3;Autovettura privata;In marcia / fermata / arresto;;;;;;;
5770195;10;07/01/2022 11:30:00;Strada Urbana;VIA TUSCOLANA;all'intersezione con;VIA PONZIO COMINIO;VIA PONZIO COMINIO;;;Scontro laterale fra veicoli in marcia;Incrocio;Due carreggiate;Asciutto;Asfaltata;Verticale ed orizzontale;Sereno;Normale;Buona;;0;0;0;3;12.5923;41.8396;-1;1;Autovettura privata;In marcia / fermata / arresto;Conducente;M;Illeso;0;;;Inesploso
5770195;10;07/01/2022 11:30:00;Strada Urbana;VIA TUSCOLANA;all'intersezione con;VIA PONZIO COMINIO;VIA PONZIO COMINIO;;;Scontro laterale fra veicoli in marcia;Incrocio;Due carreggiate;Asciutto;Asfaltata;Verticale ed orizzontale;Sereno;Normale;Buona;;0;0;0;3;12.5923;41.8396;-1;2;Autovettura privata;In marcia / fermata / arresto;Conducente;M;Illeso;0;;;Inesploso
5770195;10;07/01/2022 11:30:00;Strada Urbana;VIA TUSCOLANA;all'intersezione con;VIA PONZIO COMINIO;VIA PONZIO COMINIO;;;Scontro laterale fra veicoli in marcia;Incrocio;Due carreggiate;Asciutto;Asfaltata;Verticale ed orizzontale;Sereno;Normale;Buona;;0;0;0;3;12.5923;41.8396;-1;2;Autovettura privata;In marcia / fermata / arresto;Passeggero;F;Illeso;0;;;Inesploso
5770219;13;05/01/2022 10:55:00;Strada Urbana;VIALE DI CASTEL PORZIANO;all'intersezione con;VIA ORAZIO VECCHI;VIA ORAZIO VECCHI;;;Veicolo in marcia contro veicolo in sosta;Incrocio;Una carreggiata a doppio senso;Asciutto;Asfaltata;Assente;Sereno;Scarso;Buona;;0;0;0;0;12.3556;41.7333;-1;1;Autovettura privata;Sosta;;;;;;;
5770219;13;05/01/2022 10:55:00;Strada Urbana;VIALE DI CASTEL PORZIANO;all'intersezione con;VIA ORAZIO VECCHI;VIA ORAZIO VECCHI;;;Veicolo in marcia contro veicolo in sosta;Incrocio;Una carreggiata a doppio senso;Asciutto;Asfaltata;Assente;Sereno;Scarso;Buona;;0;0;0;0;12.3556;41.7333;-1;2;Autovettura privata;Allontanatosi;;;;;;;
5770224;4;06/01/2022 08:30:00;Statale entro l'abitato;VIA SALARIA;in prossimità;;del civico n.;825;;Scontro laterale fra veicoli in marcia;Rettilineo;Due carreggiate;Asciutto;Asfaltata;Verticale ed orizzontale;Nuvoloso;Scarso;Buona;;0;0;0;2;12.5056;41.9545;-1;1;Autovettura privata;In marcia / fermata / arresto;Conducente;M;Illeso;0;;;
5770224;4;06/01/2022 08:30:00;Statale entro l'abitato;VIA SALARIA;in prossimità;;del civico n.;825;;Scontro laterale fra veicoli in marcia;Rettilineo;Due carreggiate;Asciutto;Asfaltata;Verticale ed orizzontale;Nuvoloso;Scarso;Buona;;0;0;0;2;12.5056;41.9545;-1;2;Autovettura privata;In marcia / fermata / arresto;Conducente;M;Illeso;0;;;
5770228;6;07/01/2022 11:55:00;Strada Urbana;VIA CASILINA;in prossimità;;del civico n.;641;;Scontro frontale/laterale DX fra veicoli in marcia;Rettilineo;Due carreggiate;Asciutto;Asfaltata;Verticale ed orizzontale;Sereno;Scarso;Buona;;1;0;0;0;12.5483;41.8781;0;1;Autovettura privata;In marcia / fermata / arresto;Conducente;M;Rimandato;0;NON DECEDUTO;Non accertato;Inesploso
5770228;6;07/01/2022 11:55:00;Strada Urbana;VIA CASILINA;in prossimità;;del civico n.;641;;Scontro frontale/laterale DX fra veicoli in marcia;Rettilineo;Due carreggiate;Asciutto;Asfaltata;Verticale ed orizzontale;Sereno;Scarso;Buona;;1;0;0;0;12.5483;41.8781;0;2;Autocarro inferiore 35 q.;Allontanatosi;;;;;;;
5770258;4;06/01/2022 14:40:00;Strada Urbana;PIAZZA CIVITELLA PAGANICO;all'intersezione con;VIA FILIPPO ANTONIO GUALTERIO;VIA FILIPPO ANTONIO GUALTERIO;;;Scontro frontale/laterale SX fra veicoli in marcia;Rotatoria;Una carreggiata a senso unico di marcia;Asciutto;Asfaltata;Verticale ed orizzontale;Sereno;Normale;Buona;;1;0;0;4;12.5159;41.9517;-1;1;Motociclo a solo;In marcia / fermata / arresto;Conducente;F;Rifiuta cure immediate;0;NON DECEDUTO;;
5770258;4;06/01/2022 14:40:00;Strada Urbana;PIAZZA CIVITELLA PAGANICO;all'intersezione con;VIA FILIPPO ANTONIO GUALTERIO;VIA FILIPPO ANTONIO GUALTERIO;;;Scontro frontale/laterale SX fra veicoli in marcia;Rotatoria;Una carreggiata a senso unico di marcia;Asciutto;Asfaltata;Verticale ed orizzontale;Sereno;Normale;Buona;;1;0;0;4;12.5159;41.9517;-1;2;Autovettura privata;In marcia / fermata / arresto;Conducente;M;Illeso;0;;;
5770258;4;06/01/2022 14:40:00;Strada Urbana;PIAZZA CIVITELLA PAGANICO;all'intersezione con;VIA FILIPPO ANTONIO GUALTERIO;VIA FILIPPO ANTONIO GUALTERIO;;;Scontro frontale/laterale SX fra veicoli in marcia;Rotatoria;Una carreggiata a senso unico di marcia;Asciutto;Asfaltata;Verticale ed orizzontale;Sereno;Normale;Buona;;1;0;0;4;12.5159;41.9517;-1;2;Autovettura privata;In marcia / fermata / arresto;Passeggero;F;Illeso;0;;;
5770258;4;06/01/2022 14:40:00;Strada Urbana;PIAZZA CIVITELLA PAGANICO;all'intersezione con;VIA FILIPPO ANTONIO GUALTERIO;VIA FILIPPO ANTONIO GUALTERIO;;;Scontro frontale/laterale SX fra veicoli in marcia;Rotatoria;Una carreggiata a senso unico di marcia;Asciutto;Asfaltata;Verticale ed orizzontale;Sereno;Normale;Buona;;1;0;0;4;12.5159;41.9517;-1;2;Autovettura privata;In marcia / fermata / arresto;Passeggero;M;Illeso;0;;;
5770258;4;06/01/2022 14:40:00;Strada Urbana;PIAZZA CIVITELLA PAGANICO;all'intersezione con;VIA FILIPPO ANTONIO GUALTERIO;VIA FILIPPO ANTONIO GUALTERIO;;;Scontro frontale/laterale SX fra veicoli in marcia;Rotatoria;Una carreggiata a senso unico di marcia;Asciutto;Asfaltata;Verticale ed orizzontale;Sereno;Normale;Buona;;1;0;0;4;12.5159;41.9517;-1;2;Autovettura privata;In marcia / fermata / arresto;Passeggero;M;Illeso;0;;;
5770259;4;05/01/2022 19:40:00;Strada Urbana;VIA NOMENTANA;all'intersezione con;VIA VAL CHISONE;VIA VAL CHISONE;;;Investimento di pedone;Intersezione semaforizzata;Una carreggiata a doppio senso;Bagnato (umidità in atto);Asfaltata;Verticale ed orizzontale;Nuvoloso;Normale;Buona;;1;0;0;1;12.5737;41.959;-1;;;;Pedone;M;Rimandato;0;NON DECEDUTO;;
5770259;4;05/01/2022 19:40:00;Strada Urbana;VIA NOMENTANA;all'intersezione con;VIA VAL CHISONE;VIA VAL CHISONE;;;Investimento di pedone;Intersezione semaforizzata;Una carreggiata a doppio senso;Bagnato (umidità in atto);Asfaltata;Verticale ed orizzontale;Nuvoloso;Normale;Buona;;1;0;0;1;12.5737;41.959;-1;1;Motociclo a solo;In marcia / fermata / arresto;Conducente;M;Illeso;0;;;
5770291;4;06/01/2022 22:15:00;Strada Urbana;VIA NOMENTANA;in corrispondenza;;del civico n.;992;;Tamponamento Multiplo;Rettilineo;Una carreggiata a doppio senso;Asciutto;Asfaltata;Verticale ed orizzontale;Sereno;Normale;Sufficiente;;0;0;0;4;12.5657;41.9462;-1;1;Autovettura privata;In marcia / fermata / arresto;Conducente;M;Illeso;0;;Utilizzato;Inesploso
5770291;4;06/01/2022 22:15:00;Strada Urbana;VIA NOMENTANA;in corrispondenza;;del civico n.;992;;Tamponamento Multiplo;Rettilineo;Una carreggiata a doppio senso;Asciutto;Asfaltata;Verticale ed orizzontale;Sereno;Normale;Sufficiente;;0;0;0;4;12.5657;41.9462;-1;1;Autovettura privata;In marcia / fermata / arresto;Passeggero;M;Illeso;0;;Non accertato;Inesploso
5770291;4;06/01/2022 22:15:00;Strada Urbana;VIA NOMENTANA;in corrispondenza;;del civico n.;992;;Tamponamento Multiplo;Rettilineo;Una carreggiata a doppio senso;Asciutto;Asfaltata;Verticale ed orizzontale;Sereno;Normale;Sufficiente;;0;0;0;4;12.5657;41.9462;-1;2;Autovettura privata;In marcia / fermata / arresto;Conducente;M;Illeso;0;;Non accertato;Inesploso
5770291;4;06/01/2022 22:15:00;Strada Urbana;VIA NOMENTANA;in corrispondenza;;del civico n.;992;;Tamponamento Multiplo;Rettilineo;Una carreggiata a doppio senso;Asciutto;Asfaltata;Verticale ed orizzontale;Sereno;Normale;Sufficiente;;0;0;0;4;12.5657;41.9462;-1;3;Autovettura privata;In marcia / fermata / arresto;Conducente;M;Illeso;0;;Non accertato;Inesploso
5770298;15;07/01/2022 12:30:00;Strada Urbana;VIA DELLA MAGLIANA;all'intersezione con;VIA DI GENEROSA;VIA DI GENEROSA;;;Scontro frontale/laterale SX fra veicoli in marcia;Intersezione non regolata/non segnalata;Una carreggiata a doppio senso;Asciutto;Asfaltata;Verticale ed orizzontale;Sereno;Normale;Buona;;0;0;0;5;12.4196;41.8317;-1;1;Autovettura privata;In marcia / fermata / arresto;Conducente;M;Illeso;0;;Non accertato;Inesploso
5770298;15;07/01/2022 12:30:00;Strada Urbana;VIA DELLA MAGLIANA;all'intersezione con;VIA DI GENEROSA;VIA DI GENEROSA;;;Scontro frontale/laterale SX fra veicoli in marcia;Intersezione non regolata/non segnalata;Una carreggiata a doppio senso;Asciutto;Asfaltata;Verticale ed orizzontale;Sereno;Normale;Buona;;0;0;0;5;12.4196;41.8317;-1;2;Autovettura privata;In marcia / fermata / arresto;Conducente;F;Illeso;0;;Non accertato;Inesploso
5770298;15;07/01/2022 12:30:00;Strada Urbana;VIA DELLA MAGLIANA;all'intersezione con;VIA DI GENEROSA;VIA DI GENEROSA;;;Scontro frontale/laterale SX fra veicoli in marcia;Intersezione non regolata/non segnalata;Una carreggiata a doppio senso;Asciutto;Asfaltata;Verticale ed orizzontale;Sereno;Normale;Buona;;0;0;0;5;12.4196;41.8317;-1;2;Autovettura privata;In marcia / fermata / arresto;Passeggero;M;Illeso;0;;Non accertato;Inesploso
5770298;15;07/01/2022 12:30:00;Strada Urbana;VIA DELLA MAGLIANA;all'intersezione con;VIA DI GENEROSA;VIA DI GENEROSA;;;Scontro frontale/laterale SX fra veicoli in marcia;Intersezione non regolata/non segnalata;Una carreggiata a doppio senso;Asciutto;Asfaltata;Verticale ed orizzontale;Sereno;Normale;Buona;;0;0;0;5;12.4196;41.8317;-1;2;Autovettura privata;In marcia / fermata / arresto;Passeggero;M;Illeso;0;;Non accertato;
5770298;15;07/01/2022 12:30:00;Strada Urbana;VIA DELLA MAGLIANA;all'intersezione con;VIA DI GENEROSA;VIA DI GENEROSA;;;Scontro frontale/laterale SX fra veicoli in marcia;Intersezione non regolata/non segnalata;Una carreggiata a doppio senso;Asciutto;Asfaltata;Verticale ed orizzontale;Sereno;Normale;Buona;;0;0;0;5;12.4196;41.8317;-1;2;Autovettura privata;In marcia / fermata / arresto;Passeggero;M;Illeso;0;;Non accertato;
5770304;1;07/01/2022 11:45:00;Strada Urbana;VIA MARMORATA;in corrispondenza;;del civico n.;93;;Investimento di pedone;Rettilineo;Una carreggiata a doppio senso;Asciutto;Asfaltata;Verticale ed orizzontale;Sereno;Normale;Buona;;1;0;0;1;12.478;41.88;-1;;;;Pedone;M;Rimandato;0;NON DECEDUTO;;
5770304;1;07/01/2022 11:45:00;Strada Urbana;VIA MARMORATA;in corrispondenza;;del civico n.;93;;Investimento di pedone;Rettilineo;Una carreggiata a doppio senso;Asciutto;Asfaltata;Verticale ed orizzontale;Sereno;Normale;Buona;;1;0;0;1;12.478;41.88;-1;1;Motociclo a solo;In marcia / fermata / arresto;Conducente;M;Illeso;0;;;
5770343;1;05/01/2022 17:20:00;Strada Urbana;VIA CRISTOFORO COLOMBO;da specificare;;;;pross. viale di porta ardeatina;Tamponamento;;Una carreggiata a doppio senso;Bagnato (pioggia);Asfaltata;Verticale ed orizzontale;Nuvoloso;Normale;Buona;;0;0;0;1;12.4964;41.8712;0;1;Autovettura privata;In marcia / fermata / arresto;Conducente;M;Illeso;0;;;
5770343;1;05/01/2022 17:20:00;Strada Urbana;VIA CRISTOFORO COLOMBO;da specificare;;;;pross. viale di porta ardeatina;Tamponamento;;Una carreggiata a doppio senso;Bagnato (pioggia);Asfaltata;Verticale ed orizzontale;Nuvoloso;Normale;Buona;;0;0;0;1;12.4964;41.8712;0;2;Autocarro inferiore 35 q.;In marcia / fermata / arresto;;;;;;;
5770367;16;07/01/2022 10:40:00;Strada Urbana;VIA DI MONTE VERDE;all'intersezione con;PIAZZALE ENRICO DUNANT;PIAZZALE ENRICO DUNANT;;;Scontro laterale fra veicoli in marcia;Intersezione stradale segnalata;Una carreggiata a senso unico di marcia;Asciutto;Asfaltata;Verticale ed orizzontale;Sereno;Normale;Buona;;0;0;0;4;12.4492;41.8712;-1;1;Autovettura privata;In marcia / fermata / arresto;Conducente;M;Illeso;0;;Non accertato;Inesploso
5770367;16;07/01/2022 10:40:00;Strada Urbana;VIA DI MONTE VERDE;all'intersezione con;PIAZZALE ENRICO DUNANT;PIAZZALE ENRICO DUNANT;;;Scontro laterale fra veicoli in marcia;Intersezione stradale segnalata;Una carreggiata a senso unico di marcia;Asciutto;Asfaltata;Verticale ed orizzontale;Sereno;Normale;Buona;;0;0;0;4;12.4492;41.8712;-1;1;Autovettura privata;In marcia / fermata / arresto;Passeggero;F;Illeso;0;;Non accertato;Inesploso
5770367;16;07/01/2022 10:40:00;Strada Urbana;VIA DI MONTE VERDE;all'intersezione con;PIAZZALE ENRICO DUNANT;PIAZZALE ENRICO DUNANT;;;Scontro laterale fra veicoli in marcia;Intersezione stradale segnalata;Una carreggiata a senso unico di marcia;Asciutto;Asfaltata;Verticale ed orizzontale;Sereno;Normale;Buona;;0;0;0;4;12.4492;41.8712;-1;1;Autovettura privata;In marcia / fermata / arresto;Passeggero;F;Illeso;0;;Non accertato;Inesploso
5770367;16;07/01/2022 10:40:00;Strada Urbana;VIA DI MONTE VERDE;all'intersezione con;PIAZZALE ENRICO DUNANT;PIAZZALE ENRICO DUNANT;;;Scontro laterale fra veicoli in marcia;Intersezione stradale segnalata;Una carreggiata a senso unico di marcia;Asciutto;Asfaltata;Verticale ed orizzontale;Sereno;Normale;Buona;;0;0;0;4;12.4492;41.8712;-1;2;Autovettura privata;In marcia / fermata / arresto;Conducente;M;Illeso;0;;Non accertato;Inesploso