Protocollo;Gruppo;DataOraIncidente;Localizzazione1;STRADA1;Localizzazione2;STRADA2;Strada02;Chilometrica;DaSpecificare;NaturaIncidente;particolaritastrade;TipoStrada;FondoStradale;Pavimentazione;Segnaletica;CondizioneAtmosferica;Traffico;Visibilita;Illuminazione;NUM_FERITI;NUM_RISERVATA;NUM_MORTI;NUM_ILLESI;Longitude;Latitude;Confermato;Progressivo;TipoVeicolo;StatoVeicolo;TipoPersona;Sesso;Tipolesione;Deceduto;DecedutoDopo;CinturaCascoUtilizzato;Airbag;
5772929;16;07/01/2022 13:20:00;Strada Urbana;C.NE GIANICOLENSE;in prossimità;;del civico n.;10;;Tamponamento;Rettilineo;Più di due carreggiate;Asciutto;Asfaltata;Verticale ed orizzontale;Sereno;Normale;Buona;;0;0;0;7;12.4648;41.8738;-1;1;Autovettura privata;In marcia / fermata / arresto;Passeggero;F;Illeso;0;;Non accertato;Inesploso
5772929;16;07/01/2022 13:20:00;Strada Urbana;C.NE GIANICOLENSE;in prossimità;;del civico n.;10;;Tamponamento;Rettilineo;Più di due carreggiate;Asciutto;Asfaltata;Verticale ed orizzontale;Sereno;Normale;Buona;;0;0;0;7;12.4648;41.8738;-1;1;Autovettura privata;In marcia / fermata / arresto;Passeggero;M;Illeso;0;;Non accertato;Inesploso
5772929;16;07/01/2022 13:20:00;Strada Urbana;C.NE GIANICOLENSE;in prossimità;;del civico n.;10;;Tamponamento;Rettilineo;Più di due carreggiate;Asciutto;Asfaltata;Verticale ed orizzontale;Sereno;Normale;Buona;;0;0;0;7;12.4648;41.8738;-1;1;Autovettura privata;In marcia / fermata / arresto;Passeggero;M;Illeso;0;;Non accertato;Inesploso
5772929;16;07/01/2022 13:20:00;Strada Urbana;C.NE GIANICOLENSE;in prossimità;;del civico n.;10;;Tamponamento;Rettilineo;Più di due carreggiate;Asciutto;Asfaltata;Verticale ed orizzontale;Sereno;Normale;Buona;;0;0;0;7;12.4648;41.8738;-1;2;Autovettura privata;In marcia / fermata / arresto;Conducente;F;Illeso;0;;Non accertato;Inesploso
5772929;16;07/01/2022 13:20:00;Strada Urbana;C.NE GIANICOLENSE;in prossimità;;del civico n.;10;;Tamponamento;Rettilineo;Più di due carreggiate;Asciutto;Asfaltata;Verticale ed orizzontale;Sereno;Normale;Buona;;0;0;0;7;12.4648;41.8738;-1;2;Autovettura privata;In marcia / fermata / arresto;Passeggero;F;Illeso;0;;Non accertato;Inesploso
5772929;16;07/01/2022 13:20:00;Strada Urbana;C.NE GIANICOLENSE;in prossimità;;del civico n.;10;;Tamponamento;Rettilineo;Più di due carreggiate;Asciutto;Asfaltata;Verticale ed orizzontale;Sereno;Normale;Buona;;0;0;0;7;12.4648;41.8738;-1;2;Autovettura privata;In marcia / fermata / arresto;Passeggero;M;Illeso;0;;Non accertato;Inesploso
5772931;19;09/01/2022 15:40:00;Strada Urbana;VIA UGO DE CAROLIS;in prossimità;;del civico n.;83;;Veicolo in marcia contro veicoli in sosta;Rettilineo;Una carreggiata a doppio senso;Bagnato (umidità in atto);Asfaltata;Orizzontale;Nuvoloso;Scarso;Buona;;0;0;0;1;12.4393;41.917;-1;1;Motociclo a solo;Sosta;;;;;;;
5772931;19;09/01/2022 15:40:00;Strada Urbana;VIA UGO DE CAROLIS;in prossimità;;del civico n.;83;;Veicolo in marcia contro veicoli in sosta;Rettilineo;Una carreggiata a doppio senso;Bagnato (umidità in atto);Asfaltata;Orizzontale;Nuvoloso;Scarso;Buona;;0;0;0;1;12.4393;41.917;-1;2;Autovettura privata;In marcia / fermata / arresto;Conducente;M;Illeso;0;;;
5772931;19;09/01/2022 15:40:00;Strada Urbana;VIA UGO DE CAROLIS;in prossimità;;del civico n.;83;;Veicolo in marcia contro veicoli in sosta;Rettilineo;Una carreggiata a doppio senso;Bagnato (umidità in atto);Asfaltata;Orizzontale;Nuvoloso;Scarso;Buona;;0;0;0;1;12.4393;41.917;-1;3;Autovettura privata;Sosta;;;;;;;
5772974;19;08/01/2022 17:25:00;Strada Urbana;GALLERIA GIOVANNI XXIII;da specificare;;;;KM 1600;Veicolo in marcia contro ostacolo fisso;Curva a visuale libera;Una carreggiata a senso unico di marcia;Asciutto;Asfaltata;Verticale ed orizzontale;Sereno;Normale;Buona;;0;0;0;1;12.4411;41.9404;-1;1;Autovettura privata;In marcia / fermata / arresto;Conducente;M;Illeso;0;;Non accertato;Inesploso
5772975;16;07/01/2022 16:45:00;Strada Urbana;VIA VINCENZO MONTI;in prossimità;;del civico n.;39;;Veicolo in marcia contro veicoli in sosta;Rettilineo;Una carreggiata a senso unico di marcia;Asciutto;Asfaltata;Verticale ed orizzontale;Sereno;Normale;Sufficiente;;0;0;0;1;12.4597;41.8738;-1;1;Autovettura privata;In marcia / fermata / arresto;Conducente;F;Illeso;0;;Non accertato;Inesploso
5772975;16;07/01/2022 16:45:00;Strada Urbana;VIA VINCENZO MONTI;in prossimità;;del civico n.;39;;Veicolo in marcia contro veicoli in sosta;Rettilineo;Una carreggiata a senso unico di marcia;Asciutto;Asfaltata;Verticale ed orizzontale;Sereno;Normale;Sufficiente;;0;0;0;1;12.4597;41.8738;-1;2;Autovettura privata;Sosta;;;;;;;
5772975;16;07/01/2022 16:45:00;Strada Urbana;VIA VINCENZO MONTI;in prossimità;;del civico n.;39;;Veicolo in marcia contro veicoli in sosta;Rettilineo;Una carreggiata a senso unico di marcia;Asciutto;Asfaltata;Verticale ed orizzontale;Sereno;Normale;Sufficiente;;0;0;0;1;12.4597;41.8738;-1;3;Autovettura privata;Sosta;;;;;;;
5773006;9;10/01/2022 06:30:00;Strada Urbana;PIAZZA DEI RE DI ROMA;all'intersezione semaforizzata con;VIA AOSTA;VIA AOSTA;;;Scontro laterale fra veicoli in marcia;Rotatoria;Una carreggiata a senso unico di marcia;Asciutto;Asfaltata;Verticale ed orizzontale;Sereno;Intenso;Buona;;0;0;0;2;12.5145;41.8825;-1;1;Autovettura privata;In marcia / fermata / arresto;Conducente;F;Illeso;0;;Non accertato;Inesploso
5773006;9;10/01/2022 06:30:00;Strada Urbana;PIAZZA DEI RE DI ROMA;all'intersezione semaforizzata con;VIA AOSTA;VIA AOSTA;;;Scontro laterale fra veicoli in marcia;Rotatoria;Una carreggiata a senso unico di marcia;Asciutto;Asfaltata;Verticale ed orizzontale;Sereno;Intenso;Buona;;0;0;0;2;12.5145;41.8825;-1;2;Autovettura privata;In marcia / fermata / arresto;Conducente;M;Illeso;0;;Non accertato;Inesploso
5773011;17;09/01/2022 02:15:00;Strada Urbana;LUNGOTEVERE DEI VALLATI;all'intersezione con;VIA DEL MELANGOLO;VIA DEL MELANGOLO;;;Scontro laterale fra veicoli in marcia;Incrocio;Una carreggiata a senso unico di marcia;Asciutto;Asfaltata;Verticale ed orizzontale;Sereno;Scarso;Sufficiente;;0;0;0;5;12.4739;41.8917;-1;1;Autovettura privata;In marcia / fermata / arresto;Conducente;M;Illeso;0;;;
5773011;17;09/01/2022 02:15:00;Strada Urbana;LUNGOTEVERE DEI VALLATI;all'intersezione con;VIA DEL MELANGOLO;VIA DEL MELANGOLO;;;Scontro laterale fra veicoli in marcia;Incrocio;Una carreggiata a senso unico di marcia;Asciutto;Asfaltata;Verticale ed orizzontale;Sereno;Scarso;Sufficiente;;0;0;0;5;12.4739;41.8917;-1;1;Autovettura privata;In marcia / fermata / arresto;Passeggero;M;Illeso;0;;;
5773011;17;09/01/2022 02:15:00;Strada Urbana;LUNGOTEVERE DEI VALLATI;all'intersezione con;VIA DEL MELANGOLO;VIA DEL MELANGOLO;;;Scontro laterale fra veicoli in marcia;Incrocio;Una carreggiata a senso unico di marcia;Asciutto;Asfaltata;Verticale ed orizzontale;Sereno;Scarso;Sufficiente;;0;0;0;5;12.4739;41.8917;-1;2;Autovettura privata;In marcia / fermata / arresto;Conducente;M;Illeso;0;;;
5773011;17;09/01/2022 02:15:00;Strada Urbana;LUNGOTEVERE DEI VALLATI;all'intersezione con;VIA DEL MELANGOLO;VIA DEL MELANGOLO;;;Scontro laterale fra veicoli in marcia;Incrocio;Una carreggiata a senso unico di marcia;Asciutto;Asfaltata;Verticale ed orizzontale;Sereno;Scarso;Sufficiente;;0;0;0;5;12.4739;41.8917;-1;2;Autovettura privata;In marcia / fermata / arresto;Passeggero;F;Illeso;0;;;
5773019;19;08/01/2022 11:40:00;Strada Urbana;VIA MATTIA BATTISTINI;in corrispondenza;;del civico n.;235;;Scontro frontale/laterale SX fra veicoli in marcia;Rettilineo;Una carreggiata a doppio senso;Asciutto;Asfaltata;Orizzontale;Sereno;Normale;Buona;;1;0;0;2;12.4184;41.916;-1;1;Motociclo a solo;In marcia / fermata / arresto;Conducente;M;Rimandato;0;NON DECEDUTO;Non accertato;
5773019;19;08/01/2022 11:40:00;Strada Urbana;VIA MATTIA BATTISTINI;in corrispondenza;;del civico n.;235;;Scontro frontale/laterale SX fra veicoli in marcia;Rettilineo;Una carreggiata a doppio senso;Asciutto;Asfaltata;Orizzontale;Sereno;Normale;Buona;;1;0;0;2;12.4184;41.916;-1;2;Autovettura privata;In marcia / fermata / arresto;Conducente;M;Illeso;0;;Non accertato;Inesploso
5773019;19;08/01/2022 11:40:00;Strada Urbana;VIA MATTIA BATTISTINI;in corrispondenza;;del civico n.;235;;Scontro frontale/laterale SX fra veicoli in marcia;Rettilineo;Una carreggiata a doppio senso;Asciutto;Asfaltata;Orizzontale;Sereno;Normale;Buona;;1;0;0;2;12.4184;41.916;-1;2;Autovettura privata;In marcia / fermata / arresto;Passeggero;F;Illeso;0;;Non accertato;Inesploso
5773021;1;10/01/2022 09:30:00;Strada Urbana;LUNGOTEVERE AVENTINO;da specificare;;;;PRESSO PALO LUCE 10;Tamponamento;Rettilineo;Due carreggiate;Asciutto;Asfaltata;Verticale ed orizzontale;Sereno;Normale;Buona;;1;0;0;1;12.479;41.8855;-1;1;Motociclo a solo;In marcia / fermata / arresto;Conducente;M;Rimandato;0;NON DECEDUTO;;
5773021;1;10/01/2022 09:30:00;Strada Urbana;LUNGOTEVERE AVENTINO;da specificare;;;;PRESSO PALO LUCE 10;Tamponamento;Rettilineo;Due carreggiate;Asciutto;Asfaltata;Verticale ed orizzontale;Sereno;Normale;Buona;;1;0;0;1;12.479;41.8855;-1;2;Motociclo a solo;In marcia / fermata / arresto;Conducente;M;Illeso;0;;;
5773038;19;09/01/2022 20:30:00;Strada Urbana;VIA PLACIDO MARTINI;in prossimità;;del civico n.;30;;Infortunio per caduta del veicolo;Rettilineo;Una carreggiata a senso unico di marcia;Bagnato (umidità in atto);Asfaltata;Verticale ed orizzontale;Sereno;Scarso;Sufficiente;;1;0;0;0;12.4397;41.9167;-1;1;Motociclo a solo;In marcia / fermata / arresto;Conducente;M;Rimandato;0;NON DECEDUTO;;
5773038;19;09/01/2022 20:30:00;Strada Urbana;VIA PLACIDO MARTINI;in prossimità;;del civico n.;30;;Infortunio per caduta del veicolo;Rettilineo;Una carreggiata a senso unico di marcia;Bagnato (umidità in atto);Asfaltata;Verticale ed orizzontale;Sereno;Scarso;Sufficiente;;1;0;0;0;12.4397;41.9167;-1;2;Autovettura privata;Sosta;;;;;;;
5773093;16;09/01/2022 09:30:00;Strada Urbana;VIA GIAMPAOLO DELLA CHIESA;in prossimità;;del civico n.;fc 4;;Veicolo in marcia contro veicolo in sosta;Rettilineo;Una carreggiata a senso unico di marcia;Bagnato (pioggia);Asfaltata;Verticale ed orizzontale;Nuvoloso;Scarso;Buona;;0;0;0;1;12.4551;41.8806;-1;1;Autovettura privata;Sosta;;;;;;;
5773093;16;09/01/2022 09:30:00;Strada Urbana;VIA GIAMPAOLO DELLA CHIESA;in prossimità;;del civico n.;fc 4;;Veicolo in marcia contro veicolo in sosta;Rettilineo;Una carreggiata a senso unico di marcia;Bagnato (pioggia);Asfaltata;Verticale ed orizzontale;Nuvoloso;Scarso;Buona;;0;0;0;1;12.4551;41.8806;-1;2;Autovettura privata;In marcia / fermata / arresto;Conducente;M;Illeso;0;;;
5773105;16;09/01/2022 22:40:00;Strada Urbana;VIALE AURELIO SAFFI;all'intersezione semaforizzata con;VIALE DI TRASTEVERE;VIALE DI TRASTEVERE;;;Scontro frontale/laterale DX fra veicoli in marcia;Intersezione semaforizzata;Una carreggiata a senso unico di marcia;Asciutto;Asfaltata;Verticale ed orizzontale;Sereno;Normale;Buona;;0;0;0;4;12.4693;41.8834;-1;1;Autovettura privata;In marcia / fermata / arresto;Conducente;F;Illeso;0;;Non accertato;Inesploso
5773105;16;09/01/2022 22:40:00;Strada Urbana;VIALE AURELIO SAFFI;all'intersezione semaforizzata con;VIALE DI TRASTEVERE;VIALE DI TRASTEVERE;;;Scontro frontale/laterale DX fra veicoli in marcia;Intersezione semaforizzata;Una carreggiata a senso unico di marcia;Asciutto;Asfaltata;Verticale ed orizzontale;Sereno;Normale;Buona;;0;0;0;4;12.4693;41.8834;-1;1;Autovettura privata;In marcia / fermata / arresto;Passeggero;M;Illeso;0;;Non accertato;Inesploso
5773105;16;09/01/2022 22:40:00;Strada Urbana;VIALE AURELIO SAFFI;all'intersezione semaforizzata con;VIALE DI TRASTEVERE;VIALE DI TRASTEVERE;;;Scontro frontale/laterale DX fra veicoli in marcia;Intersezione semaforizzata;Una carreggiata a senso unico di marcia;Asciutto;Asfaltata;Verticale ed orizzontale;Sereno;Normale;Buona;;0;0;0;4;12.4693;41.8834;-1;2;Autovettura privata;In marcia / fermata / arresto;Conducente;M;Illeso;0;;Non accertato;Inesploso
5773105;16;09/01/2022 22:40:00;Strada Urbana;VIALE AURELIO SAFFI;all'intersezione semaforizzata con;VIALE DI TRASTEVERE;VIALE DI TRASTEVERE;;;Scontro frontale/laterale DX fra veicoli in marcia;Intersezione semaforizzata;Una carreggiata a senso unico di marcia;Asciutto;Asfaltata;Verticale ed orizzontale;Sereno;Normale;Buona;;0;0;0;4;12.4693;41.8834;-1;2;Autovettura privata;In marcia / fermata / arresto;Passeggero;F;Illeso;0;;Non accertato;Esploso
5773267;12;10/01/2022 13:45:00;Statale;VIA PONTINA;da specificare;;;;DIREZIONE POMEZIA PROX. KM.12.900;Tamponamento Multiplo;Rettilineo;Due carreggiate;Asciutto;Asfaltata;Verticale ed orizzontale;Sereno;Intenso;Buona;;1;0;0;4;12.4533;41.7994;-1;1;Autovettura privata;In marcia / fermata / arresto;Conducente;M;Illeso;0;;Utilizzato;Inesploso
5773267;12;10/01/2022 13:45:00;Statale;VIA PONTINA;da specificare;;;;DIREZIONE POMEZIA PROX. KM.12.900;Tamponamento Multiplo;Rettilineo;Due carreggiate;Asciutto;Asfaltata;Verticale ed orizzontale;Sereno;Intenso;Buona;;1;0;0;4;12.4533;41.7994;-1;2;Autovettura privata;In marcia / fermata / arresto;Conducente;F;Illeso;0;;Utilizzato;Inesploso
5773267;12;10/01/2022 13:45:00;Statale;VIA PONTINA;da specificare;;;;DIREZIONE POMEZIA PROX. KM.12.900;Tamponamento Multiplo;Rettilineo;Due carreggiate;Asciutto;Asfaltata;Verticale ed orizzontale;Sereno;Intenso;Buona;;1;0;0;4;12.4533;41.7994;-1;2;Autovettura privata;In marcia / fermata / arresto;Passeggero;F;Rimandato;0;NON DECEDUTO;Utilizzato;Inesploso
5773267;12;10/01/2022 13:45:00;Statale;VIA PONTINA;da specificare;;;;DIREZIONE POMEZIA PROX. KM.12.900;Tamponamento Multiplo;Rettilineo;Due carreggiate;Asciutto;Asfaltata;Verticale ed orizzontale;Sereno;Intenso;Buona;;1;0;0;4;12.4533;41.7994;-1;2;Autovettura privata;In marcia / fermata / arresto;Passeggero;F;Illeso;0;;Utilizzato;Inesploso
5773267;12;10/01/2022 13:45:00;Statale;VIA PONTINA;da specificare;;;;DIREZIONE POMEZIA PROX. KM.12.900;Tamponamento Multiplo;Rettilineo;Due carreggiate;Asciutto;Asfaltata;Verticale ed orizzontale;Sereno;Intenso;Buona;;1;0;0;4;12.4533;41.7994;-1;3;Autovettura privata;In marcia / fermata / arresto;Conducente;M;Illeso;0;;Utilizzato;Inesploso
5773270;12;09/01/2022 15:10:00;Strada Urbana;VIA CRISTOFORO COLOMBO;da specificare;;;;dir.Roma prossimità Carlo Levi;Veicolo in marcia contro ostacolo fisso;Curva senza visuale libera;Una carreggiata a senso unico di marcia;Bagnato (pioggia);Asfaltata;Temporanea di cantiere;Nuvoloso;Normale;Buona;;1;0;0;0;12.4609;41.8141;-1;1;Autovettura privata;In marcia / fermata / arresto;Conducente;M;Rimandato;0;NON DECEDUTO;Non accertato;Inesploso
5773282;2;10/01/2022 13:30:00;Strada Urbana;VIA TEMBIEN;all'intersezione con;VIALE ETIOPIA;VIALE ETIOPIA;;;Tamponamento;Incrocio;Una carreggiata a doppio senso;Asciutto;Asfaltata;Verticale ed orizzontale;Sereno;Normale;Buona;;0;0;0;4;12.5253;41.9293;-1;1;Autovettura privata;In marcia / fermata / arresto;Conducente;M;Illeso;0;;Non accertato;Inesploso
5773282;2;10/01/2022 13:30:00;Strada Urbana;VIA TEMBIEN;all'intersezione con;VIALE ETIOPIA;VIALE ETIOPIA;;;Tamponamento;Incrocio;Una carreggiata a doppio senso;Asciutto;Asfaltata;Verticale ed orizzontale;Sereno;Normale;Buona;;0;0;0;4;12.5253;41.9293;-1;2;Autovettura privata;In marcia / fermata / arresto;Conducente;M;Illeso;0;;Non accertato;Inesploso
5773282;2;10/01/2022 13:30:00;Strada Urbana;VIA TEMBIEN;all'intersezione con;VIALE ETIOPIA;VIALE ETIOPIA;;;Tamponamento;Incrocio;Una carreggiata a doppio senso;Asciutto;Asfaltata;Verticale ed orizzontale;Sereno;Normale;Buona;;0;0;0;4;12.5253;41.9293;-1;2;Autovettura privata;In marcia / fermata / arresto;Passeggero;F;Illeso;0;;Non accertato;Inesploso
5773282;2;10/01/2022 13:30:00;Strada Urbana;VIA TEMBIEN;all'intersezione con;VIALE ETIOPIA;VIALE ETIOPIA;;;Tamponamento;Incrocio;Una carreggiata a doppio senso;Asciutto;Asfaltata;Verticale ed orizzontale;Sereno;Normale;Buona;;0;0;0;4;12.5253;41.9293;-1;2;Autovettura privata;In marcia / fermata / arresto;Passeggero;M;Illeso;0;;Non accertato;Inesploso
5773342;15;10/01/2022 07:10:00;Strada Urbana;VIA DELLA CASETTA MATTEI;all'intersezione con;VIA POGGIO VERDE;VIA POGGIO VERDE;;;Scontro laterale fra veicoli in marcia;Incrocio;Una carreggiata a doppio senso;Asciutto;Asfaltata;Verticale ed orizzontale;Sereno;Normale;Sufficiente;;1;0;0;2;12.4196;41.8579;-1;1;Motociclo a solo;In marcia / fermata / arresto;Conducente;M;Rifiuta cure immediate;0;NON DECEDUTO;;
5773342;15;10/01/2022 07:10:00;Strada Urbana;VIA DELLA CASETTA MATTEI;all'intersezione con;VIA POGGIO VERDE;VIA POGGIO VERDE;;;Scontro laterale fra veicoli in marcia;Incrocio;Una carreggiata a doppio senso;Asciutto;Asfaltata;Verticale ed orizzontale;Sereno;Normale;Sufficiente;;1;0;0;2;12.4196;41.8579;-1;2;Autovettura privata;In marcia / fermata / arresto;Conducente;M;Illeso;0;;;
5773342;15;10/01/2022 07:10:00;Strada Urbana;VIA DELLA CASETTA MATTEI;all'intersezione con;VIA POGGIO VERDE;VIA POGGIO VERDE;;;Scontro laterale fra veicoli in marcia;Incrocio;Una carreggiata a doppio senso;Asciutto;Asfaltata;Verticale ed orizzontale;Sereno;Normale;Sufficiente;;1;0;0;2;12.4196;41.8579;-1;2;Autovettura privata;In marcia / fermata / arresto;Passeggero;M;Illeso;0;;;
5773367;7;10/01/2022 16:20:00;Strada Urbana;VIA PRENESTINA;all'intersezione con;VIA DEL MAGGIOLINO;VIA DEL MAGGIOLINO;;;Scontro frontale/laterale SX fra veicoli in marcia;Incrocio;Due carreggiate;Asciutto;Asfaltata;Verticale ed orizzontale;Sereno;Normale;Buona;;1;0;0;1;12.6067;41.8938;-1;1;Motociclo a solo;In marcia / fermata / arresto;Conducente;M;Ricoverato;0;NON DECEDUTO;Non accertato;
5773367;7;10/01/2022 16:20:00;Strada Urbana;VIA PRENESTINA;all'intersezione con;VIA DEL MAGGIOLINO;VIA DEL MAGGIOLINO;;;Scontro frontale/laterale SX fra veicoli in marcia;Incrocio;Due carreggiate;Asciutto;Asfaltata;Verticale ed orizzontale;Sereno;Normale;Buona;;1;0;0;1;12.6067;41.8938;-1;2;Autocarro inferiore 35 q.;In marcia / fermata / arresto;Conducente;M;Illeso;0;;Non accertato;Inesploso
5773381;6;10/01/2022 13:30:00;Strada Urbana;VIA LABICO;in prossimità;;del civico n.;1;;Veicolo in marcia contro ostacolo fisso;Rettilineo;Una carreggiata a senso unico di marcia;Asciutto;Asfaltata;Assente;Sereno;Scarso;Buona;;0;0;0;1;12.5432;41.8799;-1;1;Autocarro inferiore 35 q.;In marcia / fermata / arresto;Conducente;M;Illeso;0;;Non accertato;Inesploso
5773395;6;10/01/2022 14:15:00;Strada Urbana;VIA CASILINA;in prossimità;;del civico n.;480;;Infortunio per sola frenata improvvisa;Rettilineo;Più di due carreggiate;Asciutto;Asfaltata;Verticale ed orizzontale;Sereno;Normale;Buona;;1;0;0;1;12.5455;41.8786;-1;1;Autovettura privata;In marcia / fermata / arresto;Conducente;F;Illeso;0;;Non accertato;Inesploso
5773395;6;10/01/2022 14:15:00;Strada Urbana;VIA CASILINA;in prossimità;;del civico n.;480;;Infortunio per sola frenata improvvisa;Rettilineo;Più di due carreggiate;Asciutto;Asfaltata;Verticale ed orizzontale;Sereno;Normale;Buona;;1;0;0;1;12.5455;41.8786;-1;2;Motociclo a solo;In marcia / fermata / arresto;Conducente;M;Rifiuta cure immediate;0;NON DECEDUTO;Non accertato;
5773483;10;10/01/2022 14:55:00;Strada Urbana;VIA ULDERICO MAZZOLANI;all'intersezione con;VIA IGNAZIO SCIMONELLI;VIA IGNAZIO SCIMONELLI;;;Scontro laterale fra veicoli in marcia;Incrocio;Una carreggiata a doppio senso;Asciutto;Asfaltata;Verticale ed orizzontale;Sereno;Scarso;Buona;;1;0;0;1;12.5922;41.8469;-1;1;Autovettura privata;In marcia / fermata / arresto;Conducente;M;Illeso;0;;Non accertato;Inesploso
5773483;10;10/01/2022 14:55:00;Strada Urbana;VIA ULDERICO MAZZOLANI;all'intersezione con;VIA IGNAZIO SCIMONELLI;VIA IGNAZIO SCIMONELLI;;;Scontro laterale fra veicoli in marcia;Incrocio;Una carreggiata a doppio senso;Asciutto;Asfaltata;Verticale ed orizzontale;Sereno;Scarso;Buona;;1;0;0;1;12.5922;41.8469;-1;2;Motociclo con passeggero;In marcia / fermata / arresto;Conducente;M;Rimandato;0;NON DECEDUTO;Non accertato;
5773527;16;10/01/2022 00:01:00;;VIA DI DONNA OLIMPIA;in corrispondenza;;del civico n.;43;;Veicolo in marcia contro veicolo fermo;;;;;;;;;;0;0;0;0;;;0;1;Autovettura privata;Sosta;;;;;;;
5773548;16;10/01/2022 08:05:00;;VIA LUIGI ZAMBARELLI;all'intersezione con;PIAZZA VINCENZO CERESI;PIAZZA VINCENZO CERESI;;;Investimento di pedone;;;;;;;;;;0;0;0;3;12.4461;41.877;0;;;;Pedone;F;Illeso;0;;;
5773548;16;10/01/2022 08:05:00;;VIA LUIGI ZAMBARELLI;all'intersezione con;PIAZZA VINCENZO CERESI;PIAZZA VINCENZO CERESI;;;Investimento di pedone;;;;;;;;;;0;0;0;3;12.4461;41.877;0;;;;Pedone;M;Illeso;0;;;
5773548;16;10/01/2022 08:05:00;;VIA LUIGI ZAMBARELLI;all'intersezione con;PIAZZA VINCENZO CERESI;PIAZZA VINCENZO CERESI;;;Investimento di pedone;;;;;;;;;;0;0;0;3;12.4461;41.877;0;1;Autovettura privata;In marcia / fermata / arresto;;;;;;;
5773561;9;10/01/2022 10:20:00;Strada Urbana;VIA CASILINA VECCHIA;in prossimità;;del civico n.;86;;Scontro frontale/laterale SX fra veicoli in marcia;Rettilineo;Una carreggiata a senso unico di marcia;Asciutto;Asfaltata;Verticale;Sereno;Normale;Buona;;0;0;0;3;12.5272;41.8858;-1;1;Autocarro inferiore 35 q.;In marcia / fermata / arresto;Conducente;M;Illeso;0;;Non accertato;Inesploso
5773561;9;10/01/2022 10:20:00;Strada Urbana;VIA CASILINA VECCHIA;in prossimità;;del civico n.;86;;Scontro frontale/laterale SX fra veicoli in marcia;Rettilineo;Una carreggiata a senso unico di marcia;Asciutto;Asfaltata;Verticale;Sereno;Normale;Buona;;0;0;0;3;12.5272;41.8858;-1;1;Autocarro inferiore 35 q.;In marcia / fermata / arresto;Passeggero;M;Illeso;0;;Non accertato;Inesploso
5773561;9;10/01/2022 10:20:00;Strada Urbana;VIA CASILINA VECCHIA;in prossimità;;del civico n.;86;;Scontro frontale/laterale SX fra veicoli in marcia;Rettilineo;Una carreggiata a senso unico di marcia;Asciutto;Asfaltata;Verticale;Sereno;Normale;Buona;;0;0;0;3;12.5272;41.8858;-1;2;Motociclo a solo;In marcia / fermata / arresto;Conducente;M;Illeso;0;;Non accertato;
5773566;9;10/01/2022 14:00:00;Strada Urbana;VIA APPIA NUOVA;da specificare;;;;fronte civico 520;Ribaltamento senza urto contro ostacolo fisso;Rettilineo;Due carreggiate;Asciutto;Asfaltata;Verticale ed orizzontale;Sereno;Normale;Buona;;1;0;0;0;12.5253;41.8731;-1;1;Motociclo a solo;In marcia / fermata / arresto;Conducente;M;Rimandato;0;NON DECEDUTO;Non accertato;
5773569;9;10/01/2022 18:00:00;Strada Urbana;VIA DELL'ARCO DI TRAVERTINO;all'intersezione con;VIA GENZANO;VIA GENZANO;;;Scontro laterale fra veicoli in marcia;Incrocio;Una carreggiata a senso unico di marcia;Asciutto;Asfaltata;Verticale ed orizzontale;Sereno;Normale;Sufficiente;;0;0;0;4;12.5368;41.8682;-1;1;Autovettura privata;In marcia / fermata / arresto;Conducente;M;Illeso;0;;Non accertato;Inesploso
5773569;9;10/01/2022 18:00:00;Strada Urbana;VIA DELL'ARCO DI TRAVERTINO;all'intersezione con;VIA GENZANO;VIA GENZANO;;;Scontro laterale fra veicoli in marcia;Incrocio;Una carreggiata a senso unico di marcia;Asciutto;Asfaltata;Verticale ed orizzontale;Sereno;Normale;Sufficiente;;0;0;0;4;12.5368;41.8682;-1;1;Autovettura privata;In marcia / fermata / arresto;Passeggero;F;Illeso;0;;Non accertato;Inesploso
5773569;9;10/01/2022 18:00:00;Strada Urbana;VIA DELL'ARCO DI TRAVERTINO;all'intersezione con;VIA GENZANO;VIA GENZANO;;;Scontro laterale fra veicoli in marcia;Incrocio;Una carreggiata a senso unico di marcia;Asciutto;Asfaltata;Verticale ed orizzontale;Sereno;Normale;Sufficiente;;0;0;0;4;12.5368;41.8682;-1;2;Autovettura privata;In marcia / fermata / arresto;Conducente;M;Illeso;0;;Non accertato;Inesploso
5773569;9;10/01/2022 18:00:00;Strada Urbana;VIA DELL'ARCO DI TRAVERTINO;all'intersezione con;VIA GENZANO;VIA GENZANO;;;Scontro laterale fra veicoli in marcia;Incrocio;Una carreggiata a senso unico di marcia;Asciutto;Asfaltata;Verticale ed orizzontale;Sereno;Normale;Sufficiente;;0;0;0;4;12.5368;41.8682;-1;2;Autovettura privata;In marcia / fermata / arresto;Passeggero;F;Illeso;0;;Non accertato;Inesploso
5773759;15;10/01/2022 17:40:00;Strada Urbana;VIA DI PONTE GALERIA;in prossimità;;del civico n.;141;;Veicolo in marcia contro ostacolo accidentale;Rettilineo;Una carreggiata a doppio senso;Asciutto;Asfaltata;Assente;Sereno;Normale;Sufficiente;;0;0;0;1;12.3399;41.8321;-1;1;Autovettura privata;In marcia / fermata / arresto;Conducente;M;Illeso;0;;Non accertato;Inesploso
5773765;8;10/01/2022 11:30:00;Strada Urbana;VIA CASILINA;da specificare;;;;altezza via FONTANA CANDIDA;Investimento di pedone;Rettilineo;Una carreggiata a doppio senso;Asciutto;Asfaltata;Verticale ed orizzontale;Sereno;Intenso;Buona;;1;0;0;1;12.6212;41.8626;-1;;;;Pedone;M;Rimandato;0;NON DECEDUTO;;