Protocollo;Gruppo;DataOraIncidente;Localizzazione1;STRADA1;Localizzazione2;STRADA2;Strada02;Chilometrica;DaSpecificare;NaturaIncidente;particolaritastrade;TipoStrada;FondoStradale;Pavimentazione;Segnaletica;CondizioneAtmosferica;Traffico;Visibilita;Illuminazione;NUM_FERITI;NUM_RISERVATA;NUM_MORTI;NUM_ILLESI;Longitude;Latitude;Confermato;Progressivo;TipoVeicolo;StatoVeicolo;TipoPersona;Sesso;Tipolesione;Deceduto;DecedutoDopo;CinturaCascoUtilizzato;Airbag;
5773972;5;10/01/2022 14:10:00;Strada Urbana;VIALE BATTISTA BARDANZELLU;in prossimità;;del civico n.;7;;Veicolo in marcia contro veicolo fermo;Rettilineo;Due carreggiate;Asciutto;Asfaltata;Verticale ed orizzontale;Sereno;Normale;Buona;;0;0;0;5;12.5711;41.9157;-1;1;Autovettura privata;In marcia / fermata / arresto;Passeggero;F;Illeso;0;;Non accertato;
5773972;5;10/01/2022 14:10:00;Strada Urbana;VIALE BATTISTA BARDANZELLU;in prossimità;;del civico n.;7;;Veicolo in marcia contro veicolo fermo;Rettilineo;Due carreggiate;Asciutto;Asfaltata;Verticale ed orizzontale;Sereno;Normale;Buona;;0;0;0;5;12.5711;41.9157;-1;2;Autovettura privata;In marcia / fermata / arresto;Conducente;F;Illeso;0;;Non accertato;
5773972;5;10/01/2022 14:10:00;Strada Urbana;VIALE BATTISTA BARDANZELLU;in prossimità;;del civico n.;7;;Veicolo in marcia contro veicolo fermo;Rettilineo;Due carreggiate;Asciutto;Asfaltata;Verticale ed orizzontale;Sereno;Normale;Buona;;0;0;0;5;12.5711;41.9157;-1;2;Autovettura privata;In marcia / fermata / arresto;Passeggero;F;Illeso;0;;Non accertato;
5773974;4;10/01/2022 11:45:00;Statale entro l'abitato;VIA SALARIA;in prossimità;;del civico n.;1300;;Scontro laterale fra veicoli in marcia;Rettilineo;Due carreggiate;Asciutto;Asfaltata;Verticale ed orizzontale;Sereno;Normale;Buona;;0;0;0;3;12.5159;41.9945;-1;1;Autovettura privata;In marcia / fermata / arresto;Conducente;F;Illeso;0;;;
5773974;4;10/01/2022 11:45:00;Statale entro l'abitato;VIA SALARIA;in prossimità;;del civico n.;1300;;Scontro laterale fra veicoli in marcia;Rettilineo;Due carreggiate;Asciutto;Asfaltata;Verticale ed orizzontale;Sereno;Normale;Buona;;0;0;0;3;12.5159;41.9945;-1;1;Autovettura privata;In marcia / fermata / arresto;Passeggero;F;Illeso;0;;;
5773974;4;10/01/2022 11:45:00;Statale entro l'abitato;VIA SALARIA;in prossimità;;del civico n.;1300;;Scontro laterale fra veicoli in marcia;Rettilineo;Due carreggiate;Asciutto;Asfaltata;Verticale ed orizzontale;Sereno;Normale;Buona;;0;0;0;3;12.5159;41.9945;-1;2;Autocarro superiore 35 q.;In marcia / fermata / arresto;Conducente;M;Illeso;0;;;
5773988;5;10/01/2022 00:40:00;Strada Urbana;VIA RICCARDO ZAMPIERI;da specificare;;;;fc 25;Veicolo in marcia contro veicolo in sosta;Rettilineo;Una carreggiata a senso unico di marcia;Asciutto;Asfaltata;Verticale ed orizzontale;Sereno;Scarso;Buona;;0;0;0;1;12.5488;41.905;-1;1;Autovettura privata;In marcia / fermata / arresto;Conducente;M;Illeso;0;;Non accertato;
5773988;5;10/01/2022 00:40:00;Strada Urbana;VIA RICCARDO ZAMPIERI;da specificare;;;;fc 25;Veicolo in marcia contro veicolo in sosta;Rettilineo;Una carreggiata a senso unico di marcia;Asciutto;Asfaltata;Verticale ed orizzontale;Sereno;Scarso;Buona;;0;0;0;1;12.5488;41.905;-1;2;Autovettura privata;Sosta;;;;;;;
5773993;5;10/01/2022 16:45:00;Strada Urbana;VIA PESCOSOLIDO;in prossimità;;del civico n.;168;;Veicolo in marcia contro veicolo in sosta;Rettilineo;Una carreggiata a senso unico di marcia;Asciutto;Asfaltata;Assente;Sereno;Scarso;Buona;;0;0;0;2;12.5622;41.9181;-1;1;Autovettura privata;Sosta;Passeggero;F;Illeso;0;;Non accertato;
5773993;5;10/01/2022 16:45:00;Strada Urbana;VIA PESCOSOLIDO;in prossimità;;del civico n.;168;;Veicolo in marcia contro veicolo in sosta;Rettilineo;Una carreggiata a senso unico di marcia;Asciutto;Asfaltata;Assente;Sereno;Scarso;Buona;;0;0;0;2;12.5622;41.9181;-1;2;Autovettura privata;In marcia / fermata / arresto;Conducente;F;Illeso;0;;Non accertato;
5773997;1;10/01/2022 14:20:00;Strada Urbana;PIAZZA BENEDETTO CAIROLI;in corrispondenza;;del civico n.;3;;Scontro laterale fra veicoli in marcia;Rettilineo;Una carreggiata a senso unico di marcia;Asciutto;In cubetti di porfido;Verticale ed orizzontale;Sereno;Normale;Sufficiente;;0;0;0;2;12.4751;41.8936;-1;1;Autovettura privata;In marcia / fermata / arresto;Conducente;M;Illeso;0;;Non accertato;Inesploso
5773997;1;10/01/2022 14:20:00;Strada Urbana;PIAZZA BENEDETTO CAIROLI;in corrispondenza;;del civico n.;3;;Scontro laterale fra veicoli in marcia;Rettilineo;Una carreggiata a senso unico di marcia;Asciutto;In cubetti di porfido;Verticale ed orizzontale;Sereno;Normale;Sufficiente;;0;0;0;2;12.4751;41.8936;-1;2;Autocarro inferiore 35 q.;In marcia / fermata / arresto;Conducente;M;Illeso;0;;Non accertato;Inesploso
5773999;13;10/01/2022 17:15:00;Strada Urbana;VIA LA CORSESCA;all'intersezione con;VIA IPPOLITO DESIDERI;VIA IPPOLITO DESIDERI;;;Veicolo in marcia che urta buche nella carreggiata;Incrocio;Una carreggiata a senso unico di marcia;Asciutto;Con buche;Assente;Nuvoloso;Normale;Buona;;0;0;0;2;12.3435;41.78;-1;1;Autovettura privata;In marcia / fermata / arresto;Conducente;M;Illeso;0;;Non accertato;Inesploso
5773999;13;10/01/2022 17:15:00;Strada Urbana;VIA LA CORSESCA;all'intersezione con;VIA IPPOLITO DESIDERI;VIA IPPOLITO DESIDERI;;;Veicolo in marcia che urta buche nella carreggiata;Incrocio;Una carreggiata a senso unico di marcia;Asciutto;Con buche;Assente;Nuvoloso;Normale;Buona;;0;0;0;2;12.3435;41.78;-1;1;Autovettura privata;In marcia / fermata / arresto;Passeggero;F;Illeso;0;;Non accertato;Inesploso
5774000;4;10/01/2022 16:00:00;Strada Urbana;VIA DELLA BUFALOTTA;in prossimità;;del civico n.;354;;Investimento di pedone;Rettilineo;Una carreggiata a doppio senso;Asciutto;Asfaltata;Verticale ed orizzontale;Sereno;Normale;Buona;;1;0;0;1;12.5443;41.9533;-1;;;;Pedone;M;Rimandato;0;NON DECEDUTO;;
5774000;4;10/01/2022 16:00:00;Strada Urbana;VIA DELLA BUFALOTTA;in prossimità;;del civico n.;354;;Investimento di pedone;Rettilineo;Una carreggiata a doppio senso;Asciutto;Asfaltata;Verticale ed orizzontale;Sereno;Normale;Buona;;1;0;0;1;12.5443;41.9533;-1;1;Autovettura privata;In marcia / fermata / arresto;Conducente;M;Illeso;0;;Non accertato;Inesploso
5774004;5;10/01/2022 18:15:00;Strada Urbana;VIA DEGLI ALBERINI;all'intersezione con;VIA DI GROTTA DI GREGNA;VIA DI GROTTA DI GREGNA;;;Tamponamento;Incrocio;Una carreggiata a senso unico di marcia;Asciutto;Asfaltata;Verticale ed orizzontale;Sereno;Normale;Buona;;0;0;0;2;12.5714;41.9187;-1;1;Velocipede;In marcia / fermata / arresto;Conducente;M;Illeso;0;;Esente;
5774004;5;10/01/2022 18:15:00;Strada Urbana;VIA DEGLI ALBERINI;all'intersezione con;VIA DI GROTTA DI GREGNA;VIA DI GROTTA DI GREGNA;;;Tamponamento;Incrocio;Una carreggiata a senso unico di marcia;Asciutto;Asfaltata;Verticale ed orizzontale;Sereno;Normale;Buona;;0;0;0;2;12.5714;41.9187;-1;2;Autovettura privata;In marcia / fermata / arresto;Conducente;M;Illeso;0;;Non accertato;
5774033;6;10/01/2022 22:40:00;Strada Urbana;PIAZZA DEI GERANI;all'intersezione con;VIALE DELLE GARDENIE;VIALE DELLE GARDENIE;;;Scontro laterale fra veicoli in marcia;Incrocio;Più di due carreggiate;Asciutto;Asfaltata;Verticale ed orizzontale;Sereno;Scarso;Sufficiente;;0;0;0;2;12.5663;41.886;-1;1;Autovettura privata;In marcia / fermata / arresto;Conducente;F;Illeso;0;;Non accertato;Inesploso
5774033;6;10/01/2022 22:40:00;Strada Urbana;PIAZZA DEI GERANI;all'intersezione con;VIALE DELLE GARDENIE;VIALE DELLE GARDENIE;;;Scontro laterale fra veicoli in marcia;Incrocio;Più di due carreggiate;Asciutto;Asfaltata;Verticale ed orizzontale;Sereno;Scarso;Sufficiente;;0;0;0;2;12.5663;41.886;-1;2;Autovettura privata;In marcia / fermata / arresto;Conducente;M;Illeso;0;;Non accertato;Inesploso
5774034;13;10/01/2022 11:40:00;Strada Urbana;CORSO DUCA DI GENOVA;da specificare;;;;prossimità via delle Repubbliche Marinare;Tamponamento;Rettilineo;Una carreggiata a doppio senso;Asciutto;Asfaltata;Orizzontale;Sereno;Normale;Buona;;1;0;0;1;12.2673;41.7353;0;1;Autovettura privata;In marcia / fermata / arresto;Conducente;M;Rimandato;0;NON DECEDUTO;;
5774034;13;10/01/2022 11:40:00;Strada Urbana;CORSO DUCA DI GENOVA;da specificare;;;;prossimità via delle Repubbliche Marinare;Tamponamento;Rettilineo;Una carreggiata a doppio senso;Asciutto;Asfaltata;Orizzontale;Sereno;Normale;Buona;;1;0;0;1;12.2673;41.7353;0;2;Autovettura privata;In marcia / fermata / arresto;Conducente;M;Illeso;0;;;
5774042;10;10/01/2022 20:15:00;Strada Urbana;VIA MARY PANDOLFI DE RINALDIS;in corrispondenza;;del civico n.;24;;Investimento di pedone;Rettilineo;Una carreggiata a doppio senso;Asciutto;Asfaltata;Orizzontale;Sereno;Scarso;Sufficiente;;1;0;0;1;12.621;41.8433;-1;;;;Pedone;M;Rimandato;0;NON DECEDUTO;;
5774042;10;10/01/2022 20:15:00;Strada Urbana;VIA MARY PANDOLFI DE RINALDIS;in corrispondenza;;del civico n.;24;;Investimento di pedone;Rettilineo;Una carreggiata a doppio senso;Asciutto;Asfaltata;Orizzontale;Sereno;Scarso;Sufficiente;;1;0;0;1;12.621;41.8433;-1;1;Autovettura privata;In marcia / fermata / arresto;Conducente;M;Illeso;0;;Non accertato;Inesploso
5774058;7;10/01/2022 18:15:00;Strada Urbana;VIALE ALESSANDRINO;in corrispondenza;;del civico n.;1 a;;Investimento di pedone;Rettilineo;Una carreggiata a doppio senso;Asciutto;Asfaltata;Verticale ed orizzontale;Sereno;Normale;Buona;;0;0;0;2;12.5797;41.8713;-1;;;;Pedone;M;Illeso;0;;;
5774058;7;10/01/2022 18:15:00;Strada Urbana;VIALE ALESSANDRINO;in corrispondenza;;del civico n.;1 a;;Investimento di pedone;Rettilineo;Una carreggiata a doppio senso;Asciutto;Asfaltata;Verticale ed orizzontale;Sereno;Normale;Buona;;0;0;0;2;12.5797;41.8713;-1;1;Autovettura privata;In marcia / fermata / arresto;Conducente;F;Illeso;0;;Non accertato;Inesploso
5774067;10;11/01/2022 01:40:00;Strada Urbana;VIA ANAGNINA;in prossimità;;del civico n.;257;;Veicolo in marcia contro veicolo in sosta;Rettilineo;Due carreggiate;Asciutto;Asfaltata;Verticale ed orizzontale;Sereno;Scarso;Sufficiente;;0;0;0;1;12.6066;41.8231;-1;1;Autovettura privata;In marcia / fermata / arresto;Conducente;M;Illeso;0;;Non accertato;Esploso
5774067;10;11/01/2022 01:40:00;Strada Urbana;VIA ANAGNINA;in prossimità;;del civico n.;257;;Veicolo in marcia contro veicolo in sosta;Rettilineo;Due carreggiate;Asciutto;Asfaltata;Verticale ed orizzontale;Sereno;Scarso;Sufficiente;;0;0;0;1;12.6066;41.8231;-1;2;Autovettura privata;Sosta;;;;;;;
5774072;17;10/01/2022 07:00:00;Strada Urbana;VIA CIPRO;in prossimità;;del civico n.;4;;Veicolo in marcia contro veicolo fermo;Rettilineo;Due carreggiate;Asciutto;Asfaltata;Verticale ed orizzontale;Sereno;Normale;Buona;;0;0;0;2;12.4474;41.9081;-1;1;Autovettura privata;In marcia / fermata / arresto;Conducente;M;Illeso;0;;;
5774072;17;10/01/2022 07:00:00;Strada Urbana;VIA CIPRO;in prossimità;;del civico n.;4;;Veicolo in marcia contro veicolo fermo;Rettilineo;Due carreggiate;Asciutto;Asfaltata;Verticale ed orizzontale;Sereno;Normale;Buona;;0;0;0;2;12.4474;41.9081;-1;2;Autocarro inferiore 35 q.;In marcia / fermata / arresto;Conducente;M;Illeso;0;;;
5774080;1;10/01/2022 18:10:00;Strada Urbana;VIALE TRENTA APRILE;in corrispondenza;;del civico n.;17;;Infortunio per sola frenata improvvisa;Curva senza visuale libera;Una carreggiata a senso unico di marcia;Asciutto;Strada pavimentata dissestata;Verticale ed orizzontale;Sereno;Scarso;Sufficiente;;1;0;0;0;12.4633;41.8856;-1;1;Motociclo a solo;In marcia / fermata / arresto;Conducente;M;Rimandato;0;NON DECEDUTO;;
5774090;12;10/01/2022 17:30:00;Strada Urbana;VIALE CAMILLO SABATINI;all'intersezione con;VIA DI DECIMA;VIA DI DECIMA;;;Investimento di pedone;Intersezione semaforizzata;Due carreggiate;Asciutto;Asfaltata;Verticale ed orizzontale;Sereno;Normale;Sufficiente;;1;0;0;1;12.4436;41.821;-1;;;;Pedone;F;Ricoverato;0;NON DECEDUTO;;
5774090;12;10/01/2022 17:30:00;Strada Urbana;VIALE CAMILLO SABATINI;all'intersezione con;VIA DI DECIMA;VIA DI DECIMA;;;Investimento di pedone;Intersezione semaforizzata;Due carreggiate;Asciutto;Asfaltata;Verticale ed orizzontale;Sereno;Normale;Sufficiente;;1;0;0;1;12.4436;41.821;-1;1;Autovettura privata;In marcia / fermata / arresto;Conducente;M;Illeso;0;;Utilizzato;Inesploso
5774098;19;10/01/2022 16:25:00;Strada Urbana;VIA GIOVANNI PAOLO MAGGINI;in corrispondenza;;del civico n.;165;;Scontro frontale/laterale DX fra veicoli in marcia;Rettilineo;Una carreggiata a doppio senso;Asciutto;Asfaltata;Assente;Sereno;Scarso;Buona;;0;0;0;5;12.3636;41.944;-1;;;;Pedone;F;Illeso;0;;;
5774098;19;10/01/2022 16:25:00;Strada Urbana;VIA GIOVANNI PAOLO MAGGINI;in corrispondenza;;del civico n.;165;;Scontro frontale/laterale DX fra veicoli in marcia;Rettilineo;Una carreggiata a doppio senso;Asciutto;Asfaltata;Assente;Sereno;Scarso;Buona;;0;0;0;5;12.3636;41.944;-1;1;Autovettura privata;In marcia / fermata / arresto;Conducente;F;Illeso;0;;Non accertato;Inesploso
5774098;19;10/01/2022 16:25:00;Strada Urbana;VIA GIOVANNI PAOLO MAGGINI;in corrispondenza;;del civico n.;165;;Scontro frontale/laterale DX fra veicoli in marcia;Rettilineo;Una carreggiata a doppio senso;Asciutto;Asfaltata;Assente;Sereno;Scarso;Buona;;0;0;0;5;12.3636;41.944;-1;1;Autovettura privata;In marcia / fermata / arresto;Passeggero;M;Illeso;0;;Non accertato;Inesploso
5774098;19;10/01/2022 16:25:00;Strada Urbana;VIA GIOVANNI PAOLO MAGGINI;in corrispondenza;;del civico n.;165;;Scontro frontale/laterale DX fra veicoli in marcia;Rettilineo;Una carreggiata a doppio senso;Asciutto;Asfaltata;Assente;Sereno;Scarso;Buona;;0;0;0;5;12.3636;41.944;-1;1;Autovettura privata;In marcia / fermata / arresto;Passeggero;F;Illeso;0;;Non accertato;Inesploso
5774098;19;10/01/2022 16:25:00;Strada Urbana;VIA GIOVANNI PAOLO MAGGINI;in corrispondenza;;del civico n.;165;;Scontro frontale/laterale DX fra veicoli in marcia;Rettilineo;Una carreggiata a doppio senso;Asciutto;Asfaltata;Assente;Sereno;Scarso;Buona;;0;0;0;5;12.3636;41.944;-1;2;Motociclo con passeggero;In marcia / fermata / arresto;Conducente;M;Illeso;0;;Non accertato;
5774098;19;10/01/2022 16:25:00;Strada Urbana;VIA GIOVANNI PAOLO MAGGINI;in corrispondenza;;del civico n.;165;;Scontro frontale/laterale DX fra veicoli in marcia;Rettilineo;Una carreggiata a doppio senso;Asciutto;Asfaltata;Assente;Sereno;Scarso;Buona;;0;0;0;5;12.3636;41.944;-1;3;Ciclomotore;Sosta;;;;;;;
5774101;7;10/01/2022 20:20:00;Strada Urbana;VIA DEI CICLAMINI;all'intersezione con;VIA DELLE PALME;VIA DELLE PALME;;;Scontro frontale/laterale SX fra veicoli in marcia;Incrocio;Una carreggiata a senso unico di marcia;Asciutto;Asfaltata;Verticale ed orizzontale;Sereno;Scarso;Sufficiente;;0;0;0;3;12.5669;41.8897;-1;1;Autovettura privata;In marcia / fermata / arresto;Conducente;F;Illeso;0;;Non accertato;Inesploso
5774101;7;10/01/2022 20:20:00;Strada Urbana;VIA DEI CICLAMINI;all'intersezione con;VIA DELLE PALME;VIA DELLE PALME;;;Scontro frontale/laterale SX fra veicoli in marcia;Incrocio;Una carreggiata a senso unico di marcia;Asciutto;Asfaltata;Verticale ed orizzontale;Sereno;Scarso;Sufficiente;;0;0;0;3;12.5669;41.8897;-1;1;Autovettura privata;In marcia / fermata / arresto;Passeggero;F;Illeso;0;;Non accertato;Inesploso
5774101;7;10/01/2022 20:20:00;Strada Urbana;VIA DEI CICLAMINI;all'intersezione con;VIA DELLE PALME;VIA DELLE PALME;;;Scontro frontale/laterale SX fra veicoli in marcia;Incrocio;Una carreggiata a senso unico di marcia;Asciutto;Asfaltata;Verticale ed orizzontale;Sereno;Scarso;Sufficiente;;0;0;0;3;12.5669;41.8897;-1;2;Autovettura privata;In marcia / fermata / arresto;Conducente;M;Illeso;0;;Non accertato;Inesploso
5774102;20;10/01/2022 23:15:00;Strada Urbana;VIA CASSIA;in corrispondenza;;del civico n.;438;;Veicolo in marcia contro ostacolo fisso;Curva senza visuale libera;Una carreggiata a doppio senso;Asciutto;Asfaltata;Verticale ed orizzontale;Sereno;Scarso;Sufficiente;;1;0;0;0;12.458;41.9569;-1;1;Autovettura privata;In marcia / fermata / arresto;Conducente;M;Rimandato;0;NON DECEDUTO;;
5774104;3;10/01/2022 08:45:00;Strada Urbana;VIA TIBURTINA;in prossimità;;del civico n.;104;;Scontro frontale/laterale SX fra veicoli in marcia;Rettilineo;Una carreggiata a doppio senso;Bagnato (umidità in atto);Asfaltata;Verticale ed orizzontale;Sereno;Normale;Buona;;0;0;0;3;12.5142;41.8982;-1;1;Autovettura privata;In marcia / fermata / arresto;Conducente;M;Illeso;0;;Non accertato;Inesploso
5774104;3;10/01/2022 08:45:00;Strada Urbana;VIA TIBURTINA;in prossimità;;del civico n.;104;;Scontro frontale/laterale SX fra veicoli in marcia;Rettilineo;Una carreggiata a doppio senso;Bagnato (umidità in atto);Asfaltata;Verticale ed orizzontale;Sereno;Normale;Buona;;0;0;0;3;12.5142;41.8982;-1;1;Autovettura privata;In marcia / fermata / arresto;Passeggero;M;Illeso;0;;Non accertato;Inesploso
5774104;3;10/01/2022 08:45:00;Strada Urbana;VIA TIBURTINA;in prossimità;;del civico n.;104;;Scontro frontale/laterale SX fra veicoli in marcia;Rettilineo;Una carreggiata a doppio senso;Bagnato (umidità in atto);Asfaltata;Verticale ed orizzontale;Sereno;Normale;Buona;;0;0;0;3;12.5142;41.8982;-1;2;Motociclo a solo;In marcia / fermata / arresto;Conducente;F;Illeso;0;;Non accertato;
5774116;4;10/01/2022 10:00:00;Strada Urbana;VIA CARLO LORENZINI;in prossimità;;del civico n.;30;;Veicolo in marcia contro veicoli in sosta;Curva a visuale libera;Una carreggiata a doppio senso;Asciutto;Asfaltata;Assente;Sereno;Normale;Buona;;0;0;0;1;12.5567;41.9444;-1;1;Autovettura privata;In marcia / fermata / arresto;Conducente;M;Illeso;0;;Non accertato;Inesploso
5774116;4;10/01/2022 10:00:00;Strada Urbana;VIA CARLO LORENZINI;in prossimità;;del civico n.;30;;Veicolo in marcia contro veicoli in sosta;Curva a visuale libera;Una carreggiata a doppio senso;Asciutto;Asfaltata;Assente;Sereno;Normale;Buona;;0;0;0;1;12.5567;41.9444;-1;2;Autovettura privata;Sosta;;;;;;;
5774116;4;10/01/2022 10:00:00;Strada Urbana;VIA CARLO LORENZINI;in prossimità;;del civico n.;30;;Veicolo in marcia contro veicoli in sosta;Curva a visuale libera;Una carreggiata a doppio senso;Asciutto;Asfaltata;Assente;Sereno;Normale;Buona;;0;0;0;1;12.5567;41.9444;-1;3;Autovettura privata;Sosta;;;;;;;
5774116;4;10/01/2022 10:00:00;Strada Urbana;VIA CARLO LORENZINI;in prossimità;;del civico n.;30;;Veicolo in marcia contro veicoli in sosta;Curva a visuale libera;Una carreggiata a doppio senso;Asciutto;Asfaltata;Assente;Sereno;Normale;Buona;;0;0;0;1;12.5567;41.9444;-1;4;Autovettura privata;Sosta;;;;;;;
5774122;3;10/01/2022 21:30:00;Strada Urbana;VIA DELLA CAMILLUCCIA;in prossimità;;del civico n.;703;;Veicolo in marcia contro ostacolo fisso;Curva senza visuale libera;Una carreggiata a doppio senso;Bagnato (umidità in atto);Asfaltata;Verticale ed orizzontale;Nuvoloso;Scarso;Sufficiente;;0;1;0;0;12.456;41.9499;-1;1;Motociclo a solo;In marcia / fermata / arresto;Conducente;M;Prognosi riservata;0;NON DECEDUTO;Non accertato;
5774125;4;10/01/2022 08:20:00;Strada Urbana;VIA UGO DELLA SETA;all'intersezione con;VIA SALVATORE SCOCA;VIA SALVATORE SCOCA;;;Veicolo in marcia contro veicolo fermo;Intersezione stradale segnalata;Una carreggiata a doppio senso;Asciutto;Asfaltata;Verticale ed orizzontale;Sereno;Normale;Buona;;1;0;0;1;12.5254;41.9616;-1;1;Autovettura privata;In marcia / fermata / arresto;Conducente;M;Illeso;0;;;
5774125;4;10/01/2022 08:20:00;Strada Urbana;VIA UGO DELLA SETA;all'intersezione con;VIA SALVATORE SCOCA;VIA SALVATORE SCOCA;;;Veicolo in marcia contro veicolo fermo;Intersezione stradale segnalata;Una carreggiata a doppio senso;Asciutto;Asfaltata;Verticale ed orizzontale;Sereno;Normale;Buona;;1;0;0;1;12.5254;41.9616;-1;2;Motociclo a solo;In marcia / fermata / arresto;Conducente;M;Rimandato;0;NON DECEDUTO;Non accertato;
5774128;19;10/01/2022 20:40:00;Strada Urbana;VIA TRIONFALE;in corrispondenza;;del civico n.;8283;;Tamponamento Multiplo;Rettilineo;Una carreggiata a senso unico di marcia;Asciutto;Asfaltata;Verticale ed orizzontale;Sereno;Normale;Buona;;0;0;0;4;12.4271;41.9374;-1;1;Autovettura privata;In marcia / fermata / arresto;Conducente;M;Illeso;0;;;
5774128;19;10/01/2022 20:40:00;Strada Urbana;VIA TRIONFALE;in corrispondenza;;del civico n.;8283;;Tamponamento Multiplo;Rettilineo;Una carreggiata a senso unico di marcia;Asciutto;Asfaltata;Verticale ed orizzontale;Sereno;Normale;Buona;;0;0;0;4;12.4271;41.9374;-1;2;Autovettura privata;In marcia / fermata / arresto;Conducente;M;Illeso;0;;;
5774128;19;10/01/2022 20:40:00;Strada Urbana;VIA TRIONFALE;in corrispondenza;;del civico n.;8283;;Tamponamento Multiplo;Rettilineo;Una carreggiata a senso unico di marcia;Asciutto;Asfaltata;Verticale ed orizzontale;Sereno;Normale;Buona;;0;0;0;4;12.4271;41.9374;-1;2;Autovettura privata;In marcia / fermata / arresto;Passeggero;F;Illeso;0;;;
5774128;19;10/01/2022 20:40:00;Strada Urbana;VIA TRIONFALE;in corrispondenza;;del civico n.;8283;;Tamponamento Multiplo;Rettilineo;Una carreggiata a senso unico di marcia;Asciutto;Asfaltata;Verticale ed orizzontale;Sereno;Normale;Buona;;0;0;0;4;12.4271;41.9374;-1;3;Autovettura privata;In marcia / fermata / arresto;Conducente;M;Illeso;0;;;
5774187;1;05/01/2022 14:20:00;Strada Urbana;PASSETTO DI S. GIOVANNI DECOLLATO;in corrispondenza;;del civico n.;6;;Veicolo in marcia contro veicolo in sosta;Rettilineo;Una carreggiata a senso unico di marcia;Asciutto;Acciotolata;Verticale ed orizzontale;Sereno;Scarso;Buona;;0;0;0;1;12.4823;41.8907;0;1;Autovettura privata;Sosta;;;;;;;
5774187;1;05/01/2022 14:20:00;Strada Urbana;PASSETTO DI S. GIOVANNI DECOLLATO;in corrispondenza;;del civico n.;6;;Veicolo in marcia contro veicolo in sosta;Rettilineo;Una carreggiata a senso unico di marcia;Asciutto;Acciotolata;Verticale ed orizzontale;Sereno;Scarso;Buona;;0;0;0;1;12.4823;41.8907;0;2;Autovettura privata;In marcia / fermata / arresto;Conducente;M;Illeso;0;;;
5774197;19;10/01/2022 22:40:00;Strada Urbana;VIA MATTIA BATTISTINI;all'intersezione semaforizzata con;VIA DEL FORTE BRASCHI;VIA DEL FORTE BRASCHI;;;Scontro frontale/laterale SX fra veicoli in marcia;Intersezione semaforizzata;Una carreggiata a doppio senso;Asciutto;Asfaltata;Verticale ed orizzontale;Sereno;Normale;Sufficiente;;2;0;0;2;12.4186;41.9127;-1;1;Autovettura privata;In marcia / fermata / arresto;Conducente;F;Illeso;0;;Non accertato;Inesploso
5774197;19;10/01/2022 22:40:00;Strada Urbana;VIA MATTIA BATTISTINI;all'intersezione semaforizzata con;VIA DEL FORTE BRASCHI;VIA DEL FORTE BRASCHI;;;Scontro frontale/laterale SX fra veicoli in marcia;Intersezione semaforizzata;Una carreggiata a doppio senso;Asciutto;Asfaltata;Verticale ed orizzontale;Sereno;Normale;Sufficiente;;2;0;0;2;12.4186;41.9127;-1;1;Autovettura privata;In marcia / fermata / arresto;Passeggero;F;Illeso;0;;Non accertato;Inesploso
5774197;19;10/01/2022 22:40:00;Strada Urbana;VIA MATTIA BATTISTINI;all'intersezione semaforizzata con;VIA DEL FORTE BRASCHI;VIA DEL FORTE BRASCHI;;;Scontro frontale/laterale SX fra veicoli in marcia;Intersezione semaforizzata;Una carreggiata a doppio senso;Asciutto;Asfaltata;Verticale ed orizzontale;Sereno;Normale;Sufficiente;;2;0;0;2;12.4186;41.9127;-1;2;Motociclo con passeggero;In marcia / fermata / arresto;Conducente;M;Ricoverato;0;NON DECEDUTO;;
5774197;19;10/01/2022 22:40:00;Strada Urbana;VIA MATTIA BATTISTINI;all'intersezione semaforizzata con;VIA DEL FORTE BRASCHI;VIA DEL FORTE BRASCHI;;;Scontro frontale/laterale SX fra veicoli in marcia;Intersezione semaforizzata;Una carreggiata a doppio senso;Asciutto;Asfaltata;Verticale ed orizzontale;Sereno;Normale;Sufficiente;;2;0;0;2;12.4186;41.9127;-1;2;Motociclo con passeggero;In marcia / fermata / arresto;Passeggero;M;Rimandato;0;NON DECEDUTO;Non accertato;
5774202;18;10/01/2022 09:30:00;Strada Urbana;VIA LEONE XIII;all'intersezione con;VIA FILIPPO BERNARDINI;VIA FILIPPO BERNARDINI;;;Veicolo in marcia contro veicolo in sosta;Intersezione stradale segnalata;Una carreggiata a senso unico di marcia;Asciutto;Asfaltata;Verticale ed orizzontale;Sereno;Normale;Buona;;0;0;0;1;12.4404;41.8869;-1;1;Autoarticolato;In marcia / fermata / arresto;Conducente;M;Illeso;0;;;