Protocollo;Gruppo;DataOraIncidente;Localizzazione1;STRADA1;Localizzazione2;STRADA2;Strada02;Chilometrica;DaSpecificare;NaturaIncidente;particolaritastrade;TipoStrada;FondoStradale;Pavimentazione;Segnaletica;CondizioneAtmosferica;Traffico;Visibilita;Illuminazione;NUM_FERITI;NUM_RISERVATA;NUM_MORTI;NUM_ILLESI;Longitude;Latitude;Confermato;Progressivo;TipoVeicolo;StatoVeicolo;TipoPersona;Sesso;Tipolesione;Deceduto;DecedutoDopo;CinturaCascoUtilizzato;Airbag;
5776549;10;12/01/2022 08:51:00;Strada Urbana;VIA DI TORRE SPACCATA;in corrispondenza;;del civico n.;155;;Tamponamento Multiplo;Rettilineo;Una carreggiata a doppio senso;Asciutto;Asfaltata;Orizzontale;Sereno;Normale;Buona;;0;0;0;4;12.5859;41.8626;-1;2;Autovettura privata;In marcia / fermata / arresto;Passeggero;F;Illeso;0;;;
5776549;10;12/01/2022 08:51:00;Strada Urbana;VIA DI TORRE SPACCATA;in corrispondenza;;del civico n.;155;;Tamponamento Multiplo;Rettilineo;Una carreggiata a doppio senso;Asciutto;Asfaltata;Orizzontale;Sereno;Normale;Buona;;0;0;0;4;12.5859;41.8626;-1;3;Autovettura privata;In marcia / fermata / arresto;Conducente;F;Illeso;0;;;
5776568;10;12/01/2022 14:00:00;Strada Urbana;VIALE PALMIRO TOGLIATTI;all'intersezione semaforizzata con;VIALE DEI ROMANISTI;VIALE DEI ROMANISTI;;;Tamponamento Multiplo;Intersezione semaforizzata;Due carreggiate;Asciutto;Asfaltata;Verticale ed orizzontale;Sereno;Intenso;Buona;;0;0;0;4;12.5774;41.8675;-1;1;Autovettura privata;In marcia / fermata / arresto;Conducente;M;Illeso;0;;;
5776568;10;12/01/2022 14:00:00;Strada Urbana;VIALE PALMIRO TOGLIATTI;all'intersezione semaforizzata con;VIALE DEI ROMANISTI;VIALE DEI ROMANISTI;;;Tamponamento Multiplo;Intersezione semaforizzata;Due carreggiate;Asciutto;Asfaltata;Verticale ed orizzontale;Sereno;Intenso;Buona;;0;0;0;4;12.5774;41.8675;-1;2;Autovettura privata;In marcia / fermata / arresto;Conducente;M;Illeso;0;;;
5776568;10;12/01/2022 14:00:00;Strada Urbana;VIALE PALMIRO TOGLIATTI;all'intersezione semaforizzata con;VIALE DEI ROMANISTI;VIALE DEI ROMANISTI;;;Tamponamento Multiplo;Intersezione semaforizzata;Due carreggiate;Asciutto;Asfaltata;Verticale ed orizzontale;Sereno;Intenso;Buona;;0;0;0;4;12.5774;41.8675;-1;2;Autovettura privata;In marcia / fermata / arresto;Passeggero;F;Illeso;0;;;
5776568;10;12/01/2022 14:00:00;Strada Urbana;VIALE PALMIRO TOGLIATTI;all'intersezione semaforizzata con;VIALE DEI ROMANISTI;VIALE DEI ROMANISTI;;;Tamponamento Multiplo;Intersezione semaforizzata;Due carreggiate;Asciutto;Asfaltata;Verticale ed orizzontale;Sereno;Intenso;Buona;;0;0;0;4;12.5774;41.8675;-1;3;Autovettura privata;In marcia / fermata / arresto;Conducente;F;Illeso;0;;;
5776569;9;12/01/2022 15:15:00;;VIA MUZIO SCEVOLA;in prossimità;;del civico n.;30;;Veicolo in marcia contro veicoli in arresto;;;;;;;;;;0;0;0;2;12.5282;41.8738;0;1;Autovettura privata;In marcia / fermata / arresto;;;;;;;
5776569;9;12/01/2022 15:15:00;;VIA MUZIO SCEVOLA;in prossimità;;del civico n.;30;;Veicolo in marcia contro veicoli in arresto;;;;;;;;;;0;0;0;2;12.5282;41.8738;0;2;Autovettura privata;In marcia / fermata / arresto;Conducente;M;Illeso;0;;Non accertato;Inesploso
5776569;9;12/01/2022 15:15:00;;VIA MUZIO SCEVOLA;in prossimità;;del civico n.;30;;Veicolo in marcia contro veicoli in arresto;;;;;;;;;;0;0;0;2;12.5282;41.8738;0;2;Autovettura privata;In marcia / fermata / arresto;Passeggero;F;Illeso;0;;Non accertato;Inesploso
5776575;16;12/01/2022 09:15:00;;VIA DI BRAVA;da specificare;;;;FRONTE PALO ACEA N°134;Veicolo in marcia che urta buche nella carreggiata;;;;;;;;;;0;0;0;1;;;0;1;Autovettura privata;In marcia / fermata / arresto;Conducente;F;Illeso;0;;;
5776596;16;12/01/2022 09:50:00;;VIA MARIO FIORETTI;da specificare;;;;fronte civico 8;Veicolo in marcia contro veicolo in sosta;;;;;;;;;;0;0;0;0;12.4536;41.8759;0;1;Autovettura privata;In marcia / fermata / arresto;;;;;;;
5776596;16;12/01/2022 09:50:00;;VIA MARIO FIORETTI;da specificare;;;;fronte civico 8;Veicolo in marcia contro veicolo in sosta;;;;;;;;;;0;0;0;0;12.4536;41.8759;0;2;Autovettura privata;Sosta;;;;;;;
5776607;16;12/01/2022 10:50:00;;VIA FRANCESCO DATINI;in corrispondenza;;del civico n.;8;;Veicolo in marcia contro veicolo in sosta;;;;;;;;;;0;0;0;1;;;0;1;Autocarro inferiore 35 q.;In marcia / fermata / arresto;Conducente;M;Illeso;0;;;
5776607;16;12/01/2022 10:50:00;;VIA FRANCESCO DATINI;in corrispondenza;;del civico n.;8;;Veicolo in marcia contro veicolo in sosta;;;;;;;;;;0;0;0;1;;;0;2;Autovettura privata;Sosta;;;;;;;
5776616;15;12/01/2022 09:15:00;Strada Urbana;VIA FULDA;da specificare;;;;fronte civico 119;Scontro laterale fra veicoli in marcia;Rettilineo;Una carreggiata a senso unico alternato;Asciutto;Asfaltata;Verticale;Nuvoloso;Normale;Buona;;0;0;0;3;12.4311;41.8375;-1;1;Autocarro inferiore 35 q.;In marcia / fermata / arresto;Conducente;M;Illeso;0;;Non accertato;Inesploso
5776616;15;12/01/2022 09:15:00;Strada Urbana;VIA FULDA;da specificare;;;;fronte civico 119;Scontro laterale fra veicoli in marcia;Rettilineo;Una carreggiata a senso unico alternato;Asciutto;Asfaltata;Verticale;Nuvoloso;Normale;Buona;;0;0;0;3;12.4311;41.8375;-1;1;Autocarro inferiore 35 q.;In marcia / fermata / arresto;Passeggero;M;Illeso;0;;Non accertato;Inesploso
5776616;15;12/01/2022 09:15:00;Strada Urbana;VIA FULDA;da specificare;;;;fronte civico 119;Scontro laterale fra veicoli in marcia;Rettilineo;Una carreggiata a senso unico alternato;Asciutto;Asfaltata;Verticale;Nuvoloso;Normale;Buona;;0;0;0;3;12.4311;41.8375;-1;2;Autocarro inferiore 35 q.;In marcia / fermata / arresto;Conducente;M;Illeso;0;;Non accertato;Inesploso
5776647;1;11/01/2022 19:05:00;Strada Urbana;PONTE SUBLICIO;all'intersezione semaforizzata con;LUNGOTEVERE AVENTINO;LUNGOTEVERE AVENTINO;;;Veicolo in marcia contro veicolo fermo;Intersezione semaforizzata;Una carreggiata a doppio senso;Asciutto;Asfaltata;Verticale ed orizzontale;Nuvoloso;Normale;Buona;;0;0;0;2;12.4757;41.8828;-1;1;Autovettura privata;In marcia / fermata / arresto;Conducente;M;Illeso;0;;Non accertato;Inesploso
5776647;1;11/01/2022 19:05:00;Strada Urbana;PONTE SUBLICIO;all'intersezione semaforizzata con;LUNGOTEVERE AVENTINO;LUNGOTEVERE AVENTINO;;;Veicolo in marcia contro veicolo fermo;Intersezione semaforizzata;Una carreggiata a doppio senso;Asciutto;Asfaltata;Verticale ed orizzontale;Nuvoloso;Normale;Buona;;0;0;0;2;12.4757;41.8828;-1;2;Autovettura privata;In marcia / fermata / arresto;Conducente;M;Illeso;0;;;
5776649;1;12/01/2022 13:30:00;Strada Urbana;VIA BELISARIO;in prossimità;;del civico n.;6;;Tamponamento;Rettilineo;Una carreggiata a senso unico di marcia;Asciutto;Asfaltata;Verticale ed orizzontale;Sereno;Scarso;Buona;;0;0;0;2;12.4977;41.909;0;1;Autocarro inferiore 35 q.;In marcia / fermata / arresto;Conducente;M;Illeso;0;;;
5776649;1;12/01/2022 13:30:00;Strada Urbana;VIA BELISARIO;in prossimità;;del civico n.;6;;Tamponamento;Rettilineo;Una carreggiata a senso unico di marcia;Asciutto;Asfaltata;Verticale ed orizzontale;Sereno;Scarso;Buona;;0;0;0;2;12.4977;41.909;0;2;Motociclo a solo;In marcia / fermata / arresto;Conducente;M;Illeso;0;;Non accertato;
5776855;12;12/01/2022 09:00:00;Statale;VIA PONTINA;da specificare;;;;km 17,900 direzione Roma;Veicolo in marcia contro ostacolo fisso;Curva a visuale libera;Due carreggiate;Asciutto;Asfaltata;Verticale ed orizzontale;Sereno;Normale;Buona;;0;0;0;1;12.4522;41.794;-1;1;Autovettura privata;In marcia / fermata / arresto;Conducente;F;Illeso;0;;Utilizzato;Inesploso
5776871;8;12/01/2022 08:20:00;;VIA AMICO ASPERTINI;in prossimità;;del civico n.;151;;Scontro frontale/laterale DX fra veicoli in marcia;;;;;;;;;;0;0;0;2;;;0;1;Autovettura privata;In marcia / fermata / arresto;Conducente;M;Illeso;0;;;
5776871;8;12/01/2022 08:20:00;;VIA AMICO ASPERTINI;in prossimità;;del civico n.;151;;Scontro frontale/laterale DX fra veicoli in marcia;;;;;;;;;;0;0;0;2;;;0;2;Autovettura privata;In marcia / fermata / arresto;Conducente;F;Illeso;0;;;
5776880;8;12/01/2022 15:00:00;Strada Urbana;VIA DI TOR BELLA MONACA;da specificare;;;;rotatoria per via di Torrenova dir. Prenestina;Scontro frontale/laterale SX fra veicoli in marcia;Rotatoria;Una carreggiata a senso unico di marcia;Asciutto;Asfaltata;Verticale ed orizzontale;Sereno;Normale;Buona;;0;0;0;3;12.6282;41.8763;-1;1;Autovettura privata;In marcia / fermata / arresto;Conducente;F;Illeso;0;;;
5776880;8;12/01/2022 15:00:00;Strada Urbana;VIA DI TOR BELLA MONACA;da specificare;;;;rotatoria per via di Torrenova dir. Prenestina;Scontro frontale/laterale SX fra veicoli in marcia;Rotatoria;Una carreggiata a senso unico di marcia;Asciutto;Asfaltata;Verticale ed orizzontale;Sereno;Normale;Buona;;0;0;0;3;12.6282;41.8763;-1;1;Autovettura privata;In marcia / fermata / arresto;Passeggero;F;Illeso;0;;;
5776880;8;12/01/2022 15:00:00;Strada Urbana;VIA DI TOR BELLA MONACA;da specificare;;;;rotatoria per via di Torrenova dir. Prenestina;Scontro frontale/laterale SX fra veicoli in marcia;Rotatoria;Una carreggiata a senso unico di marcia;Asciutto;Asfaltata;Verticale ed orizzontale;Sereno;Normale;Buona;;0;0;0;3;12.6282;41.8763;-1;2;Autovettura privata;In marcia / fermata / arresto;Conducente;F;Illeso;0;;;
5776892;15;12/01/2022 16:15:00;Strada Urbana;VIA DELLA MAGLIANA NUOVA;in corrispondenza;;del civico n.;362;;Tamponamento;Rettilineo;Una carreggiata a doppio senso;Asciutto;Asfaltata;Verticale ed orizzontale;Sereno;Normale;Buona;;0;0;0;2;12.456;41.848;-1;1;Autocarro inferiore 35 q.;In marcia / fermata / arresto;Conducente;M;Illeso;0;;Non accertato;Inesploso
5776892;15;12/01/2022 16:15:00;Strada Urbana;VIA DELLA MAGLIANA NUOVA;in corrispondenza;;del civico n.;362;;Tamponamento;Rettilineo;Una carreggiata a doppio senso;Asciutto;Asfaltata;Verticale ed orizzontale;Sereno;Normale;Buona;;0;0;0;2;12.456;41.848;-1;2;Autocarro inferiore 35 q.;In marcia / fermata / arresto;Conducente;M;Illeso;0;;Non accertato;Inesploso
5776892;15;12/01/2022 16:15:00;Strada Urbana;VIA DELLA MAGLIANA NUOVA;in corrispondenza;;del civico n.;362;;Tamponamento;Rettilineo;Una carreggiata a doppio senso;Asciutto;Asfaltata;Verticale ed orizzontale;Sereno;Normale;Buona;;0;0;0;2;12.456;41.848;-1;3;Autovettura privata;Sosta;;;;;;;
5776898;8;12/01/2022 09:50:00;Strada Urbana;VIA DEL FOSSO DI S. MAURA;da specificare;;;;rotatoria Viale della SORBONA;Scontro laterale fra veicoli in marcia;Rotatoria;Una carreggiata a senso unico di marcia;Asciutto;Asfaltata;Verticale ed orizzontale;Sereno;Normale;Buona;;0;0;0;2;12.5947;41.858;-1;1;Autovettura privata;In marcia / fermata / arresto;Conducente;F;Illeso;0;;;
5776898;8;12/01/2022 09:50:00;Strada Urbana;VIA DEL FOSSO DI S. MAURA;da specificare;;;;rotatoria Viale della SORBONA;Scontro laterale fra veicoli in marcia;Rotatoria;Una carreggiata a senso unico di marcia;Asciutto;Asfaltata;Verticale ed orizzontale;Sereno;Normale;Buona;;0;0;0;2;12.5947;41.858;-1;2;Autovettura privata;In marcia / fermata / arresto;Conducente;F;Illeso;0;;;
5776901;20;12/01/2022 18:20:00;Strada Urbana;VIA GIUSEPPE CANNATA;in corrispondenza;;del civico n.;11;;Investimento di pedone;Rettilineo;Una carreggiata a doppio senso;Asciutto;Asfaltata;Assente;Sereno;Scarso;Sufficiente;;1;0;0;2;12.3774;42.0199;-1;;;;Pedone;M;Rimandato;0;NON DECEDUTO;;
5776901;20;12/01/2022 18:20:00;Strada Urbana;VIA GIUSEPPE CANNATA;in corrispondenza;;del civico n.;11;;Investimento di pedone;Rettilineo;Una carreggiata a doppio senso;Asciutto;Asfaltata;Assente;Sereno;Scarso;Sufficiente;;1;0;0;2;12.3774;42.0199;-1;1;Autovettura privata;In marcia / fermata / arresto;Conducente;F;Illeso;0;;;
5776901;20;12/01/2022 18:20:00;Strada Urbana;VIA GIUSEPPE CANNATA;in corrispondenza;;del civico n.;11;;Investimento di pedone;Rettilineo;Una carreggiata a doppio senso;Asciutto;Asfaltata;Assente;Sereno;Scarso;Sufficiente;;1;0;0;2;12.3774;42.0199;-1;1;Autovettura privata;In marcia / fermata / arresto;Passeggero;F;Illeso;0;;;
5776903;20;13/01/2022 02:00:00;Statale entro l'abitato;VIA CASSIA;in corrispondenza;;del civico n.;481;;Veicolo in marcia contro ostacolo accidentale;Curva senza visuale libera;Una carreggiata a doppio senso;Asciutto;Asfaltata;Orizzontale;Sereno;Scarso;Sufficiente;;0;0;0;1;12.4545;41.9578;-1;1;Autovettura privata;In marcia / fermata / arresto;Conducente;M;Illeso;0;;Non accertato;Esploso
5776924;12;12/01/2022 21:00:00;Strada Urbana;VIA DELLA CASTELLUCCIA DI S. PAOLO;in corrispondenza;;del palo luce n.;29;;Veicolo in marcia contro ostacolo fisso;Curva a visuale libera;Una carreggiata a doppio senso;Asciutto;Asfaltata;Assente;Sereno;Scarso;Buona;;0;0;0;1;12.5143;41.7815;-1;1;Autovettura privata;In marcia / fermata / arresto;Conducente;M;Illeso;0;;Non accertato;Esploso
5776932;20;12/01/2022 14:40:00;Strada Urbana;VIA FLAMINIA NUOVA;da specificare;;;;KM 7,900;Tamponamento;Rettilineo;Due carreggiate;Asciutto;Asfaltata;Verticale ed orizzontale;Sereno;Normale;Buona;;1;0;0;1;12.4792;41.9609;-1;1;Autovettura privata;In marcia / fermata / arresto;Conducente;M;Illeso;0;;Non accertato;
5776932;20;12/01/2022 14:40:00;Strada Urbana;VIA FLAMINIA NUOVA;da specificare;;;;KM 7,900;Tamponamento;Rettilineo;Due carreggiate;Asciutto;Asfaltata;Verticale ed orizzontale;Sereno;Normale;Buona;;1;0;0;1;12.4792;41.9609;-1;2;Autovettura privata;In marcia / fermata / arresto;Conducente;M;Rifiuta cure immediate;0;NON DECEDUTO;Non accertato;
5776955;18;11/01/2022 03:30:00;Strada Urbana;VIA DI CASALOTTI;all'intersezione con;VIA TROFARELLO;VIA TROFARELLO;;;Veicolo in marcia contro ostacolo fisso;Intersezione stradale segnalata;Una carreggiata a doppio senso;Asciutto;Asfaltata;Verticale ed orizzontale;Sereno;Scarso;Sufficiente;;0;0;0;1;12.3685;41.9159;-1;1;Autovettura privata;In marcia / fermata / arresto;Conducente;M;Illeso;0;;;
5776956;9;12/01/2022 21:25:00;Strada Urbana;PIAZZA DEI RE DI ROMA;in corrispondenza;;del civico n.;67;;Veicolo in marcia contro veicoli in sosta;Rotatoria;Una carreggiata a senso unico di marcia;Asciutto;Asfaltata;Verticale;Sereno;Scarso;Sufficiente;;0;0;0;1;12.515;41.8822;-1;1;Autovettura privata;In marcia / fermata / arresto;Conducente;M;Illeso;0;;Non accertato;Inesploso
5776956;9;12/01/2022 21:25:00;Strada Urbana;PIAZZA DEI RE DI ROMA;in corrispondenza;;del civico n.;67;;Veicolo in marcia contro veicoli in sosta;Rotatoria;Una carreggiata a senso unico di marcia;Asciutto;Asfaltata;Verticale;Sereno;Scarso;Sufficiente;;0;0;0;1;12.515;41.8822;-1;2;Motociclo a solo;Sosta;;;;;;;
5776959;20;12/01/2022 15:15:00;Strada Urbana;VIA VITO SINISI;all'intersezione con;VIA ISCHIA DI CASTRO;VIA ISCHIA DI CASTRO;;;Scontro frontale fra veicoli in marcia;Intersezione stradale segnalata;Una carreggiata a doppio senso;Asciutto;Asfaltata;Verticale ed orizzontale;Sereno;Normale;Buona;;0;0;0;3;12.4533;41.9673;-1;1;Autovettura privata;In marcia / fermata / arresto;Conducente;F;Illeso;0;;Non accertato;
5776959;20;12/01/2022 15:15:00;Strada Urbana;VIA VITO SINISI;all'intersezione con;VIA ISCHIA DI CASTRO;VIA ISCHIA DI CASTRO;;;Scontro frontale fra veicoli in marcia;Intersezione stradale segnalata;Una carreggiata a doppio senso;Asciutto;Asfaltata;Verticale ed orizzontale;Sereno;Normale;Buona;;0;0;0;3;12.4533;41.9673;-1;2;Autovettura privata;In marcia / fermata / arresto;Conducente;M;Illeso;0;;Non accertato;
5776959;20;12/01/2022 15:15:00;Strada Urbana;VIA VITO SINISI;all'intersezione con;VIA ISCHIA DI CASTRO;VIA ISCHIA DI CASTRO;;;Scontro frontale fra veicoli in marcia;Intersezione stradale segnalata;Una carreggiata a doppio senso;Asciutto;Asfaltata;Verticale ed orizzontale;Sereno;Normale;Buona;;0;0;0;3;12.4533;41.9673;-1;2;Autovettura privata;In marcia / fermata / arresto;Passeggero;M;Illeso;0;;Non accertato;
5776967;8;12/01/2022 13:00:00;Strada Urbana;VIA DI CASAL MONTANI;in prossimità;;del civico n.;9;;Veicolo in marcia contro ostacolo fisso;Curva senza visuale libera;Una carreggiata a doppio senso;Asciutto;Con buche;Assente;Sereno;Scarso;Buona;;0;0;0;1;12.7094;41.8349;-1;1;Autovettura privata;In marcia / fermata / arresto;Conducente;M;Illeso;0;;;
5776970;20;12/01/2022 08:00:00;Strada Urbana;VIA CASSIA NUOVA;all'intersezione semaforizzata con;LARGO PASQUALE SARACENO;LARGO PASQUALE SARACENO;;;Scontro frontale/laterale SX fra veicoli in marcia;Intersezione semaforizzata;Una carreggiata a doppio senso;Asciutto;Asfaltata;Verticale ed orizzontale;Sereno;Normale;Buona;;1;0;0;1;12.4683;41.9508;-1;1;Autovettura privata;In marcia / fermata / arresto;Conducente;M;Illeso;0;;Non accertato;Inesploso
5776970;20;12/01/2022 08:00:00;Strada Urbana;VIA CASSIA NUOVA;all'intersezione semaforizzata con;LARGO PASQUALE SARACENO;LARGO PASQUALE SARACENO;;;Scontro frontale/laterale SX fra veicoli in marcia;Intersezione semaforizzata;Una carreggiata a doppio senso;Asciutto;Asfaltata;Verticale ed orizzontale;Sereno;Normale;Buona;;1;0;0;1;12.4683;41.9508;-1;2;Motociclo a solo;In marcia / fermata / arresto;Conducente;M;Rimandato;0;NON DECEDUTO;Non accertato;
5776973;20;12/01/2022 12:40:00;Strada Urbana;VIALE DI TOR DI QUINTO;da specificare;;;;prox fronte civico 37;Tamponamento;Rettilineo;Una carreggiata a doppio senso;Asciutto;Asfaltata;Orizzontale;Sereno;Normale;Buona;;0;0;0;3;12.4785;41.9447;-1;1;Autovettura privata;In marcia / fermata / arresto;Conducente;M;Illeso;0;;Non accertato;
5776973;20;12/01/2022 12:40:00;Strada Urbana;VIALE DI TOR DI QUINTO;da specificare;;;;prox fronte civico 37;Tamponamento;Rettilineo;Una carreggiata a doppio senso;Asciutto;Asfaltata;Orizzontale;Sereno;Normale;Buona;;0;0;0;3;12.4785;41.9447;-1;2;Autovettura privata;In marcia / fermata / arresto;Conducente;M;Illeso;0;;Non accertato;
5776973;20;12/01/2022 12:40:00;Strada Urbana;VIALE DI TOR DI QUINTO;da specificare;;;;prox fronte civico 37;Tamponamento;Rettilineo;Una carreggiata a doppio senso;Asciutto;Asfaltata;Orizzontale;Sereno;Normale;Buona;;0;0;0;3;12.4785;41.9447;-1;2;Autovettura privata;In marcia / fermata / arresto;Passeggero;M;Illeso;0;;Non accertato;
5776986;5;12/01/2022 11:20:00;Strada Urbana;VIA EUGENIO CARGIOLLI;in prossimità;;del civico n.;19;;Veicolo in marcia contro veicolo arresto;Pendenza;Una carreggiata a doppio senso;Asciutto;Asfaltata;Assente;Sereno;Scarso;Buona;;0;0;0;3;12.5605;41.927;-1;1;Autocarro inferiore 35 q.;In marcia / fermata / arresto;Conducente;M;Illeso;0;;Non accertato;
5776986;5;12/01/2022 11:20:00;Strada Urbana;VIA EUGENIO CARGIOLLI;in prossimità;;del civico n.;19;;Veicolo in marcia contro veicolo arresto;Pendenza;Una carreggiata a doppio senso;Asciutto;Asfaltata;Assente;Sereno;Scarso;Buona;;0;0;0;3;12.5605;41.927;-1;2;Autovettura privata;In marcia / fermata / arresto;Conducente;M;Illeso;0;;Non accertato;
5776986;5;12/01/2022 11:20:00;Strada Urbana;VIA EUGENIO CARGIOLLI;in prossimità;;del civico n.;19;;Veicolo in marcia contro veicolo arresto;Pendenza;Una carreggiata a doppio senso;Asciutto;Asfaltata;Assente;Sereno;Scarso;Buona;;0;0;0;3;12.5605;41.927;-1;2;Autovettura privata;In marcia / fermata / arresto;Passeggero;M;Illeso;0;;Non accertato;
5776991;10;12/01/2022 13:15:00;Strada Urbana;VIA DI TOR VERGATA;da specificare;;;;X Casal Morena sotto ponte della Tuscolana;Tamponamento;Rotatoria;Due carreggiate;Asciutto;Asfaltata;Verticale ed orizzontale;Sereno;Normale;Buona;;1;0;0;1;12.6226;41.8468;-1;1;Autovettura privata;In marcia / fermata / arresto;Conducente;F;Illeso;0;;;Inesploso
5776991;10;12/01/2022 13:15:00;Strada Urbana;VIA DI TOR VERGATA;da specificare;;;;X Casal Morena sotto ponte della Tuscolana;Tamponamento;Rotatoria;Due carreggiate;Asciutto;Asfaltata;Verticale ed orizzontale;Sereno;Normale;Buona;;1;0;0;1;12.6226;41.8468;-1;2;Motociclo a solo;In marcia / fermata / arresto;Conducente;M;Rimandato;0;NON DECEDUTO;;
5776995;4;12/01/2022 18:20:00;Strada Urbana;VIA MONTE BIANCO;in corrispondenza;;del civico n.;2;;Infortunio per caduta del veicolo;Rettilineo;Una carreggiata a doppio senso;Asciutto;Asfaltata;Verticale ed orizzontale;Sereno;Normale;Buona;;0;0;0;1;12.5333;41.9423;-1;1;Motociclo a solo;In marcia / fermata / arresto;Conducente;M;Illeso;0;;Non accertato;
5776996;5;12/01/2022 18:50:00;Strada Urbana;VIA TIBURTINA;in prossimità;;del civico n.;757;;Scontro laterale fra veicoli in marcia;Rettilineo;Una carreggiata a doppio senso;Asciutto;Asfaltata;Verticale ed orizzontale;Sereno;Normale;Sufficiente;;0;0;0;2;12.5543;41.9126;-1;1;Autovettura privata;In marcia / fermata / arresto;Conducente;F;Illeso;0;;Non accertato;Inesploso
5776996;5;12/01/2022 18:50:00;Strada Urbana;VIA TIBURTINA;in prossimità;;del civico n.;757;;Scontro laterale fra veicoli in marcia;Rettilineo;Una carreggiata a doppio senso;Asciutto;Asfaltata;Verticale ed orizzontale;Sereno;Normale;Sufficiente;;0;0;0;2;12.5543;41.9126;-1;2;Autovettura privata;In marcia / fermata / arresto;Conducente;F;Illeso;0;;Non accertato;Inesploso
5777001;20;12/01/2022 13:35:00;Regionale entro l'abitato;VIA CASSIA;da specificare;;;;ALTEZZA VIA LEONESSA;Tamponamento;Rettilineo;Una carreggiata a doppio senso;Asciutto;Asfaltata;Verticale ed orizzontale;Sereno;Normale;Buona;;1;0;0;1;12.4137;41.9828;-1;1;Motociclo a solo;In marcia / fermata / arresto;Conducente;M;Rimandato;0;NON DECEDUTO;;
5777001;20;12/01/2022 13:35:00;Regionale entro l'abitato;VIA CASSIA;da specificare;;;;ALTEZZA VIA LEONESSA;Tamponamento;Rettilineo;Una carreggiata a doppio senso;Asciutto;Asfaltata;Verticale ed orizzontale;Sereno;Normale;Buona;;1;0;0;1;12.4137;41.9828;-1;2;Autovettura privata;In marcia / fermata / arresto;Conducente;M;Illeso;0;;;
5777015;5;12/01/2022 19:45:00;Strada Urbana;VIA TIBURTINA;all'intersezione semaforizzata con;VIA DI PORTONACCIO;VIA DI PORTONACCIO;;;Scontro laterale fra veicoli in marcia;Intersezione semaforizzata;Due carreggiate;Asciutto;Asfaltata;Verticale ed orizzontale;Sereno;Normale;Buona;;0;0;0;2;12.5319;41.9081;-1;1;Autovettura privata;In marcia / fermata / arresto;Conducente;M;Illeso;0;;Non accertato;Esploso
5777015;5;12/01/2022 19:45:00;Strada Urbana;VIA TIBURTINA;all'intersezione semaforizzata con;VIA DI PORTONACCIO;VIA DI PORTONACCIO;;;Scontro laterale fra veicoli in marcia;Intersezione semaforizzata;Due carreggiate;Asciutto;Asfaltata;Verticale ed orizzontale;Sereno;Normale;Buona;;0;0;0;2;12.5319;41.9081;-1;2;Autovettura privata;In marcia / fermata / arresto;Conducente;F;Illeso;0;;Non accertato;Inesploso
5777024;18;11/01/2022 11:40:00;Strada Urbana;VIA AURELIA;in prossimità;;della chilometrica;7.8;;Tamponamento;Rettilineo;Due carreggiate;Asciutto;Asfaltata;Verticale ed orizzontale;Sereno;Normale;Buona;;0;0;0;1;12.4012;41.8861;-1;1;Autovettura privata;In marcia / fermata / arresto;Conducente;M;Illeso;0;;Non accertato;Inesploso
5777024;18;11/01/2022 11:40:00;Strada Urbana;VIA AURELIA;in prossimità;;della chilometrica;7.8;;Tamponamento;Rettilineo;Due carreggiate;Asciutto;Asfaltata;Verticale ed orizzontale;Sereno;Normale;Buona;;0;0;0;1;12.4012;41.8861;-1;2;Autocarro inferiore 35 q.;Allontanatosi;;;;;;;
5777028;10;12/01/2022 14:30:00;Strada Urbana;VIA QUINTILIO VARO;all'intersezione con;VIA SESTIO CALVINO;VIA SESTIO CALVINO;;;Scontro frontale/laterale DX fra veicoli in marcia;Incrocio;Una carreggiata a senso unico di marcia;Asciutto;Asfaltata;Verticale ed orizzontale;Sereno;Scarso;Buona;;0;0;0;3;12.5651;41.8536;-1;1;Autovettura privata;In marcia / fermata / arresto;Conducente;F;Illeso;0;;Non accertato;Inesploso
5777028;10;12/01/2022 14:30:00;Strada Urbana;VIA QUINTILIO VARO;all'intersezione con;VIA SESTIO CALVINO;VIA SESTIO CALVINO;;;Scontro frontale/laterale DX fra veicoli in marcia;Incrocio;Una carreggiata a senso unico di marcia;Asciutto;Asfaltata;Verticale ed orizzontale;Sereno;Scarso;Buona;;0;0;0;3;12.5651;41.8536;-1;1;Autovettura privata;In marcia / fermata / arresto;Passeggero;F;Illeso;0;;Non accertato;Inesploso
5777028;10;12/01/2022 14:30:00;Strada Urbana;VIA QUINTILIO VARO;all'intersezione con;VIA SESTIO CALVINO;VIA SESTIO CALVINO;;;Scontro frontale/laterale DX fra veicoli in marcia;Incrocio;Una carreggiata a senso unico di marcia;Asciutto;Asfaltata;Verticale ed orizzontale;Sereno;Scarso;Buona;;0;0;0;3;12.5651;41.8536;-1;2;Autovettura privata;In marcia / fermata / arresto;Conducente;F;Illeso;0;;Non accertato;Inesploso