Protocollo;Gruppo;DataOraIncidente;Localizzazione1;STRADA1;Localizzazione2;STRADA2;Strada02;Chilometrica;DaSpecificare;NaturaIncidente;particolaritastrade;TipoStrada;FondoStradale;Pavimentazione;Segnaletica;CondizioneAtmosferica;Traffico;Visibilita;Illuminazione;NUM_FERITI;NUM_RISERVATA;NUM_MORTI;NUM_ILLESI;Longitude;Latitude;Confermato;Progressivo;TipoVeicolo;StatoVeicolo;TipoPersona;Sesso;Tipolesione;Deceduto;DecedutoDopo;CinturaCascoUtilizzato;Airbag;
5780311;2;15/01/2022 09:00:00;Strada Urbana;VIA ARCHIMEDE;in prossimità;;del civico n.;164;;Veicolo in marcia contro veicoli in sosta;Rettilineo;Una carreggiata a senso unico di marcia;Asciutto;Asfaltata;Verticale ed orizzontale;Sereno;Normale;Buona;;0;0;0;1;12.4775;41.9278;-1;3;Velocipede;Sosta;;;;;;;
5780340;9;15/01/2022 10:15:00;Strada Urbana;VIA TUSCOLANA;in corrispondenza;;del civico n.;171;;Investimento di pedone;Rettilineo;Una carreggiata a doppio senso;Asciutto;Asfaltata;Verticale ed orizzontale;Sereno;Scarso;Buona;;2;0;0;0;12.5207;41.8806;-1;;;;Pedone;F;Rimandato;0;NON DECEDUTO;;
5780340;9;15/01/2022 10:15:00;Strada Urbana;VIA TUSCOLANA;in corrispondenza;;del civico n.;171;;Investimento di pedone;Rettilineo;Una carreggiata a doppio senso;Asciutto;Asfaltata;Verticale ed orizzontale;Sereno;Scarso;Buona;;2;0;0;0;12.5207;41.8806;-1;1;Motociclo a solo;In marcia / fermata / arresto;Conducente;M;Rimandato;0;NON DECEDUTO;Non accertato;
5780574;18;15/01/2022 13:15:00;Strada Urbana;VIA DI BOCCEA;in corrispondenza;;del civico n.;561;;Veicolo in marcia contro ostacolo fisso;Rettilineo;Una carreggiata a senso unico di marcia;Asciutto;Asfaltata;Verticale ed orizzontale;Sereno;Scarso;Buona;;0;0;0;2;12.3809;41.9151;-1;1;Autovettura privata;In marcia / fermata / arresto;Conducente;M;Illeso;0;;Non accertato;Inesistente
5780574;18;15/01/2022 13:15:00;Strada Urbana;VIA DI BOCCEA;in corrispondenza;;del civico n.;561;;Veicolo in marcia contro ostacolo fisso;Rettilineo;Una carreggiata a senso unico di marcia;Asciutto;Asfaltata;Verticale ed orizzontale;Sereno;Scarso;Buona;;0;0;0;2;12.3809;41.9151;-1;2;Autovettura privata;In marcia / fermata / arresto;Conducente;M;Illeso;0;;Non accertato;Inesploso
5780829;15;15/01/2022 16:20:00;Comunale extraurbana;VIA DELLA MAGLIANA;in corrispondenza;;del civico n.;1240;;Scontro laterale fra veicoli in marcia;Rettilineo;Una carreggiata a doppio senso;Asciutto;Asfaltata;Orizzontale;Sereno;Normale;Buona;;0;0;0;3;12.3621;41.8185;-1;1;Autovettura privata;In marcia / fermata / arresto;Conducente;M;Illeso;0;;Non accertato;Inesploso
5780829;15;15/01/2022 16:20:00;Comunale extraurbana;VIA DELLA MAGLIANA;in corrispondenza;;del civico n.;1240;;Scontro laterale fra veicoli in marcia;Rettilineo;Una carreggiata a doppio senso;Asciutto;Asfaltata;Orizzontale;Sereno;Normale;Buona;;0;0;0;3;12.3621;41.8185;-1;1;Autovettura privata;In marcia / fermata / arresto;Passeggero;M;Illeso;0;;Non accertato;
5780829;15;15/01/2022 16:20:00;Comunale extraurbana;VIA DELLA MAGLIANA;in corrispondenza;;del civico n.;1240;;Scontro laterale fra veicoli in marcia;Rettilineo;Una carreggiata a doppio senso;Asciutto;Asfaltata;Orizzontale;Sereno;Normale;Buona;;0;0;0;3;12.3621;41.8185;-1;2;Autovettura privata;In marcia / fermata / arresto;Conducente;M;Illeso;0;;Non accertato;
5781014;8;15/01/2022 09:30:00;Strada Urbana;PIAZZA LORENZO NOTTOLINI;all'intersezione con;VIA GUSTAVO COLONNETTI;VIA GUSTAVO COLONNETTI;;;Scontro laterale fra veicoli in marcia;Rotatoria;Una carreggiata a senso unico di marcia;Asciutto;Asfaltata;Orizzontale;Sereno;Normale;Sufficiente;;0;0;0;2;12.6521;41.912;-1;1;Autovettura privata;In marcia / fermata / arresto;Conducente;F;Illeso;0;;Non accertato;Inesploso
5781014;8;15/01/2022 09:30:00;Strada Urbana;PIAZZA LORENZO NOTTOLINI;all'intersezione con;VIA GUSTAVO COLONNETTI;VIA GUSTAVO COLONNETTI;;;Scontro laterale fra veicoli in marcia;Rotatoria;Una carreggiata a senso unico di marcia;Asciutto;Asfaltata;Orizzontale;Sereno;Normale;Sufficiente;;0;0;0;2;12.6521;41.912;-1;2;Autovettura privata;In marcia / fermata / arresto;Conducente;M;Illeso;0;;Non accertato;Inesploso
5781015;8;15/01/2022 11:10:00;Strada Urbana;VIA CASILINA;all'intersezione con;VIA GRANITI;VIA GRANITI;;;Scontro frontale/laterale DX fra veicoli in marcia;Incrocio;Una carreggiata a doppio senso;Asciutto;Asfaltata;Verticale;Sereno;Normale;Buona;;0;0;0;2;12.6987;41.8646;-1;1;Autovettura privata;In marcia / fermata / arresto;Conducente;F;Illeso;0;;Non accertato;Inesploso
5781015;8;15/01/2022 11:10:00;Strada Urbana;VIA CASILINA;all'intersezione con;VIA GRANITI;VIA GRANITI;;;Scontro frontale/laterale DX fra veicoli in marcia;Incrocio;Una carreggiata a doppio senso;Asciutto;Asfaltata;Verticale;Sereno;Normale;Buona;;0;0;0;2;12.6987;41.8646;-1;2;Autovettura privata;In marcia / fermata / arresto;Conducente;M;Illeso;0;;Non accertato;Inesploso
5781017;8;15/01/2022 11:15:00;Strada Urbana;VIA BORGHESIANA;in prossimità;;del civico n.;222;;Tamponamento Multiplo;Rettilineo;Una carreggiata a doppio senso;Asciutto;Asfaltata;Verticale ed orizzontale;Sereno;Normale;Buona;;0;0;0;5;12.6718;41.8755;-1;1;Autovettura privata;In marcia / fermata / arresto;Conducente;M;Illeso;0;;Non accertato;Inesploso
5781017;8;15/01/2022 11:15:00;Strada Urbana;VIA BORGHESIANA;in prossimità;;del civico n.;222;;Tamponamento Multiplo;Rettilineo;Una carreggiata a doppio senso;Asciutto;Asfaltata;Verticale ed orizzontale;Sereno;Normale;Buona;;0;0;0;5;12.6718;41.8755;-1;2;Autovettura privata;In marcia / fermata / arresto;Conducente;M;Illeso;0;;Non accertato;Inesploso
5781017;8;15/01/2022 11:15:00;Strada Urbana;VIA BORGHESIANA;in prossimità;;del civico n.;222;;Tamponamento Multiplo;Rettilineo;Una carreggiata a doppio senso;Asciutto;Asfaltata;Verticale ed orizzontale;Sereno;Normale;Buona;;0;0;0;5;12.6718;41.8755;-1;3;Autovettura privata;In marcia / fermata / arresto;Conducente;M;Illeso;0;;Non accertato;Inesploso
5781017;8;15/01/2022 11:15:00;Strada Urbana;VIA BORGHESIANA;in prossimità;;del civico n.;222;;Tamponamento Multiplo;Rettilineo;Una carreggiata a doppio senso;Asciutto;Asfaltata;Verticale ed orizzontale;Sereno;Normale;Buona;;0;0;0;5;12.6718;41.8755;-1;3;Autovettura privata;In marcia / fermata / arresto;Passeggero;F;Illeso;0;;Non accertato;Inesploso
5781017;8;15/01/2022 11:15:00;Strada Urbana;VIA BORGHESIANA;in prossimità;;del civico n.;222;;Tamponamento Multiplo;Rettilineo;Una carreggiata a doppio senso;Asciutto;Asfaltata;Verticale ed orizzontale;Sereno;Normale;Buona;;0;0;0;5;12.6718;41.8755;-1;3;Autovettura privata;In marcia / fermata / arresto;Passeggero;F;Illeso;0;;Non accertato;Inesploso
5781028;8;15/01/2022 14:30:00;Strada Urbana;VIA DI TOR VERGATA;da specificare;;;;alt.cavalc.autostrada fr. Decathlon dir.Tuscolana;Veicolo in marcia che urta buche nella carreggiata;Rettilineo;Una carreggiata a senso unico di marcia;Asciutto;Strada pavimentata dissestata;Verticale ed orizzontale;Sereno;Normale;Buona;;0;0;0;1;12.6216;41.8444;-1;1;Autovettura privata;In marcia / fermata / arresto;Conducente;M;Illeso;0;;Non accertato;Inesploso
5781032;8;15/01/2022 23:15:00;;VIA CASILINA;all'intersezione con;VIA DI FONTANA ROTTA;VIA DI FONTANA ROTTA;;;Scontro laterale fra veicoli in marcia;;;;;;;;;;2;0;0;2;12.6982;41.8645;0;1;Autovettura privata;In marcia / fermata / arresto;Conducente;M;Illeso;0;;;
5781032;8;15/01/2022 23:15:00;;VIA CASILINA;all'intersezione con;VIA DI FONTANA ROTTA;VIA DI FONTANA ROTTA;;;Scontro laterale fra veicoli in marcia;;;;;;;;;;2;0;0;2;12.6982;41.8645;0;1;Autovettura privata;In marcia / fermata / arresto;Passeggero;F;Rimandato;0;NON DECEDUTO;;
5781032;8;15/01/2022 23:15:00;;VIA CASILINA;all'intersezione con;VIA DI FONTANA ROTTA;VIA DI FONTANA ROTTA;;;Scontro laterale fra veicoli in marcia;;;;;;;;;;2;0;0;2;12.6982;41.8645;0;2;Autovettura privata;In marcia / fermata / arresto;Conducente;M;Rimandato;0;NON DECEDUTO;;
5781032;8;15/01/2022 23:15:00;;VIA CASILINA;all'intersezione con;VIA DI FONTANA ROTTA;VIA DI FONTANA ROTTA;;;Scontro laterale fra veicoli in marcia;;;;;;;;;;2;0;0;2;12.6982;41.8645;0;2;Autovettura privata;In marcia / fermata / arresto;Passeggero;F;Illeso;0;;;
5781034;1;15/01/2022 15:10:00;Strada Urbana;VIA VENTI SETTEMBRE;in prossimità;;del civico n.;5;;Investimento di pedone;Rettilineo;Una carreggiata a doppio senso;Asciutto;Asfaltata;Verticale ed orizzontale;Sereno;Scarso;Buona;;2;0;0;0;12.4913;41.9028;-1;;;;Pedone;M;Rimandato;0;NON DECEDUTO;;
5781034;1;15/01/2022 15:10:00;Strada Urbana;VIA VENTI SETTEMBRE;in prossimità;;del civico n.;5;;Investimento di pedone;Rettilineo;Una carreggiata a doppio senso;Asciutto;Asfaltata;Verticale ed orizzontale;Sereno;Scarso;Buona;;2;0;0;0;12.4913;41.9028;-1;1;Motociclo a solo;In marcia / fermata / arresto;Conducente;M;Rimandato;0;NON DECEDUTO;;
5781036;8;16/01/2022 02:00:00;Strada Urbana;VIA PRENESTINA;in corrispondenza;;del palo luce n.;497;;Ribaltamento senza urto contro ostacolo fisso;Curva a visuale libera;Una carreggiata a doppio senso;Asciutto;Asfaltata;Verticale ed orizzontale;Sereno;Scarso;Sufficiente;;2;0;0;0;12.6155;41.8933;-1;1;Autovettura privata;In marcia / fermata / arresto;Conducente;M;Rifiuta cure immediate;0;NON DECEDUTO;Non accertato;Inesploso
5781036;8;16/01/2022 02:00:00;Strada Urbana;VIA PRENESTINA;in corrispondenza;;del palo luce n.;497;;Ribaltamento senza urto contro ostacolo fisso;Curva a visuale libera;Una carreggiata a doppio senso;Asciutto;Asfaltata;Verticale ed orizzontale;Sereno;Scarso;Sufficiente;;2;0;0;0;12.6155;41.8933;-1;1;Autovettura privata;In marcia / fermata / arresto;Passeggero;F;Rifiuta cure immediate;0;NON DECEDUTO;Non accertato;Inesploso
5781063;1;15/01/2022 09:00:00;Strada Urbana;VIA GIOVANNI AMENDOLA;da specificare;;;;fronte civico 54;Tamponamento;Rettilineo;Una carreggiata a senso unico di marcia;Asciutto;Asfaltata;Assente;Sereno;Scarso;Buona;;0;0;0;3;;;0;1;Autovettura pubblica;In marcia / fermata / arresto;Conducente;M;Illeso;0;;;
5781063;1;15/01/2022 09:00:00;Strada Urbana;VIA GIOVANNI AMENDOLA;da specificare;;;;fronte civico 54;Tamponamento;Rettilineo;Una carreggiata a senso unico di marcia;Asciutto;Asfaltata;Assente;Sereno;Scarso;Buona;;0;0;0;3;;;0;2;Autovettura di polizia;In marcia / fermata / arresto;Conducente;M;Illeso;0;;;
5781063;1;15/01/2022 09:00:00;Strada Urbana;VIA GIOVANNI AMENDOLA;da specificare;;;;fronte civico 54;Tamponamento;Rettilineo;Una carreggiata a senso unico di marcia;Asciutto;Asfaltata;Assente;Sereno;Scarso;Buona;;0;0;0;3;;;0;2;Autovettura di polizia;In marcia / fermata / arresto;Passeggero;M;Illeso;0;;;
5781070;20;15/01/2022 11:30:00;Strada Urbana;VIA ANTONIO CONTI;in corrispondenza;;del civico n.;19;;Scontro frontale/laterale SX fra veicoli in marcia;Curva a visuale libera;Una carreggiata a doppio senso;Asciutto;Asfaltata;Orizzontale;Sereno;Normale;Buona;;0;0;0;3;12.3734;42.0217;-1;1;Autocarro inferiore 35 q.;In marcia / fermata / arresto;Conducente;M;Illeso;0;;Non accertato;Inesploso
5781070;20;15/01/2022 11:30:00;Strada Urbana;VIA ANTONIO CONTI;in corrispondenza;;del civico n.;19;;Scontro frontale/laterale SX fra veicoli in marcia;Curva a visuale libera;Una carreggiata a doppio senso;Asciutto;Asfaltata;Orizzontale;Sereno;Normale;Buona;;0;0;0;3;12.3734;42.0217;-1;2;Autovettura privata;In marcia / fermata / arresto;Conducente;F;Illeso;0;;Non accertato;Inesploso
5781070;20;15/01/2022 11:30:00;Strada Urbana;VIA ANTONIO CONTI;in corrispondenza;;del civico n.;19;;Scontro frontale/laterale SX fra veicoli in marcia;Curva a visuale libera;Una carreggiata a doppio senso;Asciutto;Asfaltata;Orizzontale;Sereno;Normale;Buona;;0;0;0;3;12.3734;42.0217;-1;2;Autovettura privata;In marcia / fermata / arresto;Passeggero;M;Illeso;0;;Non accertato;Inesploso
5781079;20;15/01/2022 10:00:00;Strada Urbana;VIA DEI DUE PONTI;in corrispondenza;;del civico n.;113;;Scontro laterale fra veicoli in marcia;Curva a visuale libera;Una carreggiata a doppio senso;Asciutto;Asfaltata;Verticale ed orizzontale;Sereno;Normale;Buona;;1;0;0;1;12.4732;41.9639;-1;1;Autovettura privata;In marcia / fermata / arresto;Conducente;M;Illeso;0;;Non accertato;Inesploso
5781079;20;15/01/2022 10:00:00;Strada Urbana;VIA DEI DUE PONTI;in corrispondenza;;del civico n.;113;;Scontro laterale fra veicoli in marcia;Curva a visuale libera;Una carreggiata a doppio senso;Asciutto;Asfaltata;Verticale ed orizzontale;Sereno;Normale;Buona;;1;0;0;1;12.4732;41.9639;-1;2;Velocipede;In marcia / fermata / arresto;Conducente;M;Rimandato;0;NON DECEDUTO;Esente;
5781083;20;15/01/2022 11:30:00;Strada Urbana;VIA CIVITA CASTELLANA;all'intersezione con;VIALE DI TOR DI QUINTO;VIALE DI TOR DI QUINTO;;;Scontro frontale/laterale SX fra veicoli in marcia;Incrocio;Due carreggiate;Asciutto;Asfaltata;Verticale ed orizzontale;Sereno;Normale;Buona;;0;0;0;2;12.4707;41.9372;-1;1;Autovettura privata;In marcia / fermata / arresto;Conducente;M;Illeso;0;;;
5781083;20;15/01/2022 11:30:00;Strada Urbana;VIA CIVITA CASTELLANA;all'intersezione con;VIALE DI TOR DI QUINTO;VIALE DI TOR DI QUINTO;;;Scontro frontale/laterale SX fra veicoli in marcia;Incrocio;Due carreggiate;Asciutto;Asfaltata;Verticale ed orizzontale;Sereno;Normale;Buona;;0;0;0;2;12.4707;41.9372;-1;2;Autocarro inferiore 35 q.;In marcia / fermata / arresto;Conducente;M;Illeso;0;;;
5781085;1;15/01/2022 11:15:00;Strada Urbana;PIAZZA MANFREDO FANTI;all'intersezione con;VIA RATTAZZI;VIA RATTAZZI;;;Scontro laterale fra veicoli in marcia;Incrocio;Una carreggiata a senso unico di marcia;Asciutto;Asfaltata;Verticale ed orizzontale;Sereno;Scarso;Buona;;0;0;0;3;12.5024;41.8976;0;1;Autocarro inferiore 35 q.;In marcia / fermata / arresto;Conducente;M;Illeso;0;;;
5781085;1;15/01/2022 11:15:00;Strada Urbana;PIAZZA MANFREDO FANTI;all'intersezione con;VIA RATTAZZI;VIA RATTAZZI;;;Scontro laterale fra veicoli in marcia;Incrocio;Una carreggiata a senso unico di marcia;Asciutto;Asfaltata;Verticale ed orizzontale;Sereno;Scarso;Buona;;0;0;0;3;12.5024;41.8976;0;1;Autocarro inferiore 35 q.;In marcia / fermata / arresto;Passeggero;M;Illeso;0;;;
5781085;1;15/01/2022 11:15:00;Strada Urbana;PIAZZA MANFREDO FANTI;all'intersezione con;VIA RATTAZZI;VIA RATTAZZI;;;Scontro laterale fra veicoli in marcia;Incrocio;Una carreggiata a senso unico di marcia;Asciutto;Asfaltata;Verticale ed orizzontale;Sereno;Scarso;Buona;;0;0;0;3;12.5024;41.8976;0;2;Motociclo a solo;In marcia / fermata / arresto;Conducente;M;Illeso;0;;;
5781086;20;16/01/2022 00:15:00;Strada Urbana;LUNGOTEVERE FLAMINIO;in prossimità;;del civico n.;70A;;Investimento di pedone;Rettilineo;Una carreggiata a doppio senso;Asciutto;Asfaltata;Verticale ed orizzontale;Sereno;Scarso;Sufficiente;;1;0;0;1;12.4618;41.9262;-1;;;;Pedone;F;Rimandato;0;NON DECEDUTO;;
5781086;20;16/01/2022 00:15:00;Strada Urbana;LUNGOTEVERE FLAMINIO;in prossimità;;del civico n.;70A;;Investimento di pedone;Rettilineo;Una carreggiata a doppio senso;Asciutto;Asfaltata;Verticale ed orizzontale;Sereno;Scarso;Sufficiente;;1;0;0;1;12.4618;41.9262;-1;1;Motociclo a solo;In marcia / fermata / arresto;Conducente;M;Illeso;0;;Non accertato;
5781099;1;15/01/2022 18:00:00;Strada Urbana;VIA BONCOMPAGNI;all'intersezione semaforizzata con;VIA QUINTINO SELLA;VIA QUINTINO SELLA;;;Infortunio per caduta del veicolo;Incrocio;Una carreggiata a doppio senso;Asciutto;Asfaltata;Verticale ed orizzontale;Sereno;Scarso;Buona;;1;0;0;1;12.4946;41.9086;-1;1;Autovettura privata;In marcia / fermata / arresto;Conducente;F;Illeso;0;;Non accertato;Inesploso
5781099;1;15/01/2022 18:00:00;Strada Urbana;VIA BONCOMPAGNI;all'intersezione semaforizzata con;VIA QUINTINO SELLA;VIA QUINTINO SELLA;;;Infortunio per caduta del veicolo;Incrocio;Una carreggiata a doppio senso;Asciutto;Asfaltata;Verticale ed orizzontale;Sereno;Scarso;Buona;;1;0;0;1;12.4946;41.9086;-1;2;Motociclo a solo;In marcia / fermata / arresto;Conducente;M;Rifiuta cure immediate;0;NON DECEDUTO;Non accertato;
5781123;1;15/01/2022 16:00:00;Strada Urbana;LARGO DELL'AMBA ARADAM;in corrispondenza;;del civico n.;3;;Tamponamento Multiplo;Rettilineo;Una carreggiata a doppio senso;Asciutto;Asfaltata;Verticale ed orizzontale;Sereno;Normale;Buona;;0;0;0;3;12.4991;41.8831;-1;1;Autovettura privata;In marcia / fermata / arresto;Conducente;F;Illeso;0;;;
5781123;1;15/01/2022 16:00:00;Strada Urbana;LARGO DELL'AMBA ARADAM;in corrispondenza;;del civico n.;3;;Tamponamento Multiplo;Rettilineo;Una carreggiata a doppio senso;Asciutto;Asfaltata;Verticale ed orizzontale;Sereno;Normale;Buona;;0;0;0;3;12.4991;41.8831;-1;2;Autovettura privata;In marcia / fermata / arresto;Conducente;F;Illeso;0;;;
5781123;1;15/01/2022 16:00:00;Strada Urbana;LARGO DELL'AMBA ARADAM;in corrispondenza;;del civico n.;3;;Tamponamento Multiplo;Rettilineo;Una carreggiata a doppio senso;Asciutto;Asfaltata;Verticale ed orizzontale;Sereno;Normale;Buona;;0;0;0;3;12.4991;41.8831;-1;3;Autovettura privata;In marcia / fermata / arresto;Conducente;F;Illeso;0;;;
5781134;1;16/01/2022 02:00:00;Strada Urbana;LUNGOTEVERE RIPA;in prossimità;;del civico n.;8;;Infortunio per caduta del veicolo;Curva a visuale libera;Una carreggiata a senso unico di marcia;Asciutto;Asfaltata;Assente;Sereno;Scarso;Buona;;1;0;0;0;;;0;1;Motociclo a solo;In marcia / fermata / arresto;Conducente;M;Rifiuta cure immediate;0;NON DECEDUTO;;
5781220;1;16/01/2022 09:15:00;Strada Urbana;LUNGOTEVERE TESTACCIO;all'intersezione con;VIA GIOVANNI BATTISTA BODONI;VIA GIOVANNI BATTISTA BODONI;;;Scontro frontale/laterale DX fra veicoli in marcia;Incrocio;Una carreggiata a doppio senso;Asciutto;Asfaltata;Verticale ed orizzontale;Sereno;Scarso;Buona;;0;0;0;2;12.4708;41.8775;-1;1;Autovettura privata;In marcia / fermata / arresto;Conducente;M;Illeso;0;;Non accertato;Inesploso
5781220;1;16/01/2022 09:15:00;Strada Urbana;LUNGOTEVERE TESTACCIO;all'intersezione con;VIA GIOVANNI BATTISTA BODONI;VIA GIOVANNI BATTISTA BODONI;;;Scontro frontale/laterale DX fra veicoli in marcia;Incrocio;Una carreggiata a doppio senso;Asciutto;Asfaltata;Verticale ed orizzontale;Sereno;Scarso;Buona;;0;0;0;2;12.4708;41.8775;-1;2;Autovettura privata;In marcia / fermata / arresto;Conducente;M;Illeso;0;;Non accertato;Inesploso
5781230;20;15/01/2022 22:05:00;Strada Urbana;VIA GUIDO MIOTTO;in corrispondenza;;del civico n.;61;;Veicolo in marcia contro veicolo in sosta;Rettilineo;Una carreggiata a doppio senso;Asciutto;Asfaltata;Orizzontale;Sereno;Scarso;Sufficiente;;0;0;0;1;12.3484;42.0868;-1;1;Autovettura privata;In marcia / fermata / arresto;Conducente;M;Illeso;0;;Non accertato;Inesploso
5781230;20;15/01/2022 22:05:00;Strada Urbana;VIA GUIDO MIOTTO;in corrispondenza;;del civico n.;61;;Veicolo in marcia contro veicolo in sosta;Rettilineo;Una carreggiata a doppio senso;Asciutto;Asfaltata;Orizzontale;Sereno;Scarso;Sufficiente;;0;0;0;1;12.3484;42.0868;-1;2;Autovettura privata;Sosta;;;;;;;
5781230;20;15/01/2022 22:05:00;Strada Urbana;VIA GUIDO MIOTTO;in corrispondenza;;del civico n.;61;;Veicolo in marcia contro veicolo in sosta;Rettilineo;Una carreggiata a doppio senso;Asciutto;Asfaltata;Orizzontale;Sereno;Scarso;Sufficiente;;0;0;0;1;12.3484;42.0868;-1;3;Autovettura privata;Sosta;;;;;;;
5781245;20;15/01/2022 20:10:00;Provinciale;VIA BRACCIANENSE;in prossimità;;del civico n.;199;;Scontro frontale/laterale SX fra veicoli in marcia;Curva a visuale libera;Una carreggiata a doppio senso;Asciutto;Asfaltata;Verticale;Sereno;Scarso;Insufficiente;;1;0;0;2;12.3586;42.0156;-1;1;Autovettura privata;In marcia / fermata / arresto;Conducente;F;Ricoverato;0;NON DECEDUTO;Non accertato;Esploso
5781245;20;15/01/2022 20:10:00;Provinciale;VIA BRACCIANENSE;in prossimità;;del civico n.;199;;Scontro frontale/laterale SX fra veicoli in marcia;Curva a visuale libera;Una carreggiata a doppio senso;Asciutto;Asfaltata;Verticale;Sereno;Scarso;Insufficiente;;1;0;0;2;12.3586;42.0156;-1;1;Autovettura privata;In marcia / fermata / arresto;Passeggero;F;Illeso;0;;Non accertato;Esploso
5781245;20;15/01/2022 20:10:00;Provinciale;VIA BRACCIANENSE;in prossimità;;del civico n.;199;;Scontro frontale/laterale SX fra veicoli in marcia;Curva a visuale libera;Una carreggiata a doppio senso;Asciutto;Asfaltata;Verticale;Sereno;Scarso;Insufficiente;;1;0;0;2;12.3586;42.0156;-1;2;Autovettura privata;In marcia / fermata / arresto;Conducente;F;Illeso;0;;Non accertato;Esploso
5781279;1;16/01/2022 10:20:00;Strada Urbana;VIA DEL MORO;in corrispondenza;;del civico n.;47;;Investimento di pedone;Rettilineo;Una carreggiata a senso unico di marcia;Asciutto;In cubetti di porfido;Assente;Sereno;Scarso;Buona;;1;0;0;1;12.4706;41.8907;0;;;;Pedone;M;Rimandato;0;NON DECEDUTO;;
5781279;1;16/01/2022 10:20:00;Strada Urbana;VIA DEL MORO;in corrispondenza;;del civico n.;47;;Investimento di pedone;Rettilineo;Una carreggiata a senso unico di marcia;Asciutto;In cubetti di porfido;Assente;Sereno;Scarso;Buona;;1;0;0;1;12.4706;41.8907;0;1;Autovettura privata;In marcia / fermata / arresto;Conducente;F;Illeso;0;;;
5781345;9;15/01/2022 13:40:00;Strada Urbana;VIA MATERA;all'intersezione con;VIA NICASTRO;VIA NICASTRO;;;Veicolo in marcia contro veicolo in sosta;Intersezione stradale segnalata;Una carreggiata a doppio senso;Asciutto;Asfaltata;Verticale ed orizzontale;Sereno;Scarso;Buona;;0;0;0;1;12.5184;41.8826;-1;1;Autocarro inferiore 35 q.;In marcia / fermata / arresto;Conducente;M;Illeso;0;;Non accertato;Inesploso
5781345;9;15/01/2022 13:40:00;Strada Urbana;VIA MATERA;all'intersezione con;VIA NICASTRO;VIA NICASTRO;;;Veicolo in marcia contro veicolo in sosta;Intersezione stradale segnalata;Una carreggiata a doppio senso;Asciutto;Asfaltata;Verticale ed orizzontale;Sereno;Scarso;Buona;;0;0;0;1;12.5184;41.8826;-1;2;Autovettura privata;Sosta;;;;;;;
5781347;12;16/01/2022 09:15:00;Strada Urbana;VIALE ODONE BELLUZZI;in corrispondenza;;del civico n.;63;;Veicolo in marcia contro veicolo in sosta;Rettilineo;Una carreggiata a doppio senso;Asciutto;Asfaltata;Verticale ed orizzontale;Sereno;Scarso;Buona;;1;0;0;0;12.431;41.7806;-1;1;Autovettura privata;In marcia / fermata / arresto;Conducente;M;Rimandato;0;NON DECEDUTO;;
5781347;12;16/01/2022 09:15:00;Strada Urbana;VIALE ODONE BELLUZZI;in corrispondenza;;del civico n.;63;;Veicolo in marcia contro veicolo in sosta;Rettilineo;Una carreggiata a doppio senso;Asciutto;Asfaltata;Verticale ed orizzontale;Sereno;Scarso;Buona;;1;0;0;0;12.431;41.7806;-1;2;Autovettura privata;Sosta;;;;;;;
5781349;9;15/01/2022 18:03:00;Strada Urbana;VIA MAGNAGRECIA;in prossimità;;del civico n.;65;;Veicolo in marcia contro veicolo in sosta;Rettilineo;Una carreggiata a doppio senso;Asciutto;Asfaltata;Verticale ed orizzontale;Sereno;Normale;Buona;;1;0;0;1;12.5089;41.8828;-1;1;Motociclo a solo;In marcia / fermata / arresto;Conducente;F;Rimandato;0;NON DECEDUTO;Non accertato;
5781349;9;15/01/2022 18:03:00;Strada Urbana;VIA MAGNAGRECIA;in prossimità;;del civico n.;65;;Veicolo in marcia contro veicolo in sosta;Rettilineo;Una carreggiata a doppio senso;Asciutto;Asfaltata;Verticale ed orizzontale;Sereno;Normale;Buona;;1;0;0;1;12.5089;41.8828;-1;2;Autovettura privata;In marcia / fermata / arresto;Conducente;F;Illeso;0;;Non accertato;Inesploso
5781349;9;15/01/2022 18:03:00;Strada Urbana;VIA MAGNAGRECIA;in prossimità;;del civico n.;65;;Veicolo in marcia contro veicolo in sosta;Rettilineo;Una carreggiata a doppio senso;Asciutto;Asfaltata;Verticale ed orizzontale;Sereno;Normale;Buona;;1;0;0;1;12.5089;41.8828;-1;3;Autovettura privata;Sosta;;;;;;;
5781357;9;15/01/2022 19:30:00;Strada Urbana;PIAZZA CASTROREALE;da specificare;;;;fronte VIA IGLESIAS;Investimento di pedone;Rettilineo;Una carreggiata a doppio senso;Asciutto;Asfaltata;Verticale ed orizzontale;Sereno;Normale;Sufficiente;;1;0;0;1;12.5218;41.8858;-1;;;;Pedone;M;Rimandato;0;NON DECEDUTO;;
5781357;9;15/01/2022 19:30:00;Strada Urbana;PIAZZA CASTROREALE;da specificare;;;;fronte VIA IGLESIAS;Investimento di pedone;Rettilineo;Una carreggiata a doppio senso;Asciutto;Asfaltata;Verticale ed orizzontale;Sereno;Normale;Sufficiente;;1;0;0;1;12.5218;41.8858;-1;1;Motociclo a solo;In marcia / fermata / arresto;Conducente;M;Illeso;0;;Non accertato;