Protocollo;Gruppo;DataOraIncidente;Localizzazione1;STRADA1;Localizzazione2;STRADA2;Strada02;Chilometrica;DaSpecificare;NaturaIncidente;particolaritastrade;TipoStrada;FondoStradale;Pavimentazione;Segnaletica;CondizioneAtmosferica;Traffico;Visibilita;Illuminazione;NUM_FERITI;NUM_RISERVATA;NUM_MORTI;NUM_ILLESI;Longitude;Latitude;Confermato;Progressivo;TipoVeicolo;StatoVeicolo;TipoPersona;Sesso;Tipolesione;Deceduto;DecedutoDopo;CinturaCascoUtilizzato;Airbag;
5781925;4;15/01/2022 12:30:00;Strada Urbana;VIA CAPRAIA;all'intersezione con;VIA TONALE;VIA TONALE;;;Scontro frontale/laterale SX fra veicoli in marcia;Incrocio;Una carreggiata a doppio senso;Asciutto;Asfaltata;Verticale ed orizzontale;Sereno;Normale;Buona;;0;0;0;3;12.5348;41.9487;-1;2;Autovettura privata;In marcia / fermata / arresto;Conducente;F;Illeso;0;;;
5781928;4;15/01/2022 11:40:00;Strada Urbana;VIA UGO OJETTI;in prossimità;;del civico n.;22;;Tamponamento;Rettilineo;Due carreggiate;Asciutto;Asfaltata;Verticale ed orizzontale;Sereno;Normale;Buona;;0;0;0;1;12.5487;41.9437;-1;1;Autovettura privata;In marcia / fermata / arresto;Conducente;M;Illeso;0;;;
5781928;4;15/01/2022 11:40:00;Strada Urbana;VIA UGO OJETTI;in prossimità;;del civico n.;22;;Tamponamento;Rettilineo;Due carreggiate;Asciutto;Asfaltata;Verticale ed orizzontale;Sereno;Normale;Buona;;0;0;0;1;12.5487;41.9437;-1;2;Motociclo a solo;In marcia / fermata / arresto;;;;;;;
5781932;6;16/01/2022 18:30:00;Strada Urbana;VIA PRENESTINA;in corrispondenza;;del civico n.;457;;Veicolo in marcia contro veicolo in sosta;Rettilineo;Due carreggiate;Asciutto;Asfaltata;Verticale ed orizzontale;Sereno;Scarso;Sufficiente;;1;0;0;0;12.5689;41.8949;-1;1;Autovettura privata;In marcia / fermata / arresto;Conducente;M;Rifiuta cure immediate;0;NON DECEDUTO;Non accertato;Inesploso
5781932;6;16/01/2022 18:30:00;Strada Urbana;VIA PRENESTINA;in corrispondenza;;del civico n.;457;;Veicolo in marcia contro veicolo in sosta;Rettilineo;Due carreggiate;Asciutto;Asfaltata;Verticale ed orizzontale;Sereno;Scarso;Sufficiente;;1;0;0;0;12.5689;41.8949;-1;2;Autovettura privata;Sosta;;;;;;;
5781942;4;16/01/2022 22:10:00;Strada Urbana;VIA AUGUSTO PIERANTONI;in corrispondenza;;del civico n.;34;;Veicolo in marcia contro veicolo in sosta;Rettilineo;Una carreggiata a senso unico di marcia;Asciutto;Asfaltata;Verticale;Sereno;Normale;Buona;;0;0;0;1;12.5193;41.9501;-1;1;Autovettura privata;Sosta;;;;;;;
5781942;4;16/01/2022 22:10:00;Strada Urbana;VIA AUGUSTO PIERANTONI;in corrispondenza;;del civico n.;34;;Veicolo in marcia contro veicolo in sosta;Rettilineo;Una carreggiata a senso unico di marcia;Asciutto;Asfaltata;Verticale;Sereno;Normale;Buona;;0;0;0;1;12.5193;41.9501;-1;2;Autovettura privata;In marcia / fermata / arresto;Conducente;M;Illeso;0;;;
5781949;20;17/01/2022 00:30:00;Strada Urbana;VIA DEGLI ORTI DELLA FARNESINA;da specificare;;;;all'altezza di via dei Duchi di Castro;Veicolo in marcia contro veicoli in sosta;Rettilineo;Una carreggiata a doppio senso;Asciutto;Asfaltata;Verticale ed orizzontale;Sereno;Scarso;Buona;;1;0;0;0;12.4632;41.9401;-1;1;Autovettura privata;In marcia / fermata / arresto;Conducente;M;Rifiuta cure immediate;0;NON DECEDUTO;;
5781949;20;17/01/2022 00:30:00;Strada Urbana;VIA DEGLI ORTI DELLA FARNESINA;da specificare;;;;all'altezza di via dei Duchi di Castro;Veicolo in marcia contro veicoli in sosta;Rettilineo;Una carreggiata a doppio senso;Asciutto;Asfaltata;Verticale ed orizzontale;Sereno;Scarso;Buona;;1;0;0;0;12.4632;41.9401;-1;2;Autovettura privata;Sosta;;;;;;;
5781949;20;17/01/2022 00:30:00;Strada Urbana;VIA DEGLI ORTI DELLA FARNESINA;da specificare;;;;all'altezza di via dei Duchi di Castro;Veicolo in marcia contro veicoli in sosta;Rettilineo;Una carreggiata a doppio senso;Asciutto;Asfaltata;Verticale ed orizzontale;Sereno;Scarso;Buona;;1;0;0;0;12.4632;41.9401;-1;3;Autovettura privata;Sosta;;;;;;;
5781951;12;16/01/2022 17:15:00;Strada Urbana;VIA STEFANO PETRIS;all'intersezione con;VIA DI VIGNA MURATA;VIA DI VIGNA MURATA;;;Veicolo in marcia contro ostacolo fisso;Incrocio;Una carreggiata a doppio senso;Asciutto;Asfaltata;Verticale ed orizzontale;Sereno;Scarso;Buona;;0;0;0;2;12.4958;41.8257;-1;1;Autovettura di polizia;In marcia / fermata / arresto;Conducente;M;Illeso;0;;;
5781951;12;16/01/2022 17:15:00;Strada Urbana;VIA STEFANO PETRIS;all'intersezione con;VIA DI VIGNA MURATA;VIA DI VIGNA MURATA;;;Veicolo in marcia contro ostacolo fisso;Incrocio;Una carreggiata a doppio senso;Asciutto;Asfaltata;Verticale ed orizzontale;Sereno;Scarso;Buona;;0;0;0;2;12.4958;41.8257;-1;1;Autovettura di polizia;In marcia / fermata / arresto;Passeggero;M;Illeso;0;;Utilizzato;
5781955;10;15/01/2022 10:30:00;Strada Urbana;VIA TUSCOLANA;in corrispondenza;;del civico n.;941;;Veicolo in marcia contro veicoli in sosta;Rettilineo;Due carreggiate;Asciutto;Asfaltata;Verticale ed orizzontale;Sereno;Normale;Buona;;0;0;0;3;12.5639;41.8561;-1;2;Autovettura privata;In marcia / fermata / arresto;Conducente;M;Illeso;0;;Non accertato;Inesploso
5781955;10;15/01/2022 10:30:00;Strada Urbana;VIA TUSCOLANA;in corrispondenza;;del civico n.;941;;Veicolo in marcia contro veicoli in sosta;Rettilineo;Due carreggiate;Asciutto;Asfaltata;Verticale ed orizzontale;Sereno;Normale;Buona;;0;0;0;3;12.5639;41.8561;-1;2;Autovettura privata;In marcia / fermata / arresto;Passeggero;F;Illeso;0;;Non accertato;Inesploso
5781955;10;15/01/2022 10:30:00;Strada Urbana;VIA TUSCOLANA;in corrispondenza;;del civico n.;941;;Veicolo in marcia contro veicoli in sosta;Rettilineo;Due carreggiate;Asciutto;Asfaltata;Verticale ed orizzontale;Sereno;Normale;Buona;;0;0;0;3;12.5639;41.8561;-1;3;Autovettura privata;In marcia / fermata / arresto;Conducente;M;Illeso;0;;Non accertato;Inesploso
5781955;10;15/01/2022 10:30:00;Strada Urbana;VIA TUSCOLANA;in corrispondenza;;del civico n.;941;;Veicolo in marcia contro veicoli in sosta;Rettilineo;Due carreggiate;Asciutto;Asfaltata;Verticale ed orizzontale;Sereno;Normale;Buona;;0;0;0;3;12.5639;41.8561;-1;4;Autovettura privata;Sosta;;;;;;;
5781982;5;14/01/2022 06:45:00;Strada Urbana;VIA TIBURTINA;da specificare;;;;alt. sottopasso settecamini direzione roma centro;Tamponamento Multiplo;Sottopasso illuminato;Più di due carreggiate;Asciutto;Asfaltata;Verticale ed orizzontale;Sereno;Normale;Buona;;0;0;0;3;12.5739;41.9257;-1;1;Autovettura privata;In marcia / fermata / arresto;Conducente;M;Illeso;0;;Non accertato;
5781982;5;14/01/2022 06:45:00;Strada Urbana;VIA TIBURTINA;da specificare;;;;alt. sottopasso settecamini direzione roma centro;Tamponamento Multiplo;Sottopasso illuminato;Più di due carreggiate;Asciutto;Asfaltata;Verticale ed orizzontale;Sereno;Normale;Buona;;0;0;0;3;12.5739;41.9257;-1;2;Autovettura privata;In marcia / fermata / arresto;Conducente;M;Illeso;0;;Non accertato;
5781982;5;14/01/2022 06:45:00;Strada Urbana;VIA TIBURTINA;da specificare;;;;alt. sottopasso settecamini direzione roma centro;Tamponamento Multiplo;Sottopasso illuminato;Più di due carreggiate;Asciutto;Asfaltata;Verticale ed orizzontale;Sereno;Normale;Buona;;0;0;0;3;12.5739;41.9257;-1;3;Autovettura privata;In marcia / fermata / arresto;Conducente;M;Illeso;0;;Non accertato;
5781985;1;16/01/2022 13:05:00;Strada Urbana;VIA DEI BAULLARI;in prossimità;;del civico n.;140/A;;Investimento di pedone;Rettilineo;Una carreggiata a senso unico di marcia;Asciutto;In cubetti di porfido;Verticale ed orizzontale;Sereno;Normale;Buona;;1;0;0;0;12.4725;41.8964;0;;;;Pedone;F;Rimandato;0;NON DECEDUTO;;
5781985;1;16/01/2022 13:05:00;Strada Urbana;VIA DEI BAULLARI;in prossimità;;del civico n.;140/A;;Investimento di pedone;Rettilineo;Una carreggiata a senso unico di marcia;Asciutto;In cubetti di porfido;Verticale ed orizzontale;Sereno;Normale;Buona;;1;0;0;0;12.4725;41.8964;0;1;Autovettura privata;Allontanatosi;;;;;;;
5781991;4;15/01/2022 18:45:00;Provinciale entro l'abitato;VIA NOMENTANA;all'intersezione con;VIA DI S. ALESSANDRO;VIA DI S. ALESSANDRO;;;Scontro frontale/laterale SX fra veicoli in marcia;Incrocio;Una carreggiata a doppio senso;Asciutto;Asfaltata;Verticale ed orizzontale;Sereno;Normale;Sufficiente;;0;0;0;2;12.5737;41.959;-1;1;Autovettura privata;In marcia / fermata / arresto;Conducente;F;Illeso;0;;Non accertato;Inesploso
5781991;4;15/01/2022 18:45:00;Provinciale entro l'abitato;VIA NOMENTANA;all'intersezione con;VIA DI S. ALESSANDRO;VIA DI S. ALESSANDRO;;;Scontro frontale/laterale SX fra veicoli in marcia;Incrocio;Una carreggiata a doppio senso;Asciutto;Asfaltata;Verticale ed orizzontale;Sereno;Normale;Sufficiente;;0;0;0;2;12.5737;41.959;-1;2;Autovettura privata;In marcia / fermata / arresto;Conducente;M;Illeso;0;;Non accertato;Inesploso
5781993;5;14/01/2022 07:30:00;Strada Urbana;VIA TIBURTINA;da specificare;;;;prossimità VIA E. B. GIANNI;Scontro laterale fra veicoli in marcia;Rettilineo;Due carreggiate;Asciutto;Asfaltata;Orizzontale;Sereno;Normale;Buona;;0;0;0;2;12.5739;41.9257;-1;1;Autoarticolato;In marcia / fermata / arresto;Conducente;M;Illeso;0;;Non accertato;
5781993;5;14/01/2022 07:30:00;Strada Urbana;VIA TIBURTINA;da specificare;;;;prossimità VIA E. B. GIANNI;Scontro laterale fra veicoli in marcia;Rettilineo;Due carreggiate;Asciutto;Asfaltata;Orizzontale;Sereno;Normale;Buona;;0;0;0;2;12.5739;41.9257;-1;2;Autovettura privata;In marcia / fermata / arresto;Conducente;M;Illeso;0;;Non accertato;
5782005;5;14/01/2022 11:00:00;Strada Urbana;VIA MONTECAROTTO;all'intersezione con;VIA CORRIDONIA;VIA CORRIDONIA;;;Scontro frontale/laterale DX fra veicoli in marcia;Incrocio;Una carreggiata a doppio senso;Asciutto;Asfaltata;Verticale ed orizzontale;Sereno;Normale;Buona;;0;0;0;2;12.5813;41.9419;-1;1;Autovettura privata;In marcia / fermata / arresto;Conducente;M;Illeso;0;;Non accertato;
5782005;5;14/01/2022 11:00:00;Strada Urbana;VIA MONTECAROTTO;all'intersezione con;VIA CORRIDONIA;VIA CORRIDONIA;;;Scontro frontale/laterale DX fra veicoli in marcia;Incrocio;Una carreggiata a doppio senso;Asciutto;Asfaltata;Verticale ed orizzontale;Sereno;Normale;Buona;;0;0;0;2;12.5813;41.9419;-1;2;Autovettura privata;In marcia / fermata / arresto;Conducente;M;Illeso;0;;Non accertato;
5782007;20;16/01/2022 15:30:00;Strada Urbana;VIA DELLA STAZIONE DI CESANO;da specificare;;;;IN CORRISPONDENZA PALO LUCE N. 288;Veicolo in marcia contro ostacolo fisso;Rettilineo;Una carreggiata a doppio senso;Asciutto;Asfaltata;Verticale ed orizzontale;Sereno;Normale;Buona;;0;0;0;3;12.3241;42.0598;-1;1;Autovettura privata;In marcia / fermata / arresto;Conducente;M;Illeso;0;;Non accertato;
5782007;20;16/01/2022 15:30:00;Strada Urbana;VIA DELLA STAZIONE DI CESANO;da specificare;;;;IN CORRISPONDENZA PALO LUCE N. 288;Veicolo in marcia contro ostacolo fisso;Rettilineo;Una carreggiata a doppio senso;Asciutto;Asfaltata;Verticale ed orizzontale;Sereno;Normale;Buona;;0;0;0;3;12.3241;42.0598;-1;1;Autovettura privata;In marcia / fermata / arresto;Passeggero;F;Illeso;0;;Non accertato;
5782007;20;16/01/2022 15:30:00;Strada Urbana;VIA DELLA STAZIONE DI CESANO;da specificare;;;;IN CORRISPONDENZA PALO LUCE N. 288;Veicolo in marcia contro ostacolo fisso;Rettilineo;Una carreggiata a doppio senso;Asciutto;Asfaltata;Verticale ed orizzontale;Sereno;Normale;Buona;;0;0;0;3;12.3241;42.0598;-1;1;Autovettura privata;In marcia / fermata / arresto;Passeggero;M;Illeso;0;;Non accertato;
5782013;5;14/01/2022 11:30:00;Strada Urbana;VIA DI PIETRALATA;all'intersezione con;VIA PAN;VIA PAN;;;Veicolo in marcia contro treno;Incrocio;Una carreggiata a doppio senso;Asciutto;Asfaltata;Verticale ed orizzontale;Sereno;Normale;Buona;;1;0;0;1;12.5469;41.9213;-1;1;Autovettura privata;In marcia / fermata / arresto;Conducente;M;Illeso;0;;Non accertato;
5782013;5;14/01/2022 11:30:00;Strada Urbana;VIA DI PIETRALATA;all'intersezione con;VIA PAN;VIA PAN;;;Veicolo in marcia contro treno;Incrocio;Una carreggiata a doppio senso;Asciutto;Asfaltata;Verticale ed orizzontale;Sereno;Normale;Buona;;1;0;0;1;12.5469;41.9213;-1;2;Motociclo a solo;In marcia / fermata / arresto;Conducente;M;Rimandato;0;NON DECEDUTO;Non accertato;
5782020;16;14/01/2022 08:35:00;Strada Urbana;VIA DEGLI ALDOBRANDESCHI;all'intersezione con;VIA DI VILLA TROILI;VIA DI VILLA TROILI;;;Scontro laterale fra veicoli in marcia;Intersezione stradale segnalata;Una carreggiata a doppio senso;Asciutto;Asfaltata;Assente;Sereno;Normale;Buona;;1;0;0;1;12.3987;41.8791;-1;1;Motociclo a solo;In marcia / fermata / arresto;Conducente;M;Rimandato;0;NON DECEDUTO;Non accertato;
5782020;16;14/01/2022 08:35:00;Strada Urbana;VIA DEGLI ALDOBRANDESCHI;all'intersezione con;VIA DI VILLA TROILI;VIA DI VILLA TROILI;;;Scontro laterale fra veicoli in marcia;Intersezione stradale segnalata;Una carreggiata a doppio senso;Asciutto;Asfaltata;Assente;Sereno;Normale;Buona;;1;0;0;1;12.3987;41.8791;-1;2;Autovettura privata;In marcia / fermata / arresto;Conducente;M;Illeso;0;;Non accertato;Inesploso
5782028;19;14/01/2022 16:20:00;Strada Urbana;VIA GIANNINA MILLI;da specificare;;;;fronte civ. 1;Veicolo in marcia contro veicolo in sosta;Rettilineo;Una carreggiata a senso unico di marcia;Asciutto;Asfaltata;Orizzontale;Sereno;Normale;Buona;;0;0;0;0;12.4214;41.9431;-1;1;Autogru;Allontanatosi;;;;;;;
5782028;19;14/01/2022 16:20:00;Strada Urbana;VIA GIANNINA MILLI;da specificare;;;;fronte civ. 1;Veicolo in marcia contro veicolo in sosta;Rettilineo;Una carreggiata a senso unico di marcia;Asciutto;Asfaltata;Orizzontale;Sereno;Normale;Buona;;0;0;0;0;12.4214;41.9431;-1;2;Autovettura privata;Sosta;;;;;;;
5782032;5;14/01/2022 12:20:00;Strada Urbana;VIA DONATO MENICHELLA;in prossimità;;del civico n.;142;;Fuoriuscita dalla sede stradale;Rettilineo;Una carreggiata a senso unico di marcia;Asciutto;Asfaltata;Verticale ed orizzontale;Sereno;Normale;Buona;;0;0;0;1;12.5856;41.948;-1;1;Autovettura privata;In marcia / fermata / arresto;Conducente;M;Illeso;0;;Non utilizzato;
5782036;16;14/01/2022 12:35:00;Strada Urbana;VIA DI MONTE VERDE;in prossimità;;del civico n.;76;;Scontro laterale fra veicoli in marcia;Rettilineo;Una carreggiata a senso unico di marcia;Asciutto;Asfaltata;Verticale ed orizzontale;Sereno;Normale;Buona;;0;0;0;2;12.4512;41.8714;-1;1;Autovettura privata;In marcia / fermata / arresto;Conducente;M;Illeso;0;;Non accertato;Inesploso
5782036;16;14/01/2022 12:35:00;Strada Urbana;VIA DI MONTE VERDE;in prossimità;;del civico n.;76;;Scontro laterale fra veicoli in marcia;Rettilineo;Una carreggiata a senso unico di marcia;Asciutto;Asfaltata;Verticale ed orizzontale;Sereno;Normale;Buona;;0;0;0;2;12.4512;41.8714;-1;2;Autovettura privata;In marcia / fermata / arresto;Conducente;F;Illeso;0;;Non accertato;Inesploso
5782052;16;14/01/2022 23:10:00;Strada Urbana;VIALE DEI COLLI PORTUENSI;all'intersezione con;VIA ADOLFO GANDIGLIO;VIA ADOLFO GANDIGLIO;;;Tamponamento Multiplo;Incrocio;Due carreggiate;Asciutto;Asfaltata;Verticale ed orizzontale;Sereno;Scarso;Buona;;1;0;0;3;12.4441;41.8666;-1;1;Autovettura privata;In marcia / fermata / arresto;Conducente;M;Illeso;0;;Non accertato;Inesploso
5782052;16;14/01/2022 23:10:00;Strada Urbana;VIALE DEI COLLI PORTUENSI;all'intersezione con;VIA ADOLFO GANDIGLIO;VIA ADOLFO GANDIGLIO;;;Tamponamento Multiplo;Incrocio;Due carreggiate;Asciutto;Asfaltata;Verticale ed orizzontale;Sereno;Scarso;Buona;;1;0;0;3;12.4441;41.8666;-1;1;Autovettura privata;In marcia / fermata / arresto;Passeggero;F;Illeso;0;;Non accertato;Inesploso
5782052;16;14/01/2022 23:10:00;Strada Urbana;VIALE DEI COLLI PORTUENSI;all'intersezione con;VIA ADOLFO GANDIGLIO;VIA ADOLFO GANDIGLIO;;;Tamponamento Multiplo;Incrocio;Due carreggiate;Asciutto;Asfaltata;Verticale ed orizzontale;Sereno;Scarso;Buona;;1;0;0;3;12.4441;41.8666;-1;2;Autovettura privata;In marcia / fermata / arresto;Conducente;M;Illeso;0;;Non accertato;Inesploso
5782052;16;14/01/2022 23:10:00;Strada Urbana;VIALE DEI COLLI PORTUENSI;all'intersezione con;VIA ADOLFO GANDIGLIO;VIA ADOLFO GANDIGLIO;;;Tamponamento Multiplo;Incrocio;Due carreggiate;Asciutto;Asfaltata;Verticale ed orizzontale;Sereno;Scarso;Buona;;1;0;0;3;12.4441;41.8666;-1;3;Autovettura privata;In marcia / fermata / arresto;Conducente;F;Rimandato;0;NON DECEDUTO;Non accertato;Inesploso
5782059;4;16/01/2022 09:15:00;Strada Urbana;VIA GIOVANNI CONTI;in prossimità;;del civico n.;30;;Infortunio per sola frenata improvvisa;Rettilineo;Due carreggiate;Asciutto;Asfaltata;Verticale ed orizzontale;Sereno;Normale;Buona;;2;0;0;0;12.5288;41.9521;-1;1;Ciclomotore;In marcia / fermata / arresto;Conducente;F;Rifiuta cure immediate;0;NON DECEDUTO;;
5782059;4;16/01/2022 09:15:00;Strada Urbana;VIA GIOVANNI CONTI;in prossimità;;del civico n.;30;;Infortunio per sola frenata improvvisa;Rettilineo;Due carreggiate;Asciutto;Asfaltata;Verticale ed orizzontale;Sereno;Normale;Buona;;2;0;0;0;12.5288;41.9521;-1;1;Ciclomotore;In marcia / fermata / arresto;Passeggero;M;Rifiuta cure immediate;0;NON DECEDUTO;;
5782064;2;14/01/2022 06:40:00;Strada Urbana;VIA SAN MARINO;all'intersezione con;VIA GRADISCA;VIA GRADISCA;;;Veicolo in marcia contro ostacolo fisso;Incrocio;Una carreggiata a senso unico di marcia;Asciutto;Asfaltata;Verticale ed orizzontale;Sereno;Normale;Buona;;0;0;0;1;12.512;41.9216;-1;1;Autocarro inferiore 35 q.;In marcia / fermata / arresto;Conducente;M;Illeso;0;;Non accertato;Inesploso
5782066;5;14/01/2022 14:35:00;Strada Urbana;VIA S.GIOVANNI IN ARGENTELLA;in prossimità;;del civico n.;140;;Scontro frontale/laterale DX fra veicoli in marcia;Rettilineo;Una carreggiata a doppio senso;Asciutto;Asfaltata;Assente;Sereno;Scarso;Buona;;0;0;0;3;12.6001;41.9502;-1;1;Autocarro inferiore 35 q.;In marcia / fermata / arresto;Conducente;M;Illeso;0;;Non accertato;
5782066;5;14/01/2022 14:35:00;Strada Urbana;VIA S.GIOVANNI IN ARGENTELLA;in prossimità;;del civico n.;140;;Scontro frontale/laterale DX fra veicoli in marcia;Rettilineo;Una carreggiata a doppio senso;Asciutto;Asfaltata;Assente;Sereno;Scarso;Buona;;0;0;0;3;12.6001;41.9502;-1;1;Autocarro inferiore 35 q.;In marcia / fermata / arresto;Passeggero;M;Illeso;0;;Non accertato;
5782066;5;14/01/2022 14:35:00;Strada Urbana;VIA S.GIOVANNI IN ARGENTELLA;in prossimità;;del civico n.;140;;Scontro frontale/laterale DX fra veicoli in marcia;Rettilineo;Una carreggiata a doppio senso;Asciutto;Asfaltata;Assente;Sereno;Scarso;Buona;;0;0;0;3;12.6001;41.9502;-1;2;Autovettura privata;In marcia / fermata / arresto;Conducente;F;Illeso;0;;Non accertato;
5782067;2;15/01/2022 16:00:00;Strada Urbana;VIALE MARESCIALLO PILSUDSKI;da specificare;;;;alt. Rampa uscita C.so Francia dir centro;Tamponamento;Curva a visuale libera;Due carreggiate;Asciutto;Asfaltata;Orizzontale;Sereno;Intenso;Buona;;3;0;0;1;12.4752;41.9277;-1;1;Quadriciclo;In marcia / fermata / arresto;Conducente;M;Illeso;0;;;
5782067;2;15/01/2022 16:00:00;Strada Urbana;VIALE MARESCIALLO PILSUDSKI;da specificare;;;;alt. Rampa uscita C.so Francia dir centro;Tamponamento;Curva a visuale libera;Due carreggiate;Asciutto;Asfaltata;Orizzontale;Sereno;Intenso;Buona;;3;0;0;1;12.4752;41.9277;-1;2;Autovettura privata;In marcia / fermata / arresto;Conducente;M;Rifiuta cure immediate;0;NON DECEDUTO;;
5782067;2;15/01/2022 16:00:00;Strada Urbana;VIALE MARESCIALLO PILSUDSKI;da specificare;;;;alt. Rampa uscita C.so Francia dir centro;Tamponamento;Curva a visuale libera;Due carreggiate;Asciutto;Asfaltata;Orizzontale;Sereno;Intenso;Buona;;3;0;0;1;12.4752;41.9277;-1;2;Autovettura privata;In marcia / fermata / arresto;Passeggero;F;Rifiuta cure immediate;0;NON DECEDUTO;;
5782067;2;15/01/2022 16:00:00;Strada Urbana;VIALE MARESCIALLO PILSUDSKI;da specificare;;;;alt. Rampa uscita C.so Francia dir centro;Tamponamento;Curva a visuale libera;Due carreggiate;Asciutto;Asfaltata;Orizzontale;Sereno;Intenso;Buona;;3;0;0;1;12.4752;41.9277;-1;2;Autovettura privata;In marcia / fermata / arresto;Passeggero;F;Rifiuta cure immediate;0;NON DECEDUTO;;
5782069;2;14/01/2022 11:00:00;Strada Urbana;VIA DI PRISCILLA;all'intersezione con;VIA DI NOVELLA;VIA DI NOVELLA;;;Scontro laterale fra veicoli in marcia;Incrocio;Una carreggiata a doppio senso;Asciutto;Asfaltata;Verticale ed orizzontale;Sereno;Normale;Buona;;0;0;0;2;12.5105;41.9307;-1;1;Autovettura privata;In marcia / fermata / arresto;Conducente;M;Illeso;0;;Non accertato;Inesploso
5782069;2;14/01/2022 11:00:00;Strada Urbana;VIA DI PRISCILLA;all'intersezione con;VIA DI NOVELLA;VIA DI NOVELLA;;;Scontro laterale fra veicoli in marcia;Incrocio;Una carreggiata a doppio senso;Asciutto;Asfaltata;Verticale ed orizzontale;Sereno;Normale;Buona;;0;0;0;2;12.5105;41.9307;-1;2;Autovettura privata;In marcia / fermata / arresto;Conducente;M;Illeso;0;;Non accertato;Inesploso
5782071;2;14/01/2022 18:20:00;Strada Urbana;LARGO SOMALIA;da specificare;;;;fronte via Felice Anerio;Ribaltamento senza urto contro ostacolo fisso;Rettilineo;Una carreggiata a doppio senso;Asciutto;Asfaltata;Verticale ed orizzontale;Sereno;Normale;Buona;;0;0;0;1;12.5151;41.936;-1;1;Ciclomotore;In marcia / fermata / arresto;Conducente;M;Illeso;0;;;
5782075;2;14/01/2022 22:50:00;Strada Urbana;VIA SALARIA;da specificare;;;;km 16 alt. distributore IP dir. Monterotondo;Scontro laterale fra veicoli in marcia;Rettilineo;Una carreggiata a doppio senso;Asciutto;Asfaltata;Orizzontale;Sereno;Scarso;Sufficiente;;0;0;0;5;12.5115;41.9873;-1;1;Autovettura privata;In marcia / fermata / arresto;Conducente;M;Illeso;0;;Non accertato;Inesploso
5782075;2;14/01/2022 22:50:00;Strada Urbana;VIA SALARIA;da specificare;;;;km 16 alt. distributore IP dir. Monterotondo;Scontro laterale fra veicoli in marcia;Rettilineo;Una carreggiata a doppio senso;Asciutto;Asfaltata;Orizzontale;Sereno;Scarso;Sufficiente;;0;0;0;5;12.5115;41.9873;-1;1;Autovettura privata;In marcia / fermata / arresto;Passeggero;M;Illeso;0;;Non accertato;Inesploso
5782075;2;14/01/2022 22:50:00;Strada Urbana;VIA SALARIA;da specificare;;;;km 16 alt. distributore IP dir. Monterotondo;Scontro laterale fra veicoli in marcia;Rettilineo;Una carreggiata a doppio senso;Asciutto;Asfaltata;Orizzontale;Sereno;Scarso;Sufficiente;;0;0;0;5;12.5115;41.9873;-1;1;Autovettura privata;In marcia / fermata / arresto;Passeggero;M;Illeso;0;;Non accertato;Inesploso
5782075;2;14/01/2022 22:50:00;Strada Urbana;VIA SALARIA;da specificare;;;;km 16 alt. distributore IP dir. Monterotondo;Scontro laterale fra veicoli in marcia;Rettilineo;Una carreggiata a doppio senso;Asciutto;Asfaltata;Orizzontale;Sereno;Scarso;Sufficiente;;0;0;0;5;12.5115;41.9873;-1;2;Autovettura privata;In marcia / fermata / arresto;Conducente;M;Illeso;0;;Non accertato;Inesploso
5782078;2;15/01/2022 13:15:00;Strada Urbana;VIA ANDREA BREGNO;all'intersezione con;VIA DEI CAMPORESE;VIA DEI CAMPORESE;;;Veicolo in marcia contro veicolo in sosta;Intersezione stradale segnalata;Una carreggiata a senso unico di marcia;Asciutto;Asfaltata;Verticale ed orizzontale;Sereno;Scarso;Sufficiente;;0;0;0;2;12.4632;41.9268;-1;1;Autovettura privata;Sosta;;;;;;;
5782078;2;15/01/2022 13:15:00;Strada Urbana;VIA ANDREA BREGNO;all'intersezione con;VIA DEI CAMPORESE;VIA DEI CAMPORESE;;;Veicolo in marcia contro veicolo in sosta;Intersezione stradale segnalata;Una carreggiata a senso unico di marcia;Asciutto;Asfaltata;Verticale ed orizzontale;Sereno;Scarso;Sufficiente;;0;0;0;2;12.4632;41.9268;-1;2;Autovettura privata;In marcia / fermata / arresto;Conducente;M;Illeso;0;;;
5782078;2;15/01/2022 13:15:00;Strada Urbana;VIA ANDREA BREGNO;all'intersezione con;VIA DEI CAMPORESE;VIA DEI CAMPORESE;;;Veicolo in marcia contro veicolo in sosta;Intersezione stradale segnalata;Una carreggiata a senso unico di marcia;Asciutto;Asfaltata;Verticale ed orizzontale;Sereno;Scarso;Sufficiente;;0;0;0;2;12.4632;41.9268;-1;2;Autovettura privata;In marcia / fermata / arresto;Passeggero;F;Illeso;0;;;
5782082;5;14/01/2022 15:30:00;Strada Urbana;VIA DI PORTONACCIO;in prossimità;;del civico n.;52;;Scontro laterale fra veicoli in marcia;Rettilineo;Una carreggiata a doppio senso;Asciutto;Asfaltata;Orizzontale;Sereno;Normale;Buona;;0;0;0;2;12.536;41.9029;-1;1;Autobus di linea;In marcia / fermata / arresto;Conducente;M;Illeso;0;;Non utilizzato;Inesploso