Protocollo;Gruppo;DataOraIncidente;Localizzazione1;STRADA1;Localizzazione2;STRADA2;Strada02;Chilometrica;DaSpecificare;NaturaIncidente;particolaritastrade;TipoStrada;FondoStradale;Pavimentazione;Segnaletica;CondizioneAtmosferica;Traffico;Visibilita;Illuminazione;NUM_FERITI;NUM_RISERVATA;NUM_MORTI;NUM_ILLESI;Longitude;Latitude;Confermato;Progressivo;TipoVeicolo;StatoVeicolo;TipoPersona;Sesso;Tipolesione;Deceduto;DecedutoDopo;CinturaCascoUtilizzato;Airbag;
5782576;12;14/01/2022 11:30:00;Strada Urbana;VIALE DEGLI EROI DI CEFALONIA;da specificare;;;;altezza svincolo complanare via Pontina dir. Roma;Scontro laterale fra veicoli in marcia;Rettilineo;Una carreggiata a senso unico di marcia;Asciutto;Asfaltata;Verticale ed orizzontale;Sereno;Scarso;Buona;;0;0;0;2;12.4391;41.7807;-1;2;Autovettura privata;In marcia / fermata / arresto;Conducente;M;Illeso;0;;Utilizzato;Inesploso
5782604;12;14/01/2022 11:20:00;Strada Urbana;VIA DI DECIMA;all'intersezione con;VIA CATERINA TROIANI;VIA CATERINA TROIANI;;;Scontro laterale fra veicoli in marcia;Incrocio;Una carreggiata a doppio senso;Asciutto;Asfaltata;Verticale ed orizzontale;Sereno;Scarso;Buona;;0;0;0;2;12.4516;41.8151;-1;1;Autovettura privata;In marcia / fermata / arresto;Conducente;F;Illeso;0;;Utilizzato;Inesploso
5782604;12;14/01/2022 11:20:00;Strada Urbana;VIA DI DECIMA;all'intersezione con;VIA CATERINA TROIANI;VIA CATERINA TROIANI;;;Scontro laterale fra veicoli in marcia;Incrocio;Una carreggiata a doppio senso;Asciutto;Asfaltata;Verticale ed orizzontale;Sereno;Scarso;Buona;;0;0;0;2;12.4516;41.8151;-1;2;Autocarro inferiore 35 q.;In marcia / fermata / arresto;Conducente;M;Illeso;0;;;
5782627;12;14/01/2022 14:10:00;Strada Urbana;PIAZZA BEATA VERGINE DEL CARMELO;in prossimità;;del palo luce n.;10;;Scontro laterale fra veicoli in marcia;Rettilineo;Una carreggiata a senso unico di marcia;Asciutto;Asfaltata;Orizzontale;Sereno;Normale;Buona;;0;0;0;3;12.444;41.8084;-1;1;Autovettura privata;In marcia / fermata / arresto;Conducente;F;Illeso;0;;Utilizzato;Inesploso
5782627;12;14/01/2022 14:10:00;Strada Urbana;PIAZZA BEATA VERGINE DEL CARMELO;in prossimità;;del palo luce n.;10;;Scontro laterale fra veicoli in marcia;Rettilineo;Una carreggiata a senso unico di marcia;Asciutto;Asfaltata;Orizzontale;Sereno;Normale;Buona;;0;0;0;3;12.444;41.8084;-1;2;Autovettura privata;In marcia / fermata / arresto;Conducente;F;Illeso;0;;Utilizzato;Inesploso
5782627;12;14/01/2022 14:10:00;Strada Urbana;PIAZZA BEATA VERGINE DEL CARMELO;in prossimità;;del palo luce n.;10;;Scontro laterale fra veicoli in marcia;Rettilineo;Una carreggiata a senso unico di marcia;Asciutto;Asfaltata;Orizzontale;Sereno;Normale;Buona;;0;0;0;3;12.444;41.8084;-1;2;Autovettura privata;In marcia / fermata / arresto;Passeggero;M;Illeso;0;;Utilizzato;Inesploso
5782639;18;15/01/2022 15:15:00;Strada Urbana;VIA AURELIA;da specificare;;;;fronte civico 719 direzione Civitavecchia;Ribaltamento senza urto contro ostacolo fisso;Rettilineo;Più di due carreggiate;Asciutto;Asfaltata;Verticale ed orizzontale;Sereno;Normale;Buona;;1;0;0;0;12.4012;41.8861;-1;1;Motociclo a solo;In marcia / fermata / arresto;Conducente;M;Rimandato;0;NON DECEDUTO;;
5782641;6;17/01/2022 13:35:00;Strada Urbana;VIA CASILINA;in corrispondenza;;del civico n.;211;;Tamponamento Multiplo;Rettilineo;Una carreggiata a senso unico di marcia;Asciutto;Asfaltata;Verticale ed orizzontale;Sereno;Normale;Buona;;1;0;0;2;12.5265;41.8871;-1;1;Autovettura privata;In marcia / fermata / arresto;Conducente;F;Illeso;0;;Non accertato;Inesploso
5782641;6;17/01/2022 13:35:00;Strada Urbana;VIA CASILINA;in corrispondenza;;del civico n.;211;;Tamponamento Multiplo;Rettilineo;Una carreggiata a senso unico di marcia;Asciutto;Asfaltata;Verticale ed orizzontale;Sereno;Normale;Buona;;1;0;0;2;12.5265;41.8871;-1;2;Autovettura privata;In marcia / fermata / arresto;Conducente;M;Rifiuta cure immediate;0;NON DECEDUTO;Non accertato;Inesploso
5782641;6;17/01/2022 13:35:00;Strada Urbana;VIA CASILINA;in corrispondenza;;del civico n.;211;;Tamponamento Multiplo;Rettilineo;Una carreggiata a senso unico di marcia;Asciutto;Asfaltata;Verticale ed orizzontale;Sereno;Normale;Buona;;1;0;0;2;12.5265;41.8871;-1;3;Autovettura privata;In marcia / fermata / arresto;Conducente;F;Illeso;0;;Non accertato;Inesploso
5782661;12;17/01/2022 09:30:00;Strada Urbana;VIA DELLA CECCHIGNOLA;all'intersezione con;VIA DEL CASALE ZOLA;VIA DEL CASALE ZOLA;;;Scontro laterale fra veicoli in marcia;Incrocio;Una carreggiata a doppio senso;Asciutto;Asfaltata;Verticale ed orizzontale;Sereno;Normale;Buona;;1;0;0;1;12.5116;41.8077;-1;1;Autocarro inferiore 35 q.;In marcia / fermata / arresto;Conducente;M;Illeso;0;;Non accertato;Inesploso
5782661;12;17/01/2022 09:30:00;Strada Urbana;VIA DELLA CECCHIGNOLA;all'intersezione con;VIA DEL CASALE ZOLA;VIA DEL CASALE ZOLA;;;Scontro laterale fra veicoli in marcia;Incrocio;Una carreggiata a doppio senso;Asciutto;Asfaltata;Verticale ed orizzontale;Sereno;Normale;Buona;;1;0;0;1;12.5116;41.8077;-1;2;Motociclo a solo;In marcia / fermata / arresto;Conducente;F;Rimandato;0;NON DECEDUTO;;
5782671;18;15/01/2022 12:20:00;Strada Urbana;VIA GREGORIO VII;all'intersezione semaforizzata con;PIAZZA PIO XI;PIAZZA PIO XI;;;Scontro laterale fra veicoli in marcia;Intersezione stradale segnalata;Più di due carreggiate;Asciutto;Asfaltata;Verticale ed orizzontale;Sereno;Intenso;Buona;;0;0;0;5;12.4401;41.8959;-1;1;Autovettura privata;In marcia / fermata / arresto;Conducente;F;Illeso;0;;Non accertato;Inesploso
5782671;18;15/01/2022 12:20:00;Strada Urbana;VIA GREGORIO VII;all'intersezione semaforizzata con;PIAZZA PIO XI;PIAZZA PIO XI;;;Scontro laterale fra veicoli in marcia;Intersezione stradale segnalata;Più di due carreggiate;Asciutto;Asfaltata;Verticale ed orizzontale;Sereno;Intenso;Buona;;0;0;0;5;12.4401;41.8959;-1;2;Autovettura privata;In marcia / fermata / arresto;Conducente;M;Illeso;0;;Non accertato;Inesploso
5782671;18;15/01/2022 12:20:00;Strada Urbana;VIA GREGORIO VII;all'intersezione semaforizzata con;PIAZZA PIO XI;PIAZZA PIO XI;;;Scontro laterale fra veicoli in marcia;Intersezione stradale segnalata;Più di due carreggiate;Asciutto;Asfaltata;Verticale ed orizzontale;Sereno;Intenso;Buona;;0;0;0;5;12.4401;41.8959;-1;2;Autovettura privata;In marcia / fermata / arresto;Passeggero;F;Illeso;0;;Non accertato;Inesploso
5782671;18;15/01/2022 12:20:00;Strada Urbana;VIA GREGORIO VII;all'intersezione semaforizzata con;PIAZZA PIO XI;PIAZZA PIO XI;;;Scontro laterale fra veicoli in marcia;Intersezione stradale segnalata;Più di due carreggiate;Asciutto;Asfaltata;Verticale ed orizzontale;Sereno;Intenso;Buona;;0;0;0;5;12.4401;41.8959;-1;2;Autovettura privata;In marcia / fermata / arresto;Passeggero;F;Illeso;0;;Non accertato;Inesploso
5782671;18;15/01/2022 12:20:00;Strada Urbana;VIA GREGORIO VII;all'intersezione semaforizzata con;PIAZZA PIO XI;PIAZZA PIO XI;;;Scontro laterale fra veicoli in marcia;Intersezione stradale segnalata;Più di due carreggiate;Asciutto;Asfaltata;Verticale ed orizzontale;Sereno;Intenso;Buona;;0;0;0;5;12.4401;41.8959;-1;2;Autovettura privata;In marcia / fermata / arresto;Passeggero;F;Illeso;0;;Non accertato;Inesploso
5782675;17;15/01/2022 18:00:00;Strada Urbana;VIALE GIUSEPPE MAZZINI;all'intersezione con;VIA PODGORA;VIA PODGORA;;;Veicolo in marcia contro veicolo in sosta;Intersezione stradale segnalata;Due carreggiate;Asciutto;Asfaltata;Verticale ed orizzontale;Sereno;Normale;Insufficiente;;0;0;0;1;12.4626;41.9158;-1;1;Autovettura privata;In marcia / fermata / arresto;Conducente;F;Illeso;0;;;
5782675;17;15/01/2022 18:00:00;Strada Urbana;VIALE GIUSEPPE MAZZINI;all'intersezione con;VIA PODGORA;VIA PODGORA;;;Veicolo in marcia contro veicolo in sosta;Intersezione stradale segnalata;Due carreggiate;Asciutto;Asfaltata;Verticale ed orizzontale;Sereno;Normale;Insufficiente;;0;0;0;1;12.4626;41.9158;-1;2;Autovettura privata;Sosta;;;;;;;
5782684;18;16/01/2022 21:10:00;Strada Urbana;VIA CORNELIA;da specificare;;;;fronte civico 24;Scontro frontale/laterale SX fra veicoli in marcia;Rettilineo;Una carreggiata a doppio senso;Asciutto;Asfaltata;Verticale ed orizzontale;Sereno;Scarso;Sufficiente;;1;0;0;1;12.3899;41.9007;-1;1;Autovettura privata;In marcia / fermata / arresto;Conducente;M;Illeso;0;;Non accertato;Inesploso
5782684;18;16/01/2022 21:10:00;Strada Urbana;VIA CORNELIA;da specificare;;;;fronte civico 24;Scontro frontale/laterale SX fra veicoli in marcia;Rettilineo;Una carreggiata a doppio senso;Asciutto;Asfaltata;Verticale ed orizzontale;Sereno;Scarso;Sufficiente;;1;0;0;1;12.3899;41.9007;-1;2;Motociclo a solo;In marcia / fermata / arresto;Conducente;M;Rimandato;0;NON DECEDUTO;Non accertato;
5782698;12;17/01/2022 11:30:00;Strada Urbana;LARGO LIDO DURANTI;da specificare;;;;FRONTE CIVICO 10;Veicolo in marcia contro veicolo fermo;Rettilineo;Una carreggiata a doppio senso;Asciutto;Asfaltata;Verticale ed orizzontale;Sereno;Normale;Buona;;0;0;0;2;12.436;41.7772;-1;1;Autovettura privata;In marcia / fermata / arresto;Conducente;M;Illeso;0;;Utilizzato;Inesploso
5782698;12;17/01/2022 11:30:00;Strada Urbana;LARGO LIDO DURANTI;da specificare;;;;FRONTE CIVICO 10;Veicolo in marcia contro veicolo fermo;Rettilineo;Una carreggiata a doppio senso;Asciutto;Asfaltata;Verticale ed orizzontale;Sereno;Normale;Buona;;0;0;0;2;12.436;41.7772;-1;2;Quadriciclo;In marcia / fermata / arresto;Conducente;M;Illeso;0;;Utilizzato;Inesploso
5782712;18;14/01/2022 17:15:00;Statale;VIA AURELIA;in prossimità;;della chilometrica;9.7;;Tamponamento Multiplo;Rettilineo;Due carreggiate;Asciutto;Asfaltata;Verticale ed orizzontale;Sereno;Normale;Buona;;0;0;0;3;12.4012;41.8861;-1;1;Autovettura privata;In marcia / fermata / arresto;Conducente;M;Illeso;0;;Non accertato;Esploso
5782712;18;14/01/2022 17:15:00;Statale;VIA AURELIA;in prossimità;;della chilometrica;9.7;;Tamponamento Multiplo;Rettilineo;Due carreggiate;Asciutto;Asfaltata;Verticale ed orizzontale;Sereno;Normale;Buona;;0;0;0;3;12.4012;41.8861;-1;2;Autovettura privata;In marcia / fermata / arresto;Conducente;M;Illeso;0;;Non accertato;Inesploso
5782712;18;14/01/2022 17:15:00;Statale;VIA AURELIA;in prossimità;;della chilometrica;9.7;;Tamponamento Multiplo;Rettilineo;Due carreggiate;Asciutto;Asfaltata;Verticale ed orizzontale;Sereno;Normale;Buona;;0;0;0;3;12.4012;41.8861;-1;3;Autovettura privata;In marcia / fermata / arresto;Conducente;M;Illeso;0;;Non accertato;Inesploso
5782758;12;15/01/2022 21:00:00;Strada Urbana;LARGO PIAZZA TIEN AN MEN;all'intersezione con;VIALE DELLA GRANDE MURAGLIA;VIALE DELLA GRANDE MURAGLIA;;;Scontro frontale/laterale SX fra veicoli in marcia;Rotatoria;Una carreggiata a senso unico di marcia;Asciutto;Asfaltata;Verticale ed orizzontale;Sereno;Scarso;Sufficiente;;0;0;0;3;12.4413;41.813;-1;1;Autovettura privata;In marcia / fermata / arresto;Conducente;M;Illeso;0;;;
5782758;12;15/01/2022 21:00:00;Strada Urbana;LARGO PIAZZA TIEN AN MEN;all'intersezione con;VIALE DELLA GRANDE MURAGLIA;VIALE DELLA GRANDE MURAGLIA;;;Scontro frontale/laterale SX fra veicoli in marcia;Rotatoria;Una carreggiata a senso unico di marcia;Asciutto;Asfaltata;Verticale ed orizzontale;Sereno;Scarso;Sufficiente;;0;0;0;3;12.4413;41.813;-1;1;Autovettura privata;In marcia / fermata / arresto;Passeggero;M;Illeso;0;;;Inesploso
5782758;12;15/01/2022 21:00:00;Strada Urbana;LARGO PIAZZA TIEN AN MEN;all'intersezione con;VIALE DELLA GRANDE MURAGLIA;VIALE DELLA GRANDE MURAGLIA;;;Scontro frontale/laterale SX fra veicoli in marcia;Rotatoria;Una carreggiata a senso unico di marcia;Asciutto;Asfaltata;Verticale ed orizzontale;Sereno;Scarso;Sufficiente;;0;0;0;3;12.4413;41.813;-1;2;Autovettura privata;In marcia / fermata / arresto;Conducente;M;Illeso;0;;;
5782759;12;15/01/2022 17:35:00;Strada Urbana;VIA LEONARDO UMILE;in corrispondenza;;del civico n.;52;;Veicolo in marcia contro veicolo in sosta;Curva a visuale libera;Una carreggiata a doppio senso;Asciutto;Asfaltata;Assente;Sereno;Normale;Buona;;0;0;0;2;12.4447;41.8072;-1;1;Autovettura privata;In marcia / fermata / arresto;Conducente;F;Illeso;0;;Utilizzato;Inesploso
5782759;12;15/01/2022 17:35:00;Strada Urbana;VIA LEONARDO UMILE;in corrispondenza;;del civico n.;52;;Veicolo in marcia contro veicolo in sosta;Curva a visuale libera;Una carreggiata a doppio senso;Asciutto;Asfaltata;Assente;Sereno;Normale;Buona;;0;0;0;2;12.4447;41.8072;-1;1;Autovettura privata;In marcia / fermata / arresto;Passeggero;F;Illeso;0;;Utilizzato;Inesploso
5782759;12;15/01/2022 17:35:00;Strada Urbana;VIA LEONARDO UMILE;in corrispondenza;;del civico n.;52;;Veicolo in marcia contro veicolo in sosta;Curva a visuale libera;Una carreggiata a doppio senso;Asciutto;Asfaltata;Assente;Sereno;Normale;Buona;;0;0;0;2;12.4447;41.8072;-1;2;Autovettura privata;Sosta;;;;;;;
5782759;12;15/01/2022 17:35:00;Strada Urbana;VIA LEONARDO UMILE;in corrispondenza;;del civico n.;52;;Veicolo in marcia contro veicolo in sosta;Curva a visuale libera;Una carreggiata a doppio senso;Asciutto;Asfaltata;Assente;Sereno;Normale;Buona;;0;0;0;2;12.4447;41.8072;-1;3;Autovettura privata;Sosta;;;;;;;
5782759;12;15/01/2022 17:35:00;Strada Urbana;VIA LEONARDO UMILE;in corrispondenza;;del civico n.;52;;Veicolo in marcia contro veicolo in sosta;Curva a visuale libera;Una carreggiata a doppio senso;Asciutto;Asfaltata;Assente;Sereno;Normale;Buona;;0;0;0;2;12.4447;41.8072;-1;4;Autovettura privata;Sosta;;;;;;;
5782759;12;15/01/2022 17:35:00;Strada Urbana;VIA LEONARDO UMILE;in corrispondenza;;del civico n.;52;;Veicolo in marcia contro veicolo in sosta;Curva a visuale libera;Una carreggiata a doppio senso;Asciutto;Asfaltata;Assente;Sereno;Normale;Buona;;0;0;0;2;12.4447;41.8072;-1;5;Autovettura privata;Sosta;;;;;;;
5782759;12;15/01/2022 17:35:00;Strada Urbana;VIA LEONARDO UMILE;in corrispondenza;;del civico n.;52;;Veicolo in marcia contro veicolo in sosta;Curva a visuale libera;Una carreggiata a doppio senso;Asciutto;Asfaltata;Assente;Sereno;Normale;Buona;;0;0;0;2;12.4447;41.8072;-1;6;Autocarro inferiore 35 q.;Sosta;;;;;;;
5782759;12;15/01/2022 17:35:00;Strada Urbana;VIA LEONARDO UMILE;in corrispondenza;;del civico n.;52;;Veicolo in marcia contro veicolo in sosta;Curva a visuale libera;Una carreggiata a doppio senso;Asciutto;Asfaltata;Assente;Sereno;Normale;Buona;;0;0;0;2;12.4447;41.8072;-1;7;Autovettura privata;Sosta;;;;;;;
5782762;18;14/01/2022 12:40:00;Strada Urbana;VIA ANASTASIO II;all'intersezione con;VIA CARDINALE TRIPEPI;VIA CARDINALE TRIPEPI;;;Scontro frontale/laterale SX fra veicoli in marcia;Intersezione non regolata/non segnalata;Più di due carreggiate;Asciutto;Asfaltata;Verticale ed orizzontale;Sereno;Normale;Buona;;0;0;1;1;12.4425;41.8999;-1;1;Autovettura privata;In marcia / fermata / arresto;Conducente;M;Illeso;0;;;
5782762;18;14/01/2022 12:40:00;Strada Urbana;VIA ANASTASIO II;all'intersezione con;VIA CARDINALE TRIPEPI;VIA CARDINALE TRIPEPI;;;Scontro frontale/laterale SX fra veicoli in marcia;Intersezione non regolata/non segnalata;Più di due carreggiate;Asciutto;Asfaltata;Verticale ed orizzontale;Sereno;Normale;Buona;;0;0;1;1;12.4425;41.8999;-1;2;Motociclo con passeggero;In marcia / fermata / arresto;Conducente;M;Deceduto durante prime cure;-1;;;
5782790;12;16/01/2022 02:15:00;Strada Urbana;VIALE GIUSTINIANO IMPERATORE;all'intersezione con;VIALE LEONARDO DA VINCI;VIALE LEONARDO DA VINCI;;;Ribaltamento senza urto contro ostacolo fisso;Intersezione semaforizzata;Due carreggiate;Asciutto;Asfaltata;Verticale ed orizzontale;Sereno;Scarso;Sufficiente;;1;0;0;1;12.4841;41.8559;-1;1;Motociclo con passeggero;In marcia / fermata / arresto;Conducente;M;Rimandato;0;NON DECEDUTO;;
5782790;12;16/01/2022 02:15:00;Strada Urbana;VIALE GIUSTINIANO IMPERATORE;all'intersezione con;VIALE LEONARDO DA VINCI;VIALE LEONARDO DA VINCI;;;Ribaltamento senza urto contro ostacolo fisso;Intersezione semaforizzata;Due carreggiate;Asciutto;Asfaltata;Verticale ed orizzontale;Sereno;Scarso;Sufficiente;;1;0;0;1;12.4841;41.8559;-1;1;Motociclo con passeggero;In marcia / fermata / arresto;Passeggero;F;Illeso;0;;;
5782823;18;16/01/2022 19:45:00;Strada Urbana;CAMPO DE' FIORI;in prossimità;;del civico n.;38;;Infortunio per caduta del veicolo;Rettilineo;Una carreggiata a doppio senso;Bagnato (umidità in atto);Lastricata;Assente;Sereno;Scarso;Buona;;0;0;0;2;12.4725;41.8958;-1;1;Monopattino elettrico;In marcia / fermata / arresto;Conducente;F;Illeso;0;;;
5782823;18;16/01/2022 19:45:00;Strada Urbana;CAMPO DE' FIORI;in prossimità;;del civico n.;38;;Infortunio per caduta del veicolo;Rettilineo;Una carreggiata a doppio senso;Bagnato (umidità in atto);Lastricata;Assente;Sereno;Scarso;Buona;;0;0;0;2;12.4725;41.8958;-1;1;Monopattino elettrico;In marcia / fermata / arresto;Passeggero;F;Illeso;0;;;
5782834;17;16/01/2022 00:50:00;Strada Urbana;VIA COLA DI RIENZO;all'intersezione semaforizzata con;VIA TERENZIO;VIA TERENZIO;;;Scontro frontale/laterale DX fra veicoli in marcia;Intersezione semaforizzata;Una carreggiata a doppio senso;Asciutto;In cubetti di porfido;Verticale ed orizzontale;Sereno;Scarso;Buona;;0;0;0;3;12.4652;41.908;-1;1;Autovettura privata;In marcia / fermata / arresto;Conducente;M;Illeso;0;;;
5782834;17;16/01/2022 00:50:00;Strada Urbana;VIA COLA DI RIENZO;all'intersezione semaforizzata con;VIA TERENZIO;VIA TERENZIO;;;Scontro frontale/laterale DX fra veicoli in marcia;Intersezione semaforizzata;Una carreggiata a doppio senso;Asciutto;In cubetti di porfido;Verticale ed orizzontale;Sereno;Scarso;Buona;;0;0;0;3;12.4652;41.908;-1;2;Autovettura di polizia;In marcia / fermata / arresto;Conducente;M;Illeso;0;;;
5782834;17;16/01/2022 00:50:00;Strada Urbana;VIA COLA DI RIENZO;all'intersezione semaforizzata con;VIA TERENZIO;VIA TERENZIO;;;Scontro frontale/laterale DX fra veicoli in marcia;Intersezione semaforizzata;Una carreggiata a doppio senso;Asciutto;In cubetti di porfido;Verticale ed orizzontale;Sereno;Scarso;Buona;;0;0;0;3;12.4652;41.908;-1;2;Autovettura di polizia;In marcia / fermata / arresto;Passeggero;M;Illeso;0;;;
5782895;17;14/01/2022 14:30:00;Strada Urbana;BORGO S. SPIRITO;in prossimità;;del civico n.;6;;Veicolo in marcia contro veicolo in sosta;Rettilineo;Una carreggiata a senso unico di marcia;Asciutto;In cubetti di porfido;Verticale ed orizzontale;Sereno;Scarso;Buona;;0;0;0;0;12.4602;41.9014;0;1;Autovettura privata;Sosta;;;;;;;
5782985;18;14/01/2022 09:00:00;Strada Urbana;VIA GREGORIO VII;all'intersezione con;LARGO CARDINAL CLEMENTE MICARA;LARGO CARDINAL CLEMENTE MICARA;;;Investimento di pedone;Intersezione non regolata/non segnalata;Più di due carreggiate;Asciutto;Asfaltata;Verticale ed orizzontale;Sereno;Scarso;Buona;;1;0;0;1;12.4401;41.8959;-1;;;;Pedone;F;Rimandato;0;NON DECEDUTO;;
5782985;18;14/01/2022 09:00:00;Strada Urbana;VIA GREGORIO VII;all'intersezione con;LARGO CARDINAL CLEMENTE MICARA;LARGO CARDINAL CLEMENTE MICARA;;;Investimento di pedone;Intersezione non regolata/non segnalata;Più di due carreggiate;Asciutto;Asfaltata;Verticale ed orizzontale;Sereno;Scarso;Buona;;1;0;0;1;12.4401;41.8959;-1;1;Autovettura privata;In marcia / fermata / arresto;Conducente;M;Illeso;0;;;
5783104;17;16/01/2022 20:25:00;Strada Urbana;VIA FABIO MASSIMO;all'intersezione con;VIA GERMANICO;VIA GERMANICO;;;Scontro frontale/laterale DX fra veicoli in marcia;Intersezione stradale segnalata;Una carreggiata a senso unico di marcia;Asciutto;Asfaltata;Verticale ed orizzontale;Sereno;Scarso;Buona;;0;0;0;2;12.4622;41.9088;-1;1;Autovettura privata;In marcia / fermata / arresto;Conducente;F;Illeso;0;;;
5783104;17;16/01/2022 20:25:00;Strada Urbana;VIA FABIO MASSIMO;all'intersezione con;VIA GERMANICO;VIA GERMANICO;;;Scontro frontale/laterale DX fra veicoli in marcia;Intersezione stradale segnalata;Una carreggiata a senso unico di marcia;Asciutto;Asfaltata;Verticale ed orizzontale;Sereno;Scarso;Buona;;0;0;0;2;12.4622;41.9088;-1;2;Autovettura privata;In marcia / fermata / arresto;Conducente;M;Illeso;0;;;
5783127;15;17/01/2022 10:15:00;Strada Urbana;VIA DELLA MAGLIANA;in prossimità;;del civico n.;233/A;;Tamponamento;Rettilineo;Una carreggiata a doppio senso;Asciutto;Asfaltata;Verticale ed orizzontale;Sereno;Normale;Buona;;0;0;0;3;12.4582;41.8481;-1;1;Autovettura privata;In marcia / fermata / arresto;Conducente;M;Illeso;0;;Non accertato;Inesploso
5783127;15;17/01/2022 10:15:00;Strada Urbana;VIA DELLA MAGLIANA;in prossimità;;del civico n.;233/A;;Tamponamento;Rettilineo;Una carreggiata a doppio senso;Asciutto;Asfaltata;Verticale ed orizzontale;Sereno;Normale;Buona;;0;0;0;3;12.4582;41.8481;-1;1;Autovettura privata;In marcia / fermata / arresto;Passeggero;F;Illeso;0;;Non accertato;Inesploso
5783127;15;17/01/2022 10:15:00;Strada Urbana;VIA DELLA MAGLIANA;in prossimità;;del civico n.;233/A;;Tamponamento;Rettilineo;Una carreggiata a doppio senso;Asciutto;Asfaltata;Verticale ed orizzontale;Sereno;Normale;Buona;;0;0;0;3;12.4582;41.8481;-1;2;Autovettura privata;In marcia / fermata / arresto;Conducente;M;Illeso;0;;Non accertato;Inesploso
5783136;15;17/01/2022 06:20:00;Strada Urbana;VIA GIUSEPPE COLOMBO;da specificare;;;;int. Commercity fronte isola M (Via R.De Caterini);Fuoriuscita dalla sede stradale;Curva a visuale libera;Due carreggiate;Asciutto;Asfaltata;Verticale ed orizzontale;Sereno;Scarso;Buona;;1;0;0;0;12.3287;41.8049;-1;1;Autovettura privata;In marcia / fermata / arresto;Conducente;M;Rimandato;0;NON DECEDUTO;Non utilizzato;Esploso
5783312;11;17/01/2022 18:15:00;Strada Urbana;VIA CRISTOFORO COLOMBO;da specificare;;;;prossimità VIA ACCADEMIA DEGLI AGIATI;Scontro laterale fra veicoli in marcia;Rettilineo;Più di due carreggiate;Asciutto;Asfaltata;Orizzontale;Sereno;Normale;Buona;;0;0;0;3;12.4881;41.8524;-1;1;Autovettura privata;In marcia / fermata / arresto;Conducente;M;Illeso;0;;;
5783312;11;17/01/2022 18:15:00;Strada Urbana;VIA CRISTOFORO COLOMBO;da specificare;;;;prossimità VIA ACCADEMIA DEGLI AGIATI;Scontro laterale fra veicoli in marcia;Rettilineo;Più di due carreggiate;Asciutto;Asfaltata;Orizzontale;Sereno;Normale;Buona;;0;0;0;3;12.4881;41.8524;-1;2;Autocarro inferiore 35 q.;In marcia / fermata / arresto;Conducente;M;Illeso;0;;;
5783312;11;17/01/2022 18:15:00;Strada Urbana;VIA CRISTOFORO COLOMBO;da specificare;;;;prossimità VIA ACCADEMIA DEGLI AGIATI;Scontro laterale fra veicoli in marcia;Rettilineo;Più di due carreggiate;Asciutto;Asfaltata;Orizzontale;Sereno;Normale;Buona;;0;0;0;3;12.4881;41.8524;-1;2;Autocarro inferiore 35 q.;In marcia / fermata / arresto;Passeggero;M;Illeso;0;;;
5783333;11;17/01/2022 19:55:00;Strada Urbana;VIA ANDREA MANTEGNA;all'intersezione con;VIA DEI GEORGOFILI;VIA DEI GEORGOFILI;;;Scontro laterale fra veicoli in marcia;Incrocio;Due carreggiate;Asciutto;Asfaltata;Verticale ed orizzontale;Sereno;Scarso;Buona;;1;0;0;2;12.494;41.8518;-1;1;Autovettura privata;In marcia / fermata / arresto;Conducente;M;Illeso;0;;;
5783333;11;17/01/2022 19:55:00;Strada Urbana;VIA ANDREA MANTEGNA;all'intersezione con;VIA DEI GEORGOFILI;VIA DEI GEORGOFILI;;;Scontro laterale fra veicoli in marcia;Incrocio;Due carreggiate;Asciutto;Asfaltata;Verticale ed orizzontale;Sereno;Scarso;Buona;;1;0;0;2;12.494;41.8518;-1;2;Autovettura privata;In marcia / fermata / arresto;Conducente;F;Illeso;0;;;
5783333;11;17/01/2022 19:55:00;Strada Urbana;VIA ANDREA MANTEGNA;all'intersezione con;VIA DEI GEORGOFILI;VIA DEI GEORGOFILI;;;Scontro laterale fra veicoli in marcia;Incrocio;Due carreggiate;Asciutto;Asfaltata;Verticale ed orizzontale;Sereno;Scarso;Buona;;1;0;0;2;12.494;41.8518;-1;2;Autovettura privata;In marcia / fermata / arresto;Passeggero;M;Rifiuta cure immediate;0;NON DECEDUTO;;
5783347;8;17/01/2022 08:15:00;Strada Urbana;VIA DELLA TENUTA DI TORRENOVA;da specificare;;;;fronte palo ACEA n. 32;Scontro frontale/laterale DX fra veicoli in marcia;Rettilineo;Una carreggiata a doppio senso;Bagnato (brina);Asfaltata;Verticale ed orizzontale;Sereno;Normale;Sufficiente;;0;0;0;3;12.6175;41.8583;-1;1;Autovettura privata;In marcia / fermata / arresto;Conducente;F;Illeso;0;;Non accertato;Inesploso