Protocollo;Gruppo;DataOraIncidente;Localizzazione1;STRADA1;Localizzazione2;STRADA2;Strada02;Chilometrica;DaSpecificare;NaturaIncidente;particolaritastrade;TipoStrada;FondoStradale;Pavimentazione;Segnaletica;CondizioneAtmosferica;Traffico;Visibilita;Illuminazione;NUM_FERITI;NUM_RISERVATA;NUM_MORTI;NUM_ILLESI;Longitude;Latitude;Confermato;Progressivo;TipoVeicolo;StatoVeicolo;TipoPersona;Sesso;Tipolesione;Deceduto;DecedutoDopo;CinturaCascoUtilizzato;Airbag;
5790852;8;22/01/2022 10:00:00;Strada Urbana;VIA BENEDETTO TORTI;all'intersezione con;VIA ANGELO MARABINI;VIA ANGELO MARABINI;;;Tamponamento;Intersezione stradale segnalata;Una carreggiata a senso unico di marcia;Asciutto;Asfaltata;Verticale ed orizzontale;Sereno;Normale;Buona;;1;0;0;0;12.6493;41.8643;0;3;Autovettura privata;Sosta;;;;;;;
5790889;8;22/01/2022 15:30:00;Strada Urbana;VIA CASILINA;da specificare;;;;FRONTE CIVICO 1942;Veicolo in marcia che urta buche nella carreggiata;Rettilineo;Una carreggiata a doppio senso;Asciutto;Asfaltata;Verticale ed orizzontale;Sereno;Scarso;Buona;;0;0;0;3;12.6212;41.8626;-1;1;Autovettura privata;In marcia / fermata / arresto;Conducente;M;Illeso;0;;Non accertato;Inesploso
5790889;8;22/01/2022 15:30:00;Strada Urbana;VIA CASILINA;da specificare;;;;FRONTE CIVICO 1942;Veicolo in marcia che urta buche nella carreggiata;Rettilineo;Una carreggiata a doppio senso;Asciutto;Asfaltata;Verticale ed orizzontale;Sereno;Scarso;Buona;;0;0;0;3;12.6212;41.8626;-1;1;Autovettura privata;In marcia / fermata / arresto;Passeggero;M;Illeso;0;;Non accertato;Inesploso
5790889;8;22/01/2022 15:30:00;Strada Urbana;VIA CASILINA;da specificare;;;;FRONTE CIVICO 1942;Veicolo in marcia che urta buche nella carreggiata;Rettilineo;Una carreggiata a doppio senso;Asciutto;Asfaltata;Verticale ed orizzontale;Sereno;Scarso;Buona;;0;0;0;3;12.6212;41.8626;-1;1;Autovettura privata;In marcia / fermata / arresto;Passeggero;M;Illeso;0;;Non accertato;Inesploso
5790902;8;22/01/2022 17:00:00;Strada Urbana;VIA DELL'ARCHEOLOGIA;all'intersezione con;VIA GIOVANNI CASTANO;VIA GIOVANNI CASTANO;;;Scontro frontale/laterale DX fra veicoli in marcia;Incrocio;Una carreggiata a doppio senso;Asciutto;Asfaltata;Verticale ed orizzontale;Sereno;Normale;Buona;;0;0;0;2;12.4707;41.9108;-1;1;Autovettura privata;In marcia / fermata / arresto;Conducente;M;Illeso;0;;Non accertato;Inesploso
5790902;8;22/01/2022 17:00:00;Strada Urbana;VIA DELL'ARCHEOLOGIA;all'intersezione con;VIA GIOVANNI CASTANO;VIA GIOVANNI CASTANO;;;Scontro frontale/laterale DX fra veicoli in marcia;Incrocio;Una carreggiata a doppio senso;Asciutto;Asfaltata;Verticale ed orizzontale;Sereno;Normale;Buona;;0;0;0;2;12.4707;41.9108;-1;2;Autovettura privata;In marcia / fermata / arresto;Conducente;M;Illeso;0;;Non accertato;Inesploso
5790923;8;22/01/2022 19:55:00;Strada Urbana;VIALE DEI ROMANISTI;all'intersezione con;VIALE PALMIRO TOGLIATTI;VIALE PALMIRO TOGLIATTI;;;Scontro laterale fra veicoli in marcia;Intersezione semaforizzata;Due carreggiate;Asciutto;Asfaltata;Verticale ed orizzontale;Sereno;Normale;Insufficiente;;0;0;0;3;12.5774;41.8675;-1;1;Autovettura privata;In marcia / fermata / arresto;Conducente;M;Illeso;0;;Non accertato;Inesploso
5790923;8;22/01/2022 19:55:00;Strada Urbana;VIALE DEI ROMANISTI;all'intersezione con;VIALE PALMIRO TOGLIATTI;VIALE PALMIRO TOGLIATTI;;;Scontro laterale fra veicoli in marcia;Intersezione semaforizzata;Due carreggiate;Asciutto;Asfaltata;Verticale ed orizzontale;Sereno;Normale;Insufficiente;;0;0;0;3;12.5774;41.8675;-1;1;Autovettura privata;In marcia / fermata / arresto;Passeggero;F;Illeso;0;;Non accertato;Inesploso
5790923;8;22/01/2022 19:55:00;Strada Urbana;VIALE DEI ROMANISTI;all'intersezione con;VIALE PALMIRO TOGLIATTI;VIALE PALMIRO TOGLIATTI;;;Scontro laterale fra veicoli in marcia;Intersezione semaforizzata;Due carreggiate;Asciutto;Asfaltata;Verticale ed orizzontale;Sereno;Normale;Insufficiente;;0;0;0;3;12.5774;41.8675;-1;2;Autovettura privata;In marcia / fermata / arresto;Conducente;M;Illeso;0;;Non accertato;Inesploso
5790947;8;22/01/2022 22:00:00;Strada Urbana;VIA CASILINA;all'intersezione con;VIA DI TOR VERGATA;VIA DI TOR VERGATA;;;Tamponamento;Intersezione semaforizzata;Due carreggiate;Asciutto;Asfaltata;Orizzontale;Sereno;Scarso;Insufficiente;;0;0;0;2;12.6212;41.8626;-1;1;Autovettura privata;In marcia / fermata / arresto;Conducente;M;Illeso;0;;Non accertato;Inesploso
5790947;8;22/01/2022 22:00:00;Strada Urbana;VIA CASILINA;all'intersezione con;VIA DI TOR VERGATA;VIA DI TOR VERGATA;;;Tamponamento;Intersezione semaforizzata;Due carreggiate;Asciutto;Asfaltata;Orizzontale;Sereno;Scarso;Insufficiente;;0;0;0;2;12.6212;41.8626;-1;1;Autovettura privata;In marcia / fermata / arresto;Passeggero;F;Illeso;0;;Non accertato;Inesploso
5790947;8;22/01/2022 22:00:00;Strada Urbana;VIA CASILINA;all'intersezione con;VIA DI TOR VERGATA;VIA DI TOR VERGATA;;;Tamponamento;Intersezione semaforizzata;Due carreggiate;Asciutto;Asfaltata;Orizzontale;Sereno;Scarso;Insufficiente;;0;0;0;2;12.6212;41.8626;-1;2;Autovettura privata;Allontanatosi;;;;;;;
5790958;8;23/01/2022 03:00:00;Strada Urbana;VIA COLLATINA;in prossimità;;del civico n.;661;;Veicolo in marcia contro ostacolo fisso;Curva senza visuale libera;Una carreggiata a doppio senso;Ghiacciato;Asfaltata;Orizzontale;Nuvoloso;Scarso;Buona;;1;0;0;2;12.6157;41.9042;-1;1;Autovettura privata;In marcia / fermata / arresto;Conducente;M;Illeso;0;;Non accertato;Inesploso
5790958;8;23/01/2022 03:00:00;Strada Urbana;VIA COLLATINA;in prossimità;;del civico n.;661;;Veicolo in marcia contro ostacolo fisso;Curva senza visuale libera;Una carreggiata a doppio senso;Ghiacciato;Asfaltata;Orizzontale;Nuvoloso;Scarso;Buona;;1;0;0;2;12.6157;41.9042;-1;1;Autovettura privata;In marcia / fermata / arresto;Passeggero;M;Illeso;0;;Non accertato;Inesploso
5790958;8;23/01/2022 03:00:00;Strada Urbana;VIA COLLATINA;in prossimità;;del civico n.;661;;Veicolo in marcia contro ostacolo fisso;Curva senza visuale libera;Una carreggiata a doppio senso;Ghiacciato;Asfaltata;Orizzontale;Nuvoloso;Scarso;Buona;;1;0;0;2;12.6157;41.9042;-1;1;Autovettura privata;In marcia / fermata / arresto;Passeggero;M;Ricoverato;0;NON DECEDUTO;Non accertato;Inesploso
5791088;19;20/01/2022 21:50:00;Strada Urbana;VIA MOTTA VISCONTI;da specificare;;;;prossimità civico 67;Veicolo in marcia contro veicolo in sosta;Rettilineo;Una carreggiata a senso unico di marcia;Bagnato (umidità in atto);Asfaltata;Verticale;Nuvoloso;Scarso;Buona;;0;0;0;2;12.3886;41.946;0;1;Autovettura privata;In marcia / fermata / arresto;Conducente;M;Illeso;0;;;
5791088;19;20/01/2022 21:50:00;Strada Urbana;VIA MOTTA VISCONTI;da specificare;;;;prossimità civico 67;Veicolo in marcia contro veicolo in sosta;Rettilineo;Una carreggiata a senso unico di marcia;Bagnato (umidità in atto);Asfaltata;Verticale;Nuvoloso;Scarso;Buona;;0;0;0;2;12.3886;41.946;0;1;Autovettura privata;In marcia / fermata / arresto;Passeggero;M;Illeso;0;;;
5791088;19;20/01/2022 21:50:00;Strada Urbana;VIA MOTTA VISCONTI;da specificare;;;;prossimità civico 67;Veicolo in marcia contro veicolo in sosta;Rettilineo;Una carreggiata a senso unico di marcia;Bagnato (umidità in atto);Asfaltata;Verticale;Nuvoloso;Scarso;Buona;;0;0;0;2;12.3886;41.946;0;2;Autovettura privata;Sosta;;;;;;;
5791139;19;21/01/2022 15:10:00;Strada Urbana;VIA DI CASAL DEL MARMO;all'intersezione con;VIA ANTONIO PANIZZI;VIA ANTONIO PANIZZI;;;Scontro frontale/laterale SX fra veicoli in marcia;Incrocio;Una carreggiata a doppio senso;Asciutto;Asfaltata;Verticale;Sereno;Normale;Buona;;1;0;0;4;12.403;41.9556;-1;1;Autovettura privata;In marcia / fermata / arresto;Conducente;M;Illeso;0;;;
5791139;19;21/01/2022 15:10:00;Strada Urbana;VIA DI CASAL DEL MARMO;all'intersezione con;VIA ANTONIO PANIZZI;VIA ANTONIO PANIZZI;;;Scontro frontale/laterale SX fra veicoli in marcia;Incrocio;Una carreggiata a doppio senso;Asciutto;Asfaltata;Verticale;Sereno;Normale;Buona;;1;0;0;4;12.403;41.9556;-1;1;Autovettura privata;In marcia / fermata / arresto;Passeggero;F;Illeso;0;;;
5791139;19;21/01/2022 15:10:00;Strada Urbana;VIA DI CASAL DEL MARMO;all'intersezione con;VIA ANTONIO PANIZZI;VIA ANTONIO PANIZZI;;;Scontro frontale/laterale SX fra veicoli in marcia;Incrocio;Una carreggiata a doppio senso;Asciutto;Asfaltata;Verticale;Sereno;Normale;Buona;;1;0;0;4;12.403;41.9556;-1;2;Autovettura privata;In marcia / fermata / arresto;Conducente;F;Illeso;0;;;
5791139;19;21/01/2022 15:10:00;Strada Urbana;VIA DI CASAL DEL MARMO;all'intersezione con;VIA ANTONIO PANIZZI;VIA ANTONIO PANIZZI;;;Scontro frontale/laterale SX fra veicoli in marcia;Incrocio;Una carreggiata a doppio senso;Asciutto;Asfaltata;Verticale;Sereno;Normale;Buona;;1;0;0;4;12.403;41.9556;-1;2;Autovettura privata;In marcia / fermata / arresto;Passeggero;F;Illeso;0;;;
5791139;19;21/01/2022 15:10:00;Strada Urbana;VIA DI CASAL DEL MARMO;all'intersezione con;VIA ANTONIO PANIZZI;VIA ANTONIO PANIZZI;;;Scontro frontale/laterale SX fra veicoli in marcia;Incrocio;Una carreggiata a doppio senso;Asciutto;Asfaltata;Verticale;Sereno;Normale;Buona;;1;0;0;4;12.403;41.9556;-1;3;Velocipede;In marcia / fermata / arresto;Conducente;M;Rimandato;0;NON DECEDUTO;Esente;
5791165;19;23/01/2022 01:30:00;Strada Urbana;VIALE DELLE MEDAGLIE D'ORO;all'intersezione semaforizzata con;VIA DUCCIO GALIMBERTI;VIA DUCCIO GALIMBERTI;;;Scontro frontale/laterale SX fra veicoli in marcia;Incrocio;Una carreggiata a doppio senso;Asciutto;Asfaltata;Verticale ed orizzontale;Sereno;Scarso;Buona;;0;0;0;3;12.4436;41.9137;-1;1;Autovettura privata;In marcia / fermata / arresto;Conducente;M;Illeso;0;;Non accertato;Esploso
5791165;19;23/01/2022 01:30:00;Strada Urbana;VIALE DELLE MEDAGLIE D'ORO;all'intersezione semaforizzata con;VIA DUCCIO GALIMBERTI;VIA DUCCIO GALIMBERTI;;;Scontro frontale/laterale SX fra veicoli in marcia;Incrocio;Una carreggiata a doppio senso;Asciutto;Asfaltata;Verticale ed orizzontale;Sereno;Scarso;Buona;;0;0;0;3;12.4436;41.9137;-1;2;Autovettura privata;In marcia / fermata / arresto;Conducente;M;Illeso;0;;Non accertato;Esploso
5791165;19;23/01/2022 01:30:00;Strada Urbana;VIALE DELLE MEDAGLIE D'ORO;all'intersezione semaforizzata con;VIA DUCCIO GALIMBERTI;VIA DUCCIO GALIMBERTI;;;Scontro frontale/laterale SX fra veicoli in marcia;Incrocio;Una carreggiata a doppio senso;Asciutto;Asfaltata;Verticale ed orizzontale;Sereno;Scarso;Buona;;0;0;0;3;12.4436;41.9137;-1;2;Autovettura privata;In marcia / fermata / arresto;Passeggero;F;Illeso;0;;Non accertato;Inesploso
5791261;10;23/01/2022 19:50:00;Strada Urbana;VIA GIOVANNI CAMILLO PERESIO;da specificare;;;;in prossimità di via Iachella Della Lenzara;Scontro laterale fra veicoli in marcia;Rettilineo;Una carreggiata a doppio senso;Asciutto;Asfaltata;Verticale ed orizzontale;Sereno;Scarso;Sufficiente;;0;0;0;2;12.5839;41.8668;-1;1;Motociclo a solo;In marcia / fermata / arresto;Conducente;M;Illeso;0;;Utilizzato;
5791261;10;23/01/2022 19:50:00;Strada Urbana;VIA GIOVANNI CAMILLO PERESIO;da specificare;;;;in prossimità di via Iachella Della Lenzara;Scontro laterale fra veicoli in marcia;Rettilineo;Una carreggiata a doppio senso;Asciutto;Asfaltata;Verticale ed orizzontale;Sereno;Scarso;Sufficiente;;0;0;0;2;12.5839;41.8668;-1;2;Autovettura privata;In marcia / fermata / arresto;Conducente;M;Illeso;0;;Non accertato;Inesploso
5791385;8;23/01/2022 13:25:00;Strada Urbana;VIA DI TOR BELLA MONACA;da specificare;;;;inversione di marcia via P. F. Quaglia direz. GRA;Scontro frontale/laterale DX fra veicoli in marcia;Curva a visuale libera;Due carreggiate;Asciutto;Asfaltata;Verticale ed orizzontale;Sereno;Normale;Buona;;2;0;0;1;12.6385;41.8669;-1;1;Autovettura privata;In marcia / fermata / arresto;Conducente;M;Rimandato;0;NON DECEDUTO;Non accertato;Inesploso
5791385;8;23/01/2022 13:25:00;Strada Urbana;VIA DI TOR BELLA MONACA;da specificare;;;;inversione di marcia via P. F. Quaglia direz. GRA;Scontro frontale/laterale DX fra veicoli in marcia;Curva a visuale libera;Due carreggiate;Asciutto;Asfaltata;Verticale ed orizzontale;Sereno;Normale;Buona;;2;0;0;1;12.6385;41.8669;-1;2;Autovettura privata;In marcia / fermata / arresto;Conducente;M;Ricoverato;0;NON DECEDUTO;Non accertato;Inesploso
5791385;8;23/01/2022 13:25:00;Strada Urbana;VIA DI TOR BELLA MONACA;da specificare;;;;inversione di marcia via P. F. Quaglia direz. GRA;Scontro frontale/laterale DX fra veicoli in marcia;Curva a visuale libera;Due carreggiate;Asciutto;Asfaltata;Verticale ed orizzontale;Sereno;Normale;Buona;;2;0;0;1;12.6385;41.8669;-1;2;Autovettura privata;In marcia / fermata / arresto;Passeggero;M;Illeso;0;;Non accertato;Inesploso
5791395;12;23/01/2022 09:25:00;Strada Urbana;VIALE CITTA' D'EUROPA;all'intersezione con;VIA SALISBURGO;VIA SALISBURGO;;;Scontro frontale/laterale SX fra veicoli in marcia;Incrocio;Due carreggiate;Asciutto;Asfaltata;Verticale ed orizzontale;Sereno;Scarso;Buona;;0;0;0;2;12.4549;41.8246;-1;1;Autovettura privata;In marcia / fermata / arresto;Conducente;F;Illeso;0;;;
5791395;12;23/01/2022 09:25:00;Strada Urbana;VIALE CITTA' D'EUROPA;all'intersezione con;VIA SALISBURGO;VIA SALISBURGO;;;Scontro frontale/laterale SX fra veicoli in marcia;Incrocio;Due carreggiate;Asciutto;Asfaltata;Verticale ed orizzontale;Sereno;Scarso;Buona;;0;0;0;2;12.4549;41.8246;-1;2;Autovettura privata;In marcia / fermata / arresto;Conducente;M;Illeso;0;;;
5791396;8;23/01/2022 15:30:00;Strada Urbana;VIA RAOUL CHIODELLI;in corrispondenza;;del civico n.;214;;Scontro frontale fra veicoli in marcia;Rettilineo;Due carreggiate;Asciutto;Asfaltata;Verticale ed orizzontale;Sereno;Normale;Buona;;1;0;0;1;12.6624;41.9071;-1;1;Autovettura privata;In marcia / fermata / arresto;Conducente;F;Rifiuta cure immediate;0;NON DECEDUTO;Non accertato;Inesploso
5791396;8;23/01/2022 15:30:00;Strada Urbana;VIA RAOUL CHIODELLI;in corrispondenza;;del civico n.;214;;Scontro frontale fra veicoli in marcia;Rettilineo;Due carreggiate;Asciutto;Asfaltata;Verticale ed orizzontale;Sereno;Normale;Buona;;1;0;0;1;12.6624;41.9071;-1;2;Autovettura privata;In marcia / fermata / arresto;Conducente;F;Illeso;0;;Non accertato;Inesploso
5791398;7;22/01/2022 12:55:00;Strada Urbana;VIALE PALMIRO TOGLIATTI;all'intersezione con;PIAZZALE PINO PASCALI;PIAZZALE PINO PASCALI;;;Scontro frontale/laterale SX fra veicoli in marcia;Intersezione semaforizzata;Due carreggiate;Asciutto;Asfaltata;Verticale ed orizzontale;Sereno;Normale;Buona;;1;0;0;1;12.5758;41.8964;-1;1;Autovettura privata;In marcia / fermata / arresto;Conducente;F;Rimandato;0;NON DECEDUTO;Non accertato;Esploso
5791398;7;22/01/2022 12:55:00;Strada Urbana;VIALE PALMIRO TOGLIATTI;all'intersezione con;PIAZZALE PINO PASCALI;PIAZZALE PINO PASCALI;;;Scontro frontale/laterale SX fra veicoli in marcia;Intersezione semaforizzata;Due carreggiate;Asciutto;Asfaltata;Verticale ed orizzontale;Sereno;Normale;Buona;;1;0;0;1;12.5758;41.8964;-1;2;Autovettura privata;In marcia / fermata / arresto;Conducente;M;Illeso;0;;Non accertato;Esploso
5791404;13;21/01/2022 23:10:00;Strada Urbana;CORSO REGINA MARIA PIA;all'intersezione con;VIA PIETRO ROSA;VIA PIETRO ROSA;;;Scontro frontale/laterale DX fra veicoli in marcia;Incrocio;Una carreggiata a doppio senso;Asciutto;Asfaltata;Verticale ed orizzontale;Sereno;Normale;Buona;;1;0;0;4;12.2845;41.7295;-1;1;Autovettura privata;In marcia / fermata / arresto;Conducente;M;Illeso;0;;;Esploso
5791404;13;21/01/2022 23:10:00;Strada Urbana;CORSO REGINA MARIA PIA;all'intersezione con;VIA PIETRO ROSA;VIA PIETRO ROSA;;;Scontro frontale/laterale DX fra veicoli in marcia;Incrocio;Una carreggiata a doppio senso;Asciutto;Asfaltata;Verticale ed orizzontale;Sereno;Normale;Buona;;1;0;0;4;12.2845;41.7295;-1;1;Autovettura privata;In marcia / fermata / arresto;Passeggero;F;Illeso;0;;Utilizzato;
5791404;13;21/01/2022 23:10:00;Strada Urbana;CORSO REGINA MARIA PIA;all'intersezione con;VIA PIETRO ROSA;VIA PIETRO ROSA;;;Scontro frontale/laterale DX fra veicoli in marcia;Incrocio;Una carreggiata a doppio senso;Asciutto;Asfaltata;Verticale ed orizzontale;Sereno;Normale;Buona;;1;0;0;4;12.2845;41.7295;-1;1;Autovettura privata;In marcia / fermata / arresto;Passeggero;M;Rimandato;0;NON DECEDUTO;Utilizzato;
5791404;13;21/01/2022 23:10:00;Strada Urbana;CORSO REGINA MARIA PIA;all'intersezione con;VIA PIETRO ROSA;VIA PIETRO ROSA;;;Scontro frontale/laterale DX fra veicoli in marcia;Incrocio;Una carreggiata a doppio senso;Asciutto;Asfaltata;Verticale ed orizzontale;Sereno;Normale;Buona;;1;0;0;4;12.2845;41.7295;-1;2;Autovettura privata;In marcia / fermata / arresto;Conducente;F;Illeso;0;;;
5791404;13;21/01/2022 23:10:00;Strada Urbana;CORSO REGINA MARIA PIA;all'intersezione con;VIA PIETRO ROSA;VIA PIETRO ROSA;;;Scontro frontale/laterale DX fra veicoli in marcia;Incrocio;Una carreggiata a doppio senso;Asciutto;Asfaltata;Verticale ed orizzontale;Sereno;Normale;Buona;;1;0;0;4;12.2845;41.7295;-1;2;Autovettura privata;In marcia / fermata / arresto;Passeggero;F;Illeso;0;;Utilizzato;
5791405;1;23/01/2022 11:45:00;Strada Urbana;VIA DI S. SABA;all'intersezione con;VIA ANNIA FAUSTINA;VIA ANNIA FAUSTINA;;;Scontro frontale/laterale DX fra veicoli in marcia;Incrocio;Una carreggiata a senso unico di marcia;Asciutto;Asfaltata;Verticale ed orizzontale;Sereno;Normale;Buona;;1;0;0;1;12.4849;41.8795;-1;1;Motociclo a solo;In marcia / fermata / arresto;Conducente;M;Ricoverato;0;NON DECEDUTO;;
5791405;1;23/01/2022 11:45:00;Strada Urbana;VIA DI S. SABA;all'intersezione con;VIA ANNIA FAUSTINA;VIA ANNIA FAUSTINA;;;Scontro frontale/laterale DX fra veicoli in marcia;Incrocio;Una carreggiata a senso unico di marcia;Asciutto;Asfaltata;Verticale ed orizzontale;Sereno;Normale;Buona;;1;0;0;1;12.4849;41.8795;-1;2;Autovettura privata;In marcia / fermata / arresto;Conducente;M;Illeso;0;;;
5791408;11;23/01/2022 13:00:00;Strada Urbana;VIALE GUGLIELMO MARCONI;all'intersezione con;VIA DEI CADUTI SENZA CROCE;VIA DEI CADUTI SENZA CROCE;;;Tamponamento;Intersezione stradale segnalata;Due carreggiate;Asciutto;Asfaltata;Verticale ed orizzontale;Sereno;Scarso;Buona;;0;0;0;2;12.4739;41.8511;-1;1;Autovettura privata;In marcia / fermata / arresto;Conducente;F;Illeso;0;;Non accertato;
5791408;11;23/01/2022 13:00:00;Strada Urbana;VIALE GUGLIELMO MARCONI;all'intersezione con;VIA DEI CADUTI SENZA CROCE;VIA DEI CADUTI SENZA CROCE;;;Tamponamento;Intersezione stradale segnalata;Due carreggiate;Asciutto;Asfaltata;Verticale ed orizzontale;Sereno;Scarso;Buona;;0;0;0;2;12.4739;41.8511;-1;2;Autovettura privata;In marcia / fermata / arresto;Conducente;M;Illeso;0;;Non accertato;
5791412;11;23/01/2022 04:50:00;Strada Urbana;VIA CRISTOFORO COLOMBO;all'intersezione semaforizzata con;VIA PADRE SEMERIA;VIA PADRE SEMERIA;;;Tamponamento;Intersezione semaforizzata;Più di due carreggiate;Asciutto;Asfaltata;Verticale ed orizzontale;Sereno;Normale;Buona;;0;0;0;2;12.4974;41.8637;-1;1;Autovettura privata;In marcia / fermata / arresto;Conducente;M;Illeso;0;;Utilizzato;
5791412;11;23/01/2022 04:50:00;Strada Urbana;VIA CRISTOFORO COLOMBO;all'intersezione semaforizzata con;VIA PADRE SEMERIA;VIA PADRE SEMERIA;;;Tamponamento;Intersezione semaforizzata;Più di due carreggiate;Asciutto;Asfaltata;Verticale ed orizzontale;Sereno;Normale;Buona;;0;0;0;2;12.4974;41.8637;-1;2;Autovettura privata;In marcia / fermata / arresto;Conducente;M;Illeso;0;;Utilizzato;
5791419;20;23/01/2022 17:10:00;Strada Urbana;CORSO DI FRANCIA;in prossimità;;del civico n.;238;;Tamponamento;Rettilineo;Due carreggiate;Asciutto;Asfaltata;Verticale ed orizzontale;Sereno;Normale;Sufficiente;;0;0;0;1;12.47;41.9467;-1;1;Autovettura privata;In marcia / fermata / arresto;Conducente;M;Illeso;0;;Non accertato;
5791419;20;23/01/2022 17:10:00;Strada Urbana;CORSO DI FRANCIA;in prossimità;;del civico n.;238;;Tamponamento;Rettilineo;Due carreggiate;Asciutto;Asfaltata;Verticale ed orizzontale;Sereno;Normale;Sufficiente;;0;0;0;1;12.47;41.9467;-1;2;Autovettura privata;Allontanatosi;;;;;;;
5791422;8;23/01/2022 15:30:00;Strada Urbana;VIA WALTER TOBAGI;da specificare;;;;in prossimità intersezione via del Pettirosso;Tamponamento;Rettilineo;Una carreggiata a senso unico di marcia;Asciutto;Asfaltata;Verticale ed orizzontale;Sereno;Scarso;Buona;;0;0;0;2;12.5973;41.8753;-1;1;Autovettura privata;In marcia / fermata / arresto;Conducente;F;Illeso;0;;Non accertato;Inesploso
5791422;8;23/01/2022 15:30:00;Strada Urbana;VIA WALTER TOBAGI;da specificare;;;;in prossimità intersezione via del Pettirosso;Tamponamento;Rettilineo;Una carreggiata a senso unico di marcia;Asciutto;Asfaltata;Verticale ed orizzontale;Sereno;Scarso;Buona;;0;0;0;2;12.5973;41.8753;-1;2;Autovettura privata;In marcia / fermata / arresto;Conducente;M;Illeso;0;;Non accertato;Inesploso
5791424;20;23/01/2022 21:05:00;Strada Urbana;VIA STEFANO JACINI;in prossimità;;del civico n.;17;;Scontro frontale/laterale DX fra veicoli in marcia;Rettilineo;Una carreggiata a senso unico di marcia;Asciutto;Asfaltata;Verticale ed orizzontale;Sereno;Scarso;Buona;;1;0;0;1;12.467;41.9497;-1;1;Autovettura privata;In marcia / fermata / arresto;Conducente;M;Illeso;0;;Non accertato;
5791424;20;23/01/2022 21:05:00;Strada Urbana;VIA STEFANO JACINI;in prossimità;;del civico n.;17;;Scontro frontale/laterale DX fra veicoli in marcia;Rettilineo;Una carreggiata a senso unico di marcia;Asciutto;Asfaltata;Verticale ed orizzontale;Sereno;Scarso;Buona;;1;0;0;1;12.467;41.9497;-1;2;Autovettura privata;In marcia / fermata / arresto;Conducente;F;Rimandato;0;NON DECEDUTO;Non accertato;
5791430;12;22/01/2022 17:00:00;Strada Urbana;VIA CRISTOFORO COLOMBO;all'intersezione con;VIALE DELL'UMANESIMO;VIALE DELL'UMANESIMO;;;Veicolo in marcia contro ostacolo fisso;Intersezione semaforizzata;Una carreggiata a senso unico di marcia;Asciutto;Asfaltata;Verticale ed orizzontale;Sereno;Normale;Buona;;0;0;0;5;12.4645;41.8246;-1;1;Autovettura privata;In marcia / fermata / arresto;Conducente;F;Illeso;0;;;
5791430;12;22/01/2022 17:00:00;Strada Urbana;VIA CRISTOFORO COLOMBO;all'intersezione con;VIALE DELL'UMANESIMO;VIALE DELL'UMANESIMO;;;Veicolo in marcia contro ostacolo fisso;Intersezione semaforizzata;Una carreggiata a senso unico di marcia;Asciutto;Asfaltata;Verticale ed orizzontale;Sereno;Normale;Buona;;0;0;0;5;12.4645;41.8246;-1;1;Autovettura privata;In marcia / fermata / arresto;Passeggero;F;Illeso;0;;;
5791430;12;22/01/2022 17:00:00;Strada Urbana;VIA CRISTOFORO COLOMBO;all'intersezione con;VIALE DELL'UMANESIMO;VIALE DELL'UMANESIMO;;;Veicolo in marcia contro ostacolo fisso;Intersezione semaforizzata;Una carreggiata a senso unico di marcia;Asciutto;Asfaltata;Verticale ed orizzontale;Sereno;Normale;Buona;;0;0;0;5;12.4645;41.8246;-1;1;Autovettura privata;In marcia / fermata / arresto;Passeggero;M;Illeso;0;;;
5791430;12;22/01/2022 17:00:00;Strada Urbana;VIA CRISTOFORO COLOMBO;all'intersezione con;VIALE DELL'UMANESIMO;VIALE DELL'UMANESIMO;;;Veicolo in marcia contro ostacolo fisso;Intersezione semaforizzata;Una carreggiata a senso unico di marcia;Asciutto;Asfaltata;Verticale ed orizzontale;Sereno;Normale;Buona;;0;0;0;5;12.4645;41.8246;-1;2;Autovettura privata;In marcia / fermata / arresto;Conducente;F;Illeso;0;;;
5791430;12;22/01/2022 17:00:00;Strada Urbana;VIA CRISTOFORO COLOMBO;all'intersezione con;VIALE DELL'UMANESIMO;VIALE DELL'UMANESIMO;;;Veicolo in marcia contro ostacolo fisso;Intersezione semaforizzata;Una carreggiata a senso unico di marcia;Asciutto;Asfaltata;Verticale ed orizzontale;Sereno;Normale;Buona;;0;0;0;5;12.4645;41.8246;-1;2;Autovettura privata;In marcia / fermata / arresto;Passeggero;M;Illeso;0;;;
5791434;8;23/01/2022 19:00:00;Strada Urbana;VIA GIORGIO FOSSATI;all'intersezione con;VIA GIUSEPPE MARIA MORETTI;VIA GIUSEPPE MARIA MORETTI;;;Scontro laterale fra veicoli in marcia;Incrocio;Una carreggiata a senso unico di marcia;Asciutto;Asfaltata;Verticale;Sereno;Normale;Buona;;1;0;0;1;12.628;41.8689;-1;1;Autocarro inferiore 35 q.;In marcia / fermata / arresto;Conducente;M;Illeso;0;;Non accertato;Inesploso
5791434;8;23/01/2022 19:00:00;Strada Urbana;VIA GIORGIO FOSSATI;all'intersezione con;VIA GIUSEPPE MARIA MORETTI;VIA GIUSEPPE MARIA MORETTI;;;Scontro laterale fra veicoli in marcia;Incrocio;Una carreggiata a senso unico di marcia;Asciutto;Asfaltata;Verticale;Sereno;Normale;Buona;;1;0;0;1;12.628;41.8689;-1;2;Autovettura privata;In marcia / fermata / arresto;Conducente;M;Rifiuta cure immediate;0;NON DECEDUTO;Non accertato;Inesploso