Protocollo;Gruppo;DataOraIncidente;Localizzazione1;STRADA1;Localizzazione2;STRADA2;Strada02;Chilometrica;DaSpecificare;NaturaIncidente;particolaritastrade;TipoStrada;FondoStradale;Pavimentazione;Segnaletica;CondizioneAtmosferica;Traffico;Visibilita;Illuminazione;NUM_FERITI;NUM_RISERVATA;NUM_MORTI;NUM_ILLESI;Longitude;Latitude;Confermato;Progressivo;TipoVeicolo;StatoVeicolo;TipoPersona;Sesso;Tipolesione;Deceduto;DecedutoDopo;CinturaCascoUtilizzato;Airbag;
5791734;18;23/01/2022 05:38:00;Strada Urbana;VIA GIOVANNI SENZATERRA;da specificare;;;;FRONTE CIVICO 10;Veicolo in marcia contro veicolo in sosta;Rettilineo;Una carreggiata a senso unico di marcia;Asciutto;Asfaltata;Assente;Sereno;Scarso;Sufficiente;;0;0;0;1;12.3946;41.9087;-1;1;Autovettura privata;In marcia / fermata / arresto;Conducente;F;Illeso;0;;Non accertato;
5791734;18;23/01/2022 05:38:00;Strada Urbana;VIA GIOVANNI SENZATERRA;da specificare;;;;FRONTE CIVICO 10;Veicolo in marcia contro veicolo in sosta;Rettilineo;Una carreggiata a senso unico di marcia;Asciutto;Asfaltata;Assente;Sereno;Scarso;Sufficiente;;0;0;0;1;12.3946;41.9087;-1;2;Autovettura privata;Sosta;;;;;;;
5791737;2;23/01/2022 17:30:00;Strada Urbana;LARGO ALESSANDRO VESSELLA;in corrispondenza;;del civico n.;28;;Veicolo in marcia contro veicolo fermo;Curva a visuale libera;Una carreggiata a senso unico di marcia;Asciutto;Asfaltata;Verticale ed orizzontale;Sereno;Scarso;Buona;;0;0;0;6;12.5109;41.937;-1;1;Autovettura privata;In marcia / fermata / arresto;Conducente;M;Illeso;0;;Non accertato;Inesploso
5791737;2;23/01/2022 17:30:00;Strada Urbana;LARGO ALESSANDRO VESSELLA;in corrispondenza;;del civico n.;28;;Veicolo in marcia contro veicolo fermo;Curva a visuale libera;Una carreggiata a senso unico di marcia;Asciutto;Asfaltata;Verticale ed orizzontale;Sereno;Scarso;Buona;;0;0;0;6;12.5109;41.937;-1;1;Autovettura privata;In marcia / fermata / arresto;Passeggero;F;Illeso;0;;Non accertato;Inesploso
5791737;2;23/01/2022 17:30:00;Strada Urbana;LARGO ALESSANDRO VESSELLA;in corrispondenza;;del civico n.;28;;Veicolo in marcia contro veicolo fermo;Curva a visuale libera;Una carreggiata a senso unico di marcia;Asciutto;Asfaltata;Verticale ed orizzontale;Sereno;Scarso;Buona;;0;0;0;6;12.5109;41.937;-1;2;Autovettura privata;In marcia / fermata / arresto;Conducente;M;Illeso;0;;;
5791737;2;23/01/2022 17:30:00;Strada Urbana;LARGO ALESSANDRO VESSELLA;in corrispondenza;;del civico n.;28;;Veicolo in marcia contro veicolo fermo;Curva a visuale libera;Una carreggiata a senso unico di marcia;Asciutto;Asfaltata;Verticale ed orizzontale;Sereno;Scarso;Buona;;0;0;0;6;12.5109;41.937;-1;2;Autovettura privata;In marcia / fermata / arresto;Passeggero;F;Illeso;0;;Non accertato;Inesploso
5791737;2;23/01/2022 17:30:00;Strada Urbana;LARGO ALESSANDRO VESSELLA;in corrispondenza;;del civico n.;28;;Veicolo in marcia contro veicolo fermo;Curva a visuale libera;Una carreggiata a senso unico di marcia;Asciutto;Asfaltata;Verticale ed orizzontale;Sereno;Scarso;Buona;;0;0;0;6;12.5109;41.937;-1;2;Autovettura privata;In marcia / fermata / arresto;Passeggero;M;Illeso;0;;Non accertato;Inesploso
5791737;2;23/01/2022 17:30:00;Strada Urbana;LARGO ALESSANDRO VESSELLA;in corrispondenza;;del civico n.;28;;Veicolo in marcia contro veicolo fermo;Curva a visuale libera;Una carreggiata a senso unico di marcia;Asciutto;Asfaltata;Verticale ed orizzontale;Sereno;Scarso;Buona;;0;0;0;6;12.5109;41.937;-1;2;Autovettura privata;In marcia / fermata / arresto;Passeggero;M;Illeso;0;;Non accertato;Inesploso
5791749;2;22/01/2022 20:10:00;Strada Urbana;LUNGOTEVERE DELL'ACQUA ACETOSA;all'intersezione semaforizzata con;VIA VENEZUELA;VIA VENEZUELA;;;Scontro frontale/laterale DX fra veicoli in marcia;Intersezione semaforizzata;Una carreggiata a doppio senso;Asciutto;Asfaltata;Verticale;Sereno;Scarso;Sufficiente;;0;0;0;3;12.4793;41.9344;-1;1;Autovettura privata;In marcia / fermata / arresto;Conducente;M;Illeso;0;;;
5791749;2;22/01/2022 20:10:00;Strada Urbana;LUNGOTEVERE DELL'ACQUA ACETOSA;all'intersezione semaforizzata con;VIA VENEZUELA;VIA VENEZUELA;;;Scontro frontale/laterale DX fra veicoli in marcia;Intersezione semaforizzata;Una carreggiata a doppio senso;Asciutto;Asfaltata;Verticale;Sereno;Scarso;Sufficiente;;0;0;0;3;12.4793;41.9344;-1;2;Autovettura privata;In marcia / fermata / arresto;Conducente;M;Illeso;0;;;
5791749;2;22/01/2022 20:10:00;Strada Urbana;LUNGOTEVERE DELL'ACQUA ACETOSA;all'intersezione semaforizzata con;VIA VENEZUELA;VIA VENEZUELA;;;Scontro frontale/laterale DX fra veicoli in marcia;Intersezione semaforizzata;Una carreggiata a doppio senso;Asciutto;Asfaltata;Verticale;Sereno;Scarso;Sufficiente;;0;0;0;3;12.4793;41.9344;-1;2;Autovettura privata;In marcia / fermata / arresto;Passeggero;F;Illeso;0;;;
5791753;3;21/01/2022 16:45:00;Strada Urbana;VIA CATANIA;in prossimità;;del civico n.;4;;Tamponamento Multiplo;Rettilineo;Più di due carreggiate;Asciutto;Asfaltata;Verticale ed orizzontale;Sereno;Intenso;Buona;;1;0;0;6;12.5165;41.9105;-1;1;Autovettura privata;In marcia / fermata / arresto;Conducente;F;Rimandato;0;NON DECEDUTO;;
5791753;3;21/01/2022 16:45:00;Strada Urbana;VIA CATANIA;in prossimità;;del civico n.;4;;Tamponamento Multiplo;Rettilineo;Più di due carreggiate;Asciutto;Asfaltata;Verticale ed orizzontale;Sereno;Intenso;Buona;;1;0;0;6;12.5165;41.9105;-1;1;Autovettura privata;In marcia / fermata / arresto;Passeggero;M;Illeso;0;;;
5791753;3;21/01/2022 16:45:00;Strada Urbana;VIA CATANIA;in prossimità;;del civico n.;4;;Tamponamento Multiplo;Rettilineo;Più di due carreggiate;Asciutto;Asfaltata;Verticale ed orizzontale;Sereno;Intenso;Buona;;1;0;0;6;12.5165;41.9105;-1;1;Autovettura privata;In marcia / fermata / arresto;Passeggero;M;Illeso;0;;;
5791753;3;21/01/2022 16:45:00;Strada Urbana;VIA CATANIA;in prossimità;;del civico n.;4;;Tamponamento Multiplo;Rettilineo;Più di due carreggiate;Asciutto;Asfaltata;Verticale ed orizzontale;Sereno;Intenso;Buona;;1;0;0;6;12.5165;41.9105;-1;2;Autovettura privata;In marcia / fermata / arresto;Conducente;F;Illeso;0;;;
5791753;3;21/01/2022 16:45:00;Strada Urbana;VIA CATANIA;in prossimità;;del civico n.;4;;Tamponamento Multiplo;Rettilineo;Più di due carreggiate;Asciutto;Asfaltata;Verticale ed orizzontale;Sereno;Intenso;Buona;;1;0;0;6;12.5165;41.9105;-1;2;Autovettura privata;In marcia / fermata / arresto;Passeggero;F;Illeso;0;;;
5791753;3;21/01/2022 16:45:00;Strada Urbana;VIA CATANIA;in prossimità;;del civico n.;4;;Tamponamento Multiplo;Rettilineo;Più di due carreggiate;Asciutto;Asfaltata;Verticale ed orizzontale;Sereno;Intenso;Buona;;1;0;0;6;12.5165;41.9105;-1;3;Autovettura privata;In marcia / fermata / arresto;Conducente;F;Illeso;0;;;
5791753;3;21/01/2022 16:45:00;Strada Urbana;VIA CATANIA;in prossimità;;del civico n.;4;;Tamponamento Multiplo;Rettilineo;Più di due carreggiate;Asciutto;Asfaltata;Verticale ed orizzontale;Sereno;Intenso;Buona;;1;0;0;6;12.5165;41.9105;-1;4;Autovettura privata;In marcia / fermata / arresto;Conducente;M;Illeso;0;;;
5791767;6;24/01/2022 07:30:00;Strada Urbana;VIA CASILINA;all'intersezione con;CIRCONVALLAZIONE CASILINA;CIRCONVALLAZIONE CASILINA;;;Scontro laterale fra veicoli in marcia;Incrocio;Una carreggiata a senso unico di marcia;Asciutto;Asfaltata;Verticale ed orizzontale;Sereno;Normale;Buona;;1;0;0;1;12.5271;41.8867;-1;1;Autobus di linea;In marcia / fermata / arresto;Conducente;M;Illeso;0;;Non accertato;Inesploso
5791767;6;24/01/2022 07:30:00;Strada Urbana;VIA CASILINA;all'intersezione con;CIRCONVALLAZIONE CASILINA;CIRCONVALLAZIONE CASILINA;;;Scontro laterale fra veicoli in marcia;Incrocio;Una carreggiata a senso unico di marcia;Asciutto;Asfaltata;Verticale ed orizzontale;Sereno;Normale;Buona;;1;0;0;1;12.5271;41.8867;-1;2;Motociclo a solo;In marcia / fermata / arresto;Conducente;M;Rimandato;0;NON DECEDUTO;Non accertato;
5791774;7;22/01/2022 13:20:00;Strada Urbana;VIA DELLE CILIEGIE;in corrispondenza;;del civico n.;217;;Scontro laterale fra veicoli in marcia;Rettilineo;Una carreggiata a senso unico di marcia;Asciutto;Asfaltata;Assente;Sereno;Scarso;Buona;;0;0;0;2;12.5747;41.8894;-1;1;Autovettura privata;In marcia / fermata / arresto;Conducente;M;Illeso;0;;Non accertato;Inesploso
5791774;7;22/01/2022 13:20:00;Strada Urbana;VIA DELLE CILIEGIE;in corrispondenza;;del civico n.;217;;Scontro laterale fra veicoli in marcia;Rettilineo;Una carreggiata a senso unico di marcia;Asciutto;Asfaltata;Assente;Sereno;Scarso;Buona;;0;0;0;2;12.5747;41.8894;-1;2;Autocarro inferiore 35 q.;In marcia / fermata / arresto;Conducente;M;Illeso;0;;Non accertato;Inesploso
5791775;4;23/01/2022 20:25:00;Strada Urbana;VIA DELLE VIGNE NUOVE;all'intersezione con;VIA VILLA DI FAONTE;VIA VILLA DI FAONTE;;;Scontro frontale/laterale SX fra veicoli in marcia;Incrocio;Una carreggiata a doppio senso;Asciutto;Asfaltata;Verticale ed orizzontale;Sereno;Normale;Buona;;1;0;0;1;12.5358;41.9554;-1;1;Autovettura privata;In marcia / fermata / arresto;Conducente;M;Illeso;0;;;
5791775;4;23/01/2022 20:25:00;Strada Urbana;VIA DELLE VIGNE NUOVE;all'intersezione con;VIA VILLA DI FAONTE;VIA VILLA DI FAONTE;;;Scontro frontale/laterale SX fra veicoli in marcia;Incrocio;Una carreggiata a doppio senso;Asciutto;Asfaltata;Verticale ed orizzontale;Sereno;Normale;Buona;;1;0;0;1;12.5358;41.9554;-1;2;Ciclomotore;In marcia / fermata / arresto;Conducente;M;Rimandato;0;NON DECEDUTO;Non accertato;
5791776;13;21/01/2022 13:20:00;Strada Urbana;VIALE CAPITAN CONSALVO;in corrispondenza;;del civico n.;24;;Tamponamento Multiplo;Rettilineo;Una carreggiata a doppio senso;Asciutto;Asfaltata;Assente;Sereno;Normale;Buona;;1;0;0;6;12.2787;41.7327;-1;1;Autovettura privata;In marcia / fermata / arresto;Conducente;F;Illeso;0;;;
5791776;13;21/01/2022 13:20:00;Strada Urbana;VIALE CAPITAN CONSALVO;in corrispondenza;;del civico n.;24;;Tamponamento Multiplo;Rettilineo;Una carreggiata a doppio senso;Asciutto;Asfaltata;Assente;Sereno;Normale;Buona;;1;0;0;6;12.2787;41.7327;-1;1;Autovettura privata;In marcia / fermata / arresto;Passeggero;M;Illeso;0;;;
5791776;13;21/01/2022 13:20:00;Strada Urbana;VIALE CAPITAN CONSALVO;in corrispondenza;;del civico n.;24;;Tamponamento Multiplo;Rettilineo;Una carreggiata a doppio senso;Asciutto;Asfaltata;Assente;Sereno;Normale;Buona;;1;0;0;6;12.2787;41.7327;-1;1;Autovettura privata;In marcia / fermata / arresto;Passeggero;F;Illeso;0;;;
5791776;13;21/01/2022 13:20:00;Strada Urbana;VIALE CAPITAN CONSALVO;in corrispondenza;;del civico n.;24;;Tamponamento Multiplo;Rettilineo;Una carreggiata a doppio senso;Asciutto;Asfaltata;Assente;Sereno;Normale;Buona;;1;0;0;6;12.2787;41.7327;-1;2;Autovettura privata;In marcia / fermata / arresto;Conducente;F;Illeso;0;;;
5791776;13;21/01/2022 13:20:00;Strada Urbana;VIALE CAPITAN CONSALVO;in corrispondenza;;del civico n.;24;;Tamponamento Multiplo;Rettilineo;Una carreggiata a doppio senso;Asciutto;Asfaltata;Assente;Sereno;Normale;Buona;;1;0;0;6;12.2787;41.7327;-1;3;Autovettura privata;In marcia / fermata / arresto;Conducente;F;Rimandato;0;NON DECEDUTO;;
5791776;13;21/01/2022 13:20:00;Strada Urbana;VIALE CAPITAN CONSALVO;in corrispondenza;;del civico n.;24;;Tamponamento Multiplo;Rettilineo;Una carreggiata a doppio senso;Asciutto;Asfaltata;Assente;Sereno;Normale;Buona;;1;0;0;6;12.2787;41.7327;-1;4;Autovettura privata;In marcia / fermata / arresto;Conducente;M;Illeso;0;;;
5791776;13;21/01/2022 13:20:00;Strada Urbana;VIALE CAPITAN CONSALVO;in corrispondenza;;del civico n.;24;;Tamponamento Multiplo;Rettilineo;Una carreggiata a doppio senso;Asciutto;Asfaltata;Assente;Sereno;Normale;Buona;;1;0;0;6;12.2787;41.7327;-1;4;Autovettura privata;In marcia / fermata / arresto;Passeggero;F;Illeso;0;;;
5791788;18;23/01/2022 03:00:00;Strada Urbana;VIA DOMENICO TARDINI;all'intersezione con;VIA FRANCESCO ALBERGOTTI;VIA FRANCESCO ALBERGOTTI;;;Veicolo in marcia contro ostacolo fisso;Intersezione semaforizzata;Due carreggiate;Asciutto;Asfaltata;Verticale ed orizzontale;Sereno;Scarso;Sufficiente;;0;0;0;5;12.4254;41.9045;-1;1;Autovettura privata;In marcia / fermata / arresto;Conducente;F;Illeso;0;;Non accertato;Inesploso
5791788;18;23/01/2022 03:00:00;Strada Urbana;VIA DOMENICO TARDINI;all'intersezione con;VIA FRANCESCO ALBERGOTTI;VIA FRANCESCO ALBERGOTTI;;;Veicolo in marcia contro ostacolo fisso;Intersezione semaforizzata;Due carreggiate;Asciutto;Asfaltata;Verticale ed orizzontale;Sereno;Scarso;Sufficiente;;0;0;0;5;12.4254;41.9045;-1;2;Autovettura privata;In marcia / fermata / arresto;Conducente;M;Illeso;0;;Non accertato;Inesploso
5791788;18;23/01/2022 03:00:00;Strada Urbana;VIA DOMENICO TARDINI;all'intersezione con;VIA FRANCESCO ALBERGOTTI;VIA FRANCESCO ALBERGOTTI;;;Veicolo in marcia contro ostacolo fisso;Intersezione semaforizzata;Due carreggiate;Asciutto;Asfaltata;Verticale ed orizzontale;Sereno;Scarso;Sufficiente;;0;0;0;5;12.4254;41.9045;-1;2;Autovettura privata;In marcia / fermata / arresto;Passeggero;M;Illeso;0;;Non accertato;Inesploso
5791788;18;23/01/2022 03:00:00;Strada Urbana;VIA DOMENICO TARDINI;all'intersezione con;VIA FRANCESCO ALBERGOTTI;VIA FRANCESCO ALBERGOTTI;;;Veicolo in marcia contro ostacolo fisso;Intersezione semaforizzata;Due carreggiate;Asciutto;Asfaltata;Verticale ed orizzontale;Sereno;Scarso;Sufficiente;;0;0;0;5;12.4254;41.9045;-1;2;Autovettura privata;In marcia / fermata / arresto;Passeggero;M;Illeso;0;;Non accertato;Inesploso
5791788;18;23/01/2022 03:00:00;Strada Urbana;VIA DOMENICO TARDINI;all'intersezione con;VIA FRANCESCO ALBERGOTTI;VIA FRANCESCO ALBERGOTTI;;;Veicolo in marcia contro ostacolo fisso;Intersezione semaforizzata;Due carreggiate;Asciutto;Asfaltata;Verticale ed orizzontale;Sereno;Scarso;Sufficiente;;0;0;0;5;12.4254;41.9045;-1;2;Autovettura privata;In marcia / fermata / arresto;Passeggero;F;Illeso;0;;Non accertato;Inesploso
5791794;13;23/01/2022 11:00:00;Strada Urbana;PIAZZALE CRISTOFORO COLOMBO;da specificare;;;;altezza fontana dello zodiaco;Scontro laterale fra veicoli in marcia;Rotatoria;Una carreggiata a senso unico di marcia;Asciutto;Asfaltata;Orizzontale;Sereno;Normale;Sufficiente;;0;0;0;2;12.3174;41.7145;-1;1;Autovettura privata;In marcia / fermata / arresto;Conducente;M;Illeso;0;;Non accertato;Inesploso
5791794;13;23/01/2022 11:00:00;Strada Urbana;PIAZZALE CRISTOFORO COLOMBO;da specificare;;;;altezza fontana dello zodiaco;Scontro laterale fra veicoli in marcia;Rotatoria;Una carreggiata a senso unico di marcia;Asciutto;Asfaltata;Orizzontale;Sereno;Normale;Sufficiente;;0;0;0;2;12.3174;41.7145;-1;2;Autovettura privata;In marcia / fermata / arresto;Conducente;M;Illeso;0;;Non accertato;Inesploso
5791796;20;24/01/2022 07:30:00;Strada Urbana;PIAZZA DI SAXA RUBRA;in prossimità;;del civico n.;15;;Veicolo in marcia contro ostacolo accidentale;Rotatoria;Una carreggiata a senso unico di marcia;Ghiacciato;Asfaltata;Orizzontale;Sereno;Normale;Buona;;1;0;0;0;12.4933;42.0009;-1;1;Motociclo a solo;In marcia / fermata / arresto;Conducente;F;Rimandato;0;NON DECEDUTO;Non accertato;
5791797;7;23/01/2022 09:00:00;Strada Urbana;VIALE PALMIRO TOGLIATTI;in prossimità;;del civico n.;1228;;Tamponamento;Rettilineo;Due carreggiate;Asciutto;Asfaltata;Orizzontale;Sereno;Normale;Buona;;0;0;0;3;12.5759;41.9001;-1;1;Autovettura privata;In marcia / fermata / arresto;Conducente;M;Illeso;0;;Non accertato;Inesploso
5791797;7;23/01/2022 09:00:00;Strada Urbana;VIALE PALMIRO TOGLIATTI;in prossimità;;del civico n.;1228;;Tamponamento;Rettilineo;Due carreggiate;Asciutto;Asfaltata;Orizzontale;Sereno;Normale;Buona;;0;0;0;3;12.5759;41.9001;-1;2;Autovettura privata;In marcia / fermata / arresto;Conducente;F;Illeso;0;;Non accertato;Inesploso
5791797;7;23/01/2022 09:00:00;Strada Urbana;VIALE PALMIRO TOGLIATTI;in prossimità;;del civico n.;1228;;Tamponamento;Rettilineo;Due carreggiate;Asciutto;Asfaltata;Orizzontale;Sereno;Normale;Buona;;0;0;0;3;12.5759;41.9001;-1;2;Autovettura privata;In marcia / fermata / arresto;Passeggero;M;Illeso;0;;Non accertato;Inesploso
5791814;1;21/01/2022 18:30:00;Strada Urbana;VIA MARMORATA;in prossimità;;del civico n.;11;;Tamponamento;Rettilineo;Una carreggiata a doppio senso;Asciutto;Asfaltata;Verticale ed orizzontale;Sereno;Scarso;Sufficiente;;0;0;0;3;12.4797;41.8779;-1;1;Autovettura privata;In marcia / fermata / arresto;Conducente;M;Illeso;0;;;
5791814;1;21/01/2022 18:30:00;Strada Urbana;VIA MARMORATA;in prossimità;;del civico n.;11;;Tamponamento;Rettilineo;Una carreggiata a doppio senso;Asciutto;Asfaltata;Verticale ed orizzontale;Sereno;Scarso;Sufficiente;;0;0;0;3;12.4797;41.8779;-1;1;Autovettura privata;In marcia / fermata / arresto;Passeggero;F;Illeso;0;;;
5791814;1;21/01/2022 18:30:00;Strada Urbana;VIA MARMORATA;in prossimità;;del civico n.;11;;Tamponamento;Rettilineo;Una carreggiata a doppio senso;Asciutto;Asfaltata;Verticale ed orizzontale;Sereno;Scarso;Sufficiente;;0;0;0;3;12.4797;41.8779;-1;2;Autovettura privata;In marcia / fermata / arresto;Conducente;F;Illeso;0;;;
5791815;17;22/01/2022 16:30:00;Strada Urbana;VIALE DEGLI AMMIRAGLI;all'intersezione con;VIA ANGELO EMO;VIA ANGELO EMO;;;Scontro frontale/laterale SX fra veicoli in marcia;Intersezione stradale segnalata;Una carreggiata a doppio senso;Asciutto;Asfaltata;Verticale ed orizzontale;Sereno;Normale;Buona;;0;0;0;5;12.4449;41.9056;-1;1;Autovettura privata;In marcia / fermata / arresto;Conducente;M;Illeso;0;;;
5791815;17;22/01/2022 16:30:00;Strada Urbana;VIALE DEGLI AMMIRAGLI;all'intersezione con;VIA ANGELO EMO;VIA ANGELO EMO;;;Scontro frontale/laterale SX fra veicoli in marcia;Intersezione stradale segnalata;Una carreggiata a doppio senso;Asciutto;Asfaltata;Verticale ed orizzontale;Sereno;Normale;Buona;;0;0;0;5;12.4449;41.9056;-1;2;Autovettura privata;In marcia / fermata / arresto;Conducente;M;Illeso;0;;;
5791815;17;22/01/2022 16:30:00;Strada Urbana;VIALE DEGLI AMMIRAGLI;all'intersezione con;VIA ANGELO EMO;VIA ANGELO EMO;;;Scontro frontale/laterale SX fra veicoli in marcia;Intersezione stradale segnalata;Una carreggiata a doppio senso;Asciutto;Asfaltata;Verticale ed orizzontale;Sereno;Normale;Buona;;0;0;0;5;12.4449;41.9056;-1;2;Autovettura privata;In marcia / fermata / arresto;Passeggero;F;Illeso;0;;;
5791815;17;22/01/2022 16:30:00;Strada Urbana;VIALE DEGLI AMMIRAGLI;all'intersezione con;VIA ANGELO EMO;VIA ANGELO EMO;;;Scontro frontale/laterale SX fra veicoli in marcia;Intersezione stradale segnalata;Una carreggiata a doppio senso;Asciutto;Asfaltata;Verticale ed orizzontale;Sereno;Normale;Buona;;0;0;0;5;12.4449;41.9056;-1;2;Autovettura privata;In marcia / fermata / arresto;Passeggero;M;Illeso;0;;;
5791815;17;22/01/2022 16:30:00;Strada Urbana;VIALE DEGLI AMMIRAGLI;all'intersezione con;VIA ANGELO EMO;VIA ANGELO EMO;;;Scontro frontale/laterale SX fra veicoli in marcia;Intersezione stradale segnalata;Una carreggiata a doppio senso;Asciutto;Asfaltata;Verticale ed orizzontale;Sereno;Normale;Buona;;0;0;0;5;12.4449;41.9056;-1;2;Autovettura privata;In marcia / fermata / arresto;Passeggero;M;Illeso;0;;;
5791828;13;23/01/2022 05:20:00;Strada Urbana;VIA OSTIENSE;da specificare;;;;altezza Stazione Acilia;Tamponamento;Rettilineo;Una carreggiata a senso unico di marcia;Asciutto;Asfaltata;Verticale ed orizzontale;Sereno;Scarso;Buona;;2;0;0;1;12.3596;41.7835;-1;1;Ciclomotore con passeggero;In marcia / fermata / arresto;Conducente;M;Rimandato;0;NON DECEDUTO;Non accertato;
5791828;13;23/01/2022 05:20:00;Strada Urbana;VIA OSTIENSE;da specificare;;;;altezza Stazione Acilia;Tamponamento;Rettilineo;Una carreggiata a senso unico di marcia;Asciutto;Asfaltata;Verticale ed orizzontale;Sereno;Scarso;Buona;;2;0;0;1;12.3596;41.7835;-1;1;Ciclomotore con passeggero;In marcia / fermata / arresto;Passeggero;M;Rimandato;0;NON DECEDUTO;Non accertato;
5791828;13;23/01/2022 05:20:00;Strada Urbana;VIA OSTIENSE;da specificare;;;;altezza Stazione Acilia;Tamponamento;Rettilineo;Una carreggiata a senso unico di marcia;Asciutto;Asfaltata;Verticale ed orizzontale;Sereno;Scarso;Buona;;2;0;0;1;12.3596;41.7835;-1;2;Autovettura privata;In marcia / fermata / arresto;Conducente;M;Illeso;0;;Non accertato;Inesploso
5791829;3;22/01/2022 15:10:00;Strada Urbana;VIALE DELL'UNIVERSITA';all'intersezione semaforizzata con;VIALE DELLE SCIENZE;VIALE DELLE SCIENZE;;;Scontro frontale/laterale DX fra veicoli in marcia;Intersezione semaforizzata;Una carreggiata a doppio senso;Asciutto;Asfaltata;Verticale ed orizzontale;Sereno;Normale;Buona;;0;0;0;3;12.5118;41.9043;-1;1;Autovettura privata;In marcia / fermata / arresto;Conducente;M;Illeso;0;;Non accertato;Inesploso
5791829;3;22/01/2022 15:10:00;Strada Urbana;VIALE DELL'UNIVERSITA';all'intersezione semaforizzata con;VIALE DELLE SCIENZE;VIALE DELLE SCIENZE;;;Scontro frontale/laterale DX fra veicoli in marcia;Intersezione semaforizzata;Una carreggiata a doppio senso;Asciutto;Asfaltata;Verticale ed orizzontale;Sereno;Normale;Buona;;0;0;0;3;12.5118;41.9043;-1;1;Autovettura privata;In marcia / fermata / arresto;Passeggero;F;Illeso;0;;Non accertato;Inesploso
5791829;3;22/01/2022 15:10:00;Strada Urbana;VIALE DELL'UNIVERSITA';all'intersezione semaforizzata con;VIALE DELLE SCIENZE;VIALE DELLE SCIENZE;;;Scontro frontale/laterale DX fra veicoli in marcia;Intersezione semaforizzata;Una carreggiata a doppio senso;Asciutto;Asfaltata;Verticale ed orizzontale;Sereno;Normale;Buona;;0;0;0;3;12.5118;41.9043;-1;2;Autocarro inferiore 35 q.;In marcia / fermata / arresto;Conducente;M;Illeso;0;;Non accertato;Inesploso
5791841;1;21/01/2022 18:48:00;Strada Urbana;PIAZZA DI MONTE SAVELLO;in prossimità;;del palo luce n.;3;;Scontro laterale fra veicoli in marcia;Rettilineo;Una carreggiata a senso unico di marcia;Asciutto;Asfaltata;Verticale;Sereno;Normale;Buona;;0;0;0;3;12.4796;41.8911;-1;1;Autocarro inferiore 35 q.;In marcia / fermata / arresto;Conducente;M;Illeso;0;;Non accertato;Inesploso
5791841;1;21/01/2022 18:48:00;Strada Urbana;PIAZZA DI MONTE SAVELLO;in prossimità;;del palo luce n.;3;;Scontro laterale fra veicoli in marcia;Rettilineo;Una carreggiata a senso unico di marcia;Asciutto;Asfaltata;Verticale;Sereno;Normale;Buona;;0;0;0;3;12.4796;41.8911;-1;1;Autocarro inferiore 35 q.;In marcia / fermata / arresto;Passeggero;M;Illeso;0;;Non accertato;Inesploso
5791841;1;21/01/2022 18:48:00;Strada Urbana;PIAZZA DI MONTE SAVELLO;in prossimità;;del palo luce n.;3;;Scontro laterale fra veicoli in marcia;Rettilineo;Una carreggiata a senso unico di marcia;Asciutto;Asfaltata;Verticale;Sereno;Normale;Buona;;0;0;0;3;12.4796;41.8911;-1;2;Autovettura privata;In marcia / fermata / arresto;Conducente;M;Illeso;0;;Non accertato;Inesploso
5791847;18;23/01/2022 20:30:00;Strada Urbana;PIAZZA IRNERIO;in prossimità;;del civico n.;18;;Veicolo in marcia contro ostacolo fisso;Rettilineo;Due carreggiate;Asciutto;Asfaltata;Verticale ed orizzontale;Sereno;Normale;Sufficiente;;1;0;0;0;12.4294;41.8989;-1;1;Motociclo a solo;In marcia / fermata / arresto;Conducente;M;Rifiuta cure immediate;0;NON DECEDUTO;;
5791868;3;21/01/2022 13:40:00;Strada Urbana;LARGO GUIDO MAZZONI;da specificare;;;;altezza ingresso capolinea ATAC;Veicolo in marcia contro veicolo fermo;Rettilineo;Una carreggiata a senso unico di marcia;Asciutto;Asfaltata;Verticale;Sereno;Scarso;Buona;;0;0;0;2;12.527;41.9097;-1;1;Autobus urbano;In marcia / fermata / arresto;Conducente;M;Illeso;0;;;
5791868;3;21/01/2022 13:40:00;Strada Urbana;LARGO GUIDO MAZZONI;da specificare;;;;altezza ingresso capolinea ATAC;Veicolo in marcia contro veicolo fermo;Rettilineo;Una carreggiata a senso unico di marcia;Asciutto;Asfaltata;Verticale;Sereno;Scarso;Buona;;0;0;0;2;12.527;41.9097;-1;2;Autovettura privata;In marcia / fermata / arresto;Conducente;M;Illeso;0;;;
5791875;12;23/01/2022 01:30:00;Provinciale;VIA ARDEATINA;da specificare;;;;civico 1998 dir Ardea;Scontro frontale/laterale SX fra veicoli in marcia;Curva a visuale libera;Una carreggiata a doppio senso;Asciutto;Asfaltata;Verticale;Sereno;Scarso;Insufficiente;;4;0;0;0;12.5255;41.8131;-1;1;Autovettura privata;In marcia / fermata / arresto;Conducente;F;Rimandato;0;NON DECEDUTO;Utilizzato;Esploso