Protocollo;Gruppo;DataOraIncidente;Localizzazione1;STRADA1;Localizzazione2;STRADA2;Strada02;Chilometrica;DaSpecificare;NaturaIncidente;particolaritastrade;TipoStrada;FondoStradale;Pavimentazione;Segnaletica;CondizioneAtmosferica;Traffico;Visibilita;Illuminazione;NUM_FERITI;NUM_RISERVATA;NUM_MORTI;NUM_ILLESI;Longitude;Latitude;Confermato;Progressivo;TipoVeicolo;StatoVeicolo;TipoPersona;Sesso;Tipolesione;Deceduto;DecedutoDopo;CinturaCascoUtilizzato;Airbag;
5792665;12;24/01/2022 17:15:00;Strada Urbana;VIA DOMENICO JACHINO;da specificare;;;;prossimità palo acea 18;Investimento di pedone;Rettilineo;Due carreggiate;Asciutto;Asfaltata;Verticale ed orizzontale;Sereno;Normale;Buona;;1;0;0;1;12.4498;41.8087;-1;1;Autovettura privata;In marcia / fermata / arresto;Conducente;F;Illeso;0;;Non accertato;Inesploso
5792673;16;24/01/2022 10:15:00;;VIA GIACINTO BRUZZESI;in prossimità;;del civico n.;8;;Investimento di pedone;;;;;;;;;;0;0;0;2;;;0;;;;Pedone;M;Illeso;0;;;
5792673;16;24/01/2022 10:15:00;;VIA GIACINTO BRUZZESI;in prossimità;;del civico n.;8;;Investimento di pedone;;;;;;;;;;0;0;0;2;;;0;1;Autocarro inferiore 35 q.;In marcia / fermata / arresto;Conducente;M;Illeso;0;;;
5792841;18;24/01/2022 20:15:00;Strada Urbana;VIA DI TORREVECCHIA;all'intersezione con;VIA DOLCEDO;VIA DOLCEDO;;;Scontro frontale/laterale DX fra veicoli in marcia;Intersezione stradale segnalata;Una carreggiata a doppio senso;Asciutto;Asfaltata;Verticale ed orizzontale;Sereno;Normale;Sufficiente;;0;0;1;1;12.4069;41.9145;0;1;Autovettura privata;In marcia / fermata / arresto;Conducente;M;Illeso;0;;;
5792841;18;24/01/2022 20:15:00;Strada Urbana;VIA DI TORREVECCHIA;all'intersezione con;VIA DOLCEDO;VIA DOLCEDO;;;Scontro frontale/laterale DX fra veicoli in marcia;Intersezione stradale segnalata;Una carreggiata a doppio senso;Asciutto;Asfaltata;Verticale ed orizzontale;Sereno;Normale;Sufficiente;;0;0;1;1;12.4069;41.9145;0;2;Motociclo a solo;In marcia / fermata / arresto;Conducente;M;Deceduto durante prime cure;-1;;;
5792889;11;24/01/2022 06:30:00;Strada Urbana;VIALE GUGLIELMO MARCONI;da specificare;;;;prossimità via T.C. Onesti;Scontro laterale fra veicoli in marcia;Rettilineo;Due carreggiate;Asciutto;Asfaltata;Verticale ed orizzontale;Sereno;Normale;Buona;;0;0;0;2;12.4713;41.8573;-1;1;Autovettura privata;In marcia / fermata / arresto;Conducente;F;Illeso;0;;Non accertato;
5792889;11;24/01/2022 06:30:00;Strada Urbana;VIALE GUGLIELMO MARCONI;da specificare;;;;prossimità via T.C. Onesti;Scontro laterale fra veicoli in marcia;Rettilineo;Due carreggiate;Asciutto;Asfaltata;Verticale ed orizzontale;Sereno;Normale;Buona;;0;0;0;2;12.4713;41.8573;-1;2;Autovettura privata;In marcia / fermata / arresto;Conducente;F;Illeso;0;;;
5792903;11;24/01/2022 09:30:00;Strada Urbana;VIA DEI LINCEI;da specificare;;;;Prossimità Viale di Tor Marancia;Veicolo in marcia contro veicolo in sosta;Curva a visuale libera;Una carreggiata a senso unico di marcia;Asciutto;Asfaltata;Verticale ed orizzontale;Sereno;Normale;Buona;;1;0;0;0;12.4971;41.8552;-1;1;Autovettura privata;Sosta;;;;;;;
5792903;11;24/01/2022 09:30:00;Strada Urbana;VIA DEI LINCEI;da specificare;;;;Prossimità Viale di Tor Marancia;Veicolo in marcia contro veicolo in sosta;Curva a visuale libera;Una carreggiata a senso unico di marcia;Asciutto;Asfaltata;Verticale ed orizzontale;Sereno;Normale;Buona;;1;0;0;0;12.4971;41.8552;-1;2;Motociclo a solo;In marcia / fermata / arresto;Conducente;M;Rifiuta cure immediate;0;NON DECEDUTO;Utilizzato;
5792908;8;24/01/2022 11:20:00;Strada Urbana;VIA ACQUARONI;in prossimità;;del civico n.;70;;Veicolo in marcia contro veicolo fermo;Rettilineo;Una carreggiata a doppio senso;Asciutto;Asfaltata;Assente;Sereno;Normale;Buona;;0;0;0;3;12.644;41.866;-1;1;Autovettura privata;In marcia / fermata / arresto;Conducente;M;Illeso;0;;;
5792908;8;24/01/2022 11:20:00;Strada Urbana;VIA ACQUARONI;in prossimità;;del civico n.;70;;Veicolo in marcia contro veicolo fermo;Rettilineo;Una carreggiata a doppio senso;Asciutto;Asfaltata;Assente;Sereno;Normale;Buona;;0;0;0;3;12.644;41.866;-1;2;Autovettura privata;In marcia / fermata / arresto;Conducente;M;Illeso;0;;;
5792908;8;24/01/2022 11:20:00;Strada Urbana;VIA ACQUARONI;in prossimità;;del civico n.;70;;Veicolo in marcia contro veicolo fermo;Rettilineo;Una carreggiata a doppio senso;Asciutto;Asfaltata;Assente;Sereno;Normale;Buona;;0;0;0;3;12.644;41.866;-1;2;Autovettura privata;In marcia / fermata / arresto;Passeggero;F;Illeso;0;;;
5792909;8;24/01/2022 16:00:00;Strada Urbana;VIA SILICELLA;all'intersezione con;VIA CASILINA;VIA CASILINA;;;Scontro laterale fra veicoli in marcia;Incrocio;Una carreggiata a doppio senso;Asciutto;Asfaltata;Orizzontale;Sereno;Normale;Buona;;0;0;0;2;12.5986;41.8573;-1;1;Autocarro inferiore 35 q.;In marcia / fermata / arresto;Conducente;M;Illeso;0;;;
5792909;8;24/01/2022 16:00:00;Strada Urbana;VIA SILICELLA;all'intersezione con;VIA CASILINA;VIA CASILINA;;;Scontro laterale fra veicoli in marcia;Incrocio;Una carreggiata a doppio senso;Asciutto;Asfaltata;Orizzontale;Sereno;Normale;Buona;;0;0;0;2;12.5986;41.8573;-1;2;Autovettura privata;In marcia / fermata / arresto;Conducente;M;Illeso;0;;;
5792910;8;24/01/2022 06:30:00;Strada Urbana;VIA PADRE GIUSEPPE PETRILLI;da specificare;;;;fronte civico 45;Tamponamento Multiplo;Curva senza visuale libera;Una carreggiata a doppio senso;Asciutto;Asfaltata;Verticale ed orizzontale;Sereno;Scarso;Buona;;1;0;0;3;12.6698;41.9079;-1;1;Autovettura privata;In marcia / fermata / arresto;Conducente;F;Illeso;0;;;
5792910;8;24/01/2022 06:30:00;Strada Urbana;VIA PADRE GIUSEPPE PETRILLI;da specificare;;;;fronte civico 45;Tamponamento Multiplo;Curva senza visuale libera;Una carreggiata a doppio senso;Asciutto;Asfaltata;Verticale ed orizzontale;Sereno;Scarso;Buona;;1;0;0;3;12.6698;41.9079;-1;2;Autovettura privata;In marcia / fermata / arresto;Conducente;M;Rimandato;0;NON DECEDUTO;;
5792910;8;24/01/2022 06:30:00;Strada Urbana;VIA PADRE GIUSEPPE PETRILLI;da specificare;;;;fronte civico 45;Tamponamento Multiplo;Curva senza visuale libera;Una carreggiata a doppio senso;Asciutto;Asfaltata;Verticale ed orizzontale;Sereno;Scarso;Buona;;1;0;0;3;12.6698;41.9079;-1;3;Autovettura privata;In marcia / fermata / arresto;Conducente;M;Illeso;0;;;
5792910;8;24/01/2022 06:30:00;Strada Urbana;VIA PADRE GIUSEPPE PETRILLI;da specificare;;;;fronte civico 45;Tamponamento Multiplo;Curva senza visuale libera;Una carreggiata a doppio senso;Asciutto;Asfaltata;Verticale ed orizzontale;Sereno;Scarso;Buona;;1;0;0;3;12.6698;41.9079;-1;3;Autovettura privata;In marcia / fermata / arresto;Passeggero;F;Illeso;0;;;
5792911;8;24/01/2022 16:15:00;Strada Urbana;PIAZZA MONDAVIO;all'intersezione con;VIA SANT'ELPIDIO A MARE;VIA SANT'ELPIDIO A MARE;;;Scontro frontale/laterale SX fra veicoli in marcia;Incrocio;Una carreggiata a doppio senso;Asciutto;Asfaltata;Verticale ed orizzontale;Sereno;Normale;Buona;;0;0;0;3;12.7242;41.9208;-1;1;Autovettura privata;In marcia / fermata / arresto;Conducente;M;Illeso;0;;Non accertato;Inesploso
5792911;8;24/01/2022 16:15:00;Strada Urbana;PIAZZA MONDAVIO;all'intersezione con;VIA SANT'ELPIDIO A MARE;VIA SANT'ELPIDIO A MARE;;;Scontro frontale/laterale SX fra veicoli in marcia;Incrocio;Una carreggiata a doppio senso;Asciutto;Asfaltata;Verticale ed orizzontale;Sereno;Normale;Buona;;0;0;0;3;12.7242;41.9208;-1;2;Autovettura privata;In marcia / fermata / arresto;Conducente;M;Illeso;0;;Non accertato;Inesploso
5792911;8;24/01/2022 16:15:00;Strada Urbana;PIAZZA MONDAVIO;all'intersezione con;VIA SANT'ELPIDIO A MARE;VIA SANT'ELPIDIO A MARE;;;Scontro frontale/laterale SX fra veicoli in marcia;Incrocio;Una carreggiata a doppio senso;Asciutto;Asfaltata;Verticale ed orizzontale;Sereno;Normale;Buona;;0;0;0;3;12.7242;41.9208;-1;2;Autovettura privata;In marcia / fermata / arresto;Passeggero;F;Illeso;0;;Non accertato;Inesploso
5792914;8;24/01/2022 08:00:00;Strada Urbana;VIA DEL FOSSO DELL'OSA;all'intersezione con;VIA PERANO;VIA PERANO;;;Scontro frontale fra veicoli in marcia;Incrocio;Una carreggiata a doppio senso;Asciutto;Asfaltata;Verticale ed orizzontale;Sereno;Normale;Buona;;0;0;0;2;12.6843;41.9052;-1;1;Autovettura privata;In marcia / fermata / arresto;Conducente;F;Illeso;0;;Non accertato;Inesploso
5792914;8;24/01/2022 08:00:00;Strada Urbana;VIA DEL FOSSO DELL'OSA;all'intersezione con;VIA PERANO;VIA PERANO;;;Scontro frontale fra veicoli in marcia;Incrocio;Una carreggiata a doppio senso;Asciutto;Asfaltata;Verticale ed orizzontale;Sereno;Normale;Buona;;0;0;0;2;12.6843;41.9052;-1;2;Autovettura privata;In marcia / fermata / arresto;Conducente;M;Illeso;0;;Non accertato;Inesploso
5792918;8;24/01/2022 17:20:00;Strada Urbana;VIALE PIETRO ANDERLONI;da specificare;;;;all'inversione di marcia in pross. VIA ASPERTINI;Scontro laterale fra veicoli in marcia;Rettilineo;Due carreggiate;Asciutto;Asfaltata;Verticale ed orizzontale;Sereno;Normale;Buona;;2;0;0;0;12.6298;41.8747;-1;1;Motociclo con passeggero;In marcia / fermata / arresto;Conducente;M;Rimandato;0;NON DECEDUTO;Non accertato;
5792918;8;24/01/2022 17:20:00;Strada Urbana;VIALE PIETRO ANDERLONI;da specificare;;;;all'inversione di marcia in pross. VIA ASPERTINI;Scontro laterale fra veicoli in marcia;Rettilineo;Due carreggiate;Asciutto;Asfaltata;Verticale ed orizzontale;Sereno;Normale;Buona;;2;0;0;0;12.6298;41.8747;-1;2;Autobus di linea;In marcia / fermata / arresto;Conducente;M;Rifiuta cure immediate;0;NON DECEDUTO;Non accertato;Inesploso
5792919;8;24/01/2022 11:20:00;Provinciale entro l'abitato;VIA PRENESTINA;all'intersezione con;VIA GROTTAMINARDA;VIA GROTTAMINARDA;;;Scontro frontale/laterale DX fra veicoli in marcia;Incrocio;Una carreggiata a doppio senso;Asciutto;Asfaltata;Verticale ed orizzontale;Sereno;Intenso;Buona;;1;0;0;1;12.6312;41.8926;-1;1;Motociclo a solo;In marcia / fermata / arresto;Conducente;M;Rifiuta cure immediate;0;NON DECEDUTO;Non accertato;
5792919;8;24/01/2022 11:20:00;Provinciale entro l'abitato;VIA PRENESTINA;all'intersezione con;VIA GROTTAMINARDA;VIA GROTTAMINARDA;;;Scontro frontale/laterale DX fra veicoli in marcia;Incrocio;Una carreggiata a doppio senso;Asciutto;Asfaltata;Verticale ed orizzontale;Sereno;Intenso;Buona;;1;0;0;1;12.6312;41.8926;-1;2;Autovettura privata;In marcia / fermata / arresto;Conducente;M;Illeso;0;;Non accertato;Inesploso
5792927;11;24/01/2022 18:45:00;Strada Urbana;VIA DEL SERAFICO;in prossimità;;del civico n.;44;;Scontro frontale/laterale DX fra veicoli in marcia;Rettilineo;Una carreggiata a doppio senso;Asciutto;Asfaltata;Verticale ed orizzontale;Sereno;Normale;Buona;;1;0;0;1;12.484;41.8295;-1;1;Motociclo a solo;In marcia / fermata / arresto;Conducente;F;Rimandato;0;NON DECEDUTO;;
5792927;11;24/01/2022 18:45:00;Strada Urbana;VIA DEL SERAFICO;in prossimità;;del civico n.;44;;Scontro frontale/laterale DX fra veicoli in marcia;Rettilineo;Una carreggiata a doppio senso;Asciutto;Asfaltata;Verticale ed orizzontale;Sereno;Normale;Buona;;1;0;0;1;12.484;41.8295;-1;2;Autovettura privata;In marcia / fermata / arresto;Conducente;M;Illeso;0;;;
5792948;5;24/01/2022 12:00:00;Strada Urbana;VIA FRANCESCO PAOLO BONIFACIO;all'intersezione con;VIA CARLO ARTURO JEMOLO;VIA CARLO ARTURO JEMOLO;;;Scontro laterale fra veicoli in marcia;Incrocio;Una carreggiata a doppio senso;Asciutto;Asfaltata;Verticale ed orizzontale;Nebbia;Normale;Buona;;0;0;0;2;12.5811;41.951;-1;1;Autovettura privata;In marcia / fermata / arresto;Conducente;M;Illeso;0;;Non accertato;
5792948;5;24/01/2022 12:00:00;Strada Urbana;VIA FRANCESCO PAOLO BONIFACIO;all'intersezione con;VIA CARLO ARTURO JEMOLO;VIA CARLO ARTURO JEMOLO;;;Scontro laterale fra veicoli in marcia;Incrocio;Una carreggiata a doppio senso;Asciutto;Asfaltata;Verticale ed orizzontale;Nebbia;Normale;Buona;;0;0;0;2;12.5811;41.951;-1;2;Autovettura privata;In marcia / fermata / arresto;Conducente;F;Illeso;0;;Non accertato;
5792953;5;24/01/2022 18:50:00;Strada Urbana;VIA TIBURTINA;in prossimità;;del civico n.;1040;;Investimento di pedone;Rettilineo;Due carreggiate;Asciutto;Asfaltata;Verticale ed orizzontale;Sereno;Normale;Insufficiente;;1;0;0;1;12.5823;41.9319;-1;;;;Pedone;M;Rimandato;0;NON DECEDUTO;;
5792953;5;24/01/2022 18:50:00;Strada Urbana;VIA TIBURTINA;in prossimità;;del civico n.;1040;;Investimento di pedone;Rettilineo;Due carreggiate;Asciutto;Asfaltata;Verticale ed orizzontale;Sereno;Normale;Insufficiente;;1;0;0;1;12.5823;41.9319;-1;1;Autovettura privata;In marcia / fermata / arresto;Conducente;M;Illeso;0;;;
5792991;20;24/01/2022 14:30:00;Regionale entro l'abitato;VIA CASSIA;da specificare;;;;fronte civico 1727;Investimento di pedone;Rettilineo;Una carreggiata a doppio senso;Asciutto;Asfaltata;Verticale ed orizzontale;Sereno;Normale;Buona;;1;0;0;4;12.4137;41.9828;-1;;;;Pedone;F;Rimandato;0;NON DECEDUTO;;
5792991;20;24/01/2022 14:30:00;Regionale entro l'abitato;VIA CASSIA;da specificare;;;;fronte civico 1727;Investimento di pedone;Rettilineo;Una carreggiata a doppio senso;Asciutto;Asfaltata;Verticale ed orizzontale;Sereno;Normale;Buona;;1;0;0;4;12.4137;41.9828;-1;1;Autovettura privata;In marcia / fermata / arresto;Conducente;M;Illeso;0;;;
5792991;20;24/01/2022 14:30:00;Regionale entro l'abitato;VIA CASSIA;da specificare;;;;fronte civico 1727;Investimento di pedone;Rettilineo;Una carreggiata a doppio senso;Asciutto;Asfaltata;Verticale ed orizzontale;Sereno;Normale;Buona;;1;0;0;4;12.4137;41.9828;-1;1;Autovettura privata;In marcia / fermata / arresto;Passeggero;M;Illeso;0;;;
5792991;20;24/01/2022 14:30:00;Regionale entro l'abitato;VIA CASSIA;da specificare;;;;fronte civico 1727;Investimento di pedone;Rettilineo;Una carreggiata a doppio senso;Asciutto;Asfaltata;Verticale ed orizzontale;Sereno;Normale;Buona;;1;0;0;4;12.4137;41.9828;-1;1;Autovettura privata;In marcia / fermata / arresto;Passeggero;M;Illeso;0;;;
5792991;20;24/01/2022 14:30:00;Regionale entro l'abitato;VIA CASSIA;da specificare;;;;fronte civico 1727;Investimento di pedone;Rettilineo;Una carreggiata a doppio senso;Asciutto;Asfaltata;Verticale ed orizzontale;Sereno;Normale;Buona;;1;0;0;4;12.4137;41.9828;-1;1;Autovettura privata;In marcia / fermata / arresto;Passeggero;M;Illeso;0;;;
5793001;5;24/01/2022 12:15:00;Strada Urbana;VIA VACUNA;in corrispondenza;;del civico n.;16;;Veicolo in marcia contro veicolo arresto;Rettilineo;Una carreggiata a senso unico di marcia;Asciutto;Asfaltata;Orizzontale;Sereno;Scarso;Buona;;0;0;0;2;12.5356;41.9101;-1;1;Motociclo a solo;In marcia / fermata / arresto;Conducente;M;Illeso;0;;Non accertato;
5793001;5;24/01/2022 12:15:00;Strada Urbana;VIA VACUNA;in corrispondenza;;del civico n.;16;;Veicolo in marcia contro veicolo arresto;Rettilineo;Una carreggiata a senso unico di marcia;Asciutto;Asfaltata;Orizzontale;Sereno;Scarso;Buona;;0;0;0;2;12.5356;41.9101;-1;2;Autocarro inferiore 35 q.;In marcia / fermata / arresto;Conducente;M;Illeso;0;;Non accertato;Inesploso
5793003;7;24/01/2022 09:30:00;Strada Urbana;VIA DELLE SUSINE;all'intersezione con;VIALE ALESSANDRINO;VIALE ALESSANDRINO;;;Investimento di pedone;Intersezione stradale segnalata;Una carreggiata a doppio senso;Asciutto;Asfaltata;Orizzontale;Sereno;Normale;Buona;;1;0;0;1;12.5778;41.8796;-1;;;;Pedone;F;Rimandato;0;NON DECEDUTO;;
5793003;7;24/01/2022 09:30:00;Strada Urbana;VIA DELLE SUSINE;all'intersezione con;VIALE ALESSANDRINO;VIALE ALESSANDRINO;;;Investimento di pedone;Intersezione stradale segnalata;Una carreggiata a doppio senso;Asciutto;Asfaltata;Orizzontale;Sereno;Normale;Buona;;1;0;0;1;12.5778;41.8796;-1;1;Autovettura privata;In marcia / fermata / arresto;Conducente;M;Illeso;0;;Non accertato;Inesploso
5793012;20;24/01/2022 10:45:00;Strada Urbana;VIA RUBRA;in prossimità;;del civico n.;193;;Veicolo in marcia contro ostacolo accidentale;Rettilineo;Una carreggiata a doppio senso;Sdrucciolevole (fango);Sterrata;Assente;Sereno;Scarso;Buona;;0;0;0;1;12.4933;41.9928;-1;1;Autovettura privata;In marcia / fermata / arresto;Conducente;M;Illeso;0;;Non accertato;Inesploso
5793014;9;24/01/2022 08:35:00;;VIA TOMMASO FORTIFIOCCA;da specificare;;;;PROX 90;Infortunio per sola frenata improvvisa;;;;;;;;;;1;0;0;0;;;0;1;Motociclo a solo;In marcia / fermata / arresto;Conducente;M;Rimandato;0;NON DECEDUTO;;
5793019;12;24/01/2022 11:50:00;Strada Urbana;VIA ALVARO DEL PORTILLO;da specificare;;;;fronte palestra SPORT CITY;Veicolo in marcia contro animale;Rettilineo;Una carreggiata a doppio senso;Asciutto;Asfaltata;Verticale ed orizzontale;Sereno;Scarso;Buona;;0;0;0;1;12.476;41.7818;-1;1;Autovettura privata;In marcia / fermata / arresto;Conducente;M;Illeso;0;;;
5793026;5;24/01/2022 16:00:00;Strada Urbana;VIA TIBURTINA;all'intersezione semaforizzata con;VIA DI PIETRALATA;VIA DI PIETRALATA;;;Scontro frontale/laterale DX fra veicoli in marcia;Intersezione semaforizzata;Due carreggiate;Asciutto;Asfaltata;Verticale ed orizzontale;Sereno;Normale;Buona;;1;0;0;1;12.5558;41.9131;-1;1;Autobus urbano;In marcia / fermata / arresto;Conducente;M;Illeso;0;;Non accertato;
5793026;5;24/01/2022 16:00:00;Strada Urbana;VIA TIBURTINA;all'intersezione semaforizzata con;VIA DI PIETRALATA;VIA DI PIETRALATA;;;Scontro frontale/laterale DX fra veicoli in marcia;Intersezione semaforizzata;Due carreggiate;Asciutto;Asfaltata;Verticale ed orizzontale;Sereno;Normale;Buona;;1;0;0;1;12.5558;41.9131;-1;2;Velocipede;In marcia / fermata / arresto;Conducente;M;Rimandato;0;NON DECEDUTO;Esente;
5793041;9;24/01/2022 09:50:00;Strada Urbana;VIA TUSCOLANA;all'intersezione semaforizzata con;VIA MONSELICE;VIA MONSELICE;;;Tamponamento;Incrocio;Una carreggiata a doppio senso;Asciutto;Asfaltata;Verticale ed orizzontale;Sereno;Normale;Buona;;0;0;0;2;12.5923;41.8396;-1;1;Autovettura privata;In marcia / fermata / arresto;Conducente;F;Illeso;0;;Non accertato;Inesploso
5793041;9;24/01/2022 09:50:00;Strada Urbana;VIA TUSCOLANA;all'intersezione semaforizzata con;VIA MONSELICE;VIA MONSELICE;;;Tamponamento;Incrocio;Una carreggiata a doppio senso;Asciutto;Asfaltata;Verticale ed orizzontale;Sereno;Normale;Buona;;0;0;0;2;12.5923;41.8396;-1;2;Autovettura privata;In marcia / fermata / arresto;Conducente;M;Illeso;0;;Non accertato;Inesploso
5793043;9;24/01/2022 12:50:00;Strada Urbana;VIA DELL'ARCO DI TRAVERTINO;in prossimità;;del civico n.;151;;Tamponamento Multiplo;Rettilineo;Una carreggiata a senso unico di marcia;Asciutto;Asfaltata;Verticale ed orizzontale;Sereno;Normale;Buona;;0;0;0;3;12.533;41.8631;-1;1;Autovettura privata;In marcia / fermata / arresto;Conducente;F;Illeso;0;;Non accertato;Inesploso
5793043;9;24/01/2022 12:50:00;Strada Urbana;VIA DELL'ARCO DI TRAVERTINO;in prossimità;;del civico n.;151;;Tamponamento Multiplo;Rettilineo;Una carreggiata a senso unico di marcia;Asciutto;Asfaltata;Verticale ed orizzontale;Sereno;Normale;Buona;;0;0;0;3;12.533;41.8631;-1;2;Autovettura privata;In marcia / fermata / arresto;Conducente;M;Illeso;0;;Non accertato;Inesploso
5793043;9;24/01/2022 12:50:00;Strada Urbana;VIA DELL'ARCO DI TRAVERTINO;in prossimità;;del civico n.;151;;Tamponamento Multiplo;Rettilineo;Una carreggiata a senso unico di marcia;Asciutto;Asfaltata;Verticale ed orizzontale;Sereno;Normale;Buona;;0;0;0;3;12.533;41.8631;-1;3;Autovettura privata;In marcia / fermata / arresto;Conducente;M;Illeso;0;;Non accertato;Inesploso
5793045;19;24/01/2022 14:45:00;Strada Urbana;LARGO AGOSTINO GEMELLI;all'intersezione con;VIA DELLA PINETA SACCHETTI;VIA DELLA PINETA SACCHETTI;;;Tamponamento;Incrocio;Una carreggiata a senso unico di marcia;Asciutto;Asfaltata;Verticale ed orizzontale;Sereno;Normale;Buona;;1;0;0;0;12.4275;41.9294;0;1;Autovettura privata;In marcia / fermata / arresto;Conducente;F;Rifiuta cure immediate;0;NON DECEDUTO;Non accertato;Inesploso
5793045;19;24/01/2022 14:45:00;Strada Urbana;LARGO AGOSTINO GEMELLI;all'intersezione con;VIA DELLA PINETA SACCHETTI;VIA DELLA PINETA SACCHETTI;;;Tamponamento;Incrocio;Una carreggiata a senso unico di marcia;Asciutto;Asfaltata;Verticale ed orizzontale;Sereno;Normale;Buona;;1;0;0;0;12.4275;41.9294;0;2;Autovettura privata;Allontanatosi;;;;;;;
5793048;5;24/01/2022 18:25:00;Strada Urbana;VIA DI PORTONACCIO;in prossimità;;del civico n.;170;;Scontro laterale fra veicoli in marcia;Rettilineo;Due carreggiate;Asciutto;Asfaltata;Verticale ed orizzontale;Sereno;Normale;Buona;;0;0;0;3;12.5387;41.8984;-1;1;Autovettura privata;In marcia / fermata / arresto;Conducente;F;Illeso;0;;Non accertato;
5793048;5;24/01/2022 18:25:00;Strada Urbana;VIA DI PORTONACCIO;in prossimità;;del civico n.;170;;Scontro laterale fra veicoli in marcia;Rettilineo;Due carreggiate;Asciutto;Asfaltata;Verticale ed orizzontale;Sereno;Normale;Buona;;0;0;0;3;12.5387;41.8984;-1;2;Autovettura privata;In marcia / fermata / arresto;Conducente;M;Illeso;0;;Non accertato;
5793048;5;24/01/2022 18:25:00;Strada Urbana;VIA DI PORTONACCIO;in prossimità;;del civico n.;170;;Scontro laterale fra veicoli in marcia;Rettilineo;Due carreggiate;Asciutto;Asfaltata;Verticale ed orizzontale;Sereno;Normale;Buona;;0;0;0;3;12.5387;41.8984;-1;2;Autovettura privata;In marcia / fermata / arresto;Passeggero;F;Illeso;0;;Non accertato;
5793052;13;24/01/2022 07:30:00;Strada Urbana;VIA OSTIENSE;da specificare;;;;pross. Via Fiumalbo;Scontro frontale/laterale SX fra veicoli in marcia;Rettilineo;Una carreggiata a doppio senso;Asciutto;Asfaltata;Verticale ed orizzontale;Sereno;Normale;Buona;;1;0;0;3;12.4229;41.8109;-1;1;Autovettura privata;In marcia / fermata / arresto;Conducente;M;Illeso;0;;Non accertato;Inesploso
5793052;13;24/01/2022 07:30:00;Strada Urbana;VIA OSTIENSE;da specificare;;;;pross. Via Fiumalbo;Scontro frontale/laterale SX fra veicoli in marcia;Rettilineo;Una carreggiata a doppio senso;Asciutto;Asfaltata;Verticale ed orizzontale;Sereno;Normale;Buona;;1;0;0;3;12.4229;41.8109;-1;1;Autovettura privata;In marcia / fermata / arresto;Passeggero;M;Illeso;0;;;
5793052;13;24/01/2022 07:30:00;Strada Urbana;VIA OSTIENSE;da specificare;;;;pross. Via Fiumalbo;Scontro frontale/laterale SX fra veicoli in marcia;Rettilineo;Una carreggiata a doppio senso;Asciutto;Asfaltata;Verticale ed orizzontale;Sereno;Normale;Buona;;1;0;0;3;12.4229;41.8109;-1;1;Autovettura privata;In marcia / fermata / arresto;Passeggero;M;Illeso;0;;;
5793052;13;24/01/2022 07:30:00;Strada Urbana;VIA OSTIENSE;da specificare;;;;pross. Via Fiumalbo;Scontro frontale/laterale SX fra veicoli in marcia;Rettilineo;Una carreggiata a doppio senso;Asciutto;Asfaltata;Verticale ed orizzontale;Sereno;Normale;Buona;;1;0;0;3;12.4229;41.8109;-1;2;Motociclo a solo;In marcia / fermata / arresto;Conducente;M;Rimandato;0;NON DECEDUTO;Utilizzato;
5793054;13;24/01/2022 08:20:00;;VIA OSTIENSE;da specificare;;;;pross. Via Fiumalbo;Tamponamento;;;;;;;;;;0;0;0;3;12.4229;41.8109;0;1;Motociclo a solo;In marcia / fermata / arresto;Conducente;M;Illeso;0;;;
5793054;13;24/01/2022 08:20:00;;VIA OSTIENSE;da specificare;;;;pross. Via Fiumalbo;Tamponamento;;;;;;;;;;0;0;0;3;12.4229;41.8109;0;1;Motociclo a solo;In marcia / fermata / arresto;Passeggero;F;Illeso;0;;;
5793054;13;24/01/2022 08:20:00;;VIA OSTIENSE;da specificare;;;;pross. Via Fiumalbo;Tamponamento;;;;;;;;;;0;0;0;3;12.4229;41.8109;0;2;Motociclo a solo;In marcia / fermata / arresto;Conducente;;Illeso;0;;;
5793057;13;24/01/2022 13:30:00;;CORSO DUCA DI GENOVA;all'intersezione con;VIALE DELLE REPUBBLICHE MARINARE;VIALE DELLE REPUBBLICHE MARINARE;;;Scontro frontale/laterale SX fra veicoli in marcia;;;;;;;;;;0;0;0;2;12.2715;41.7339;0;1;Autovettura privata;In marcia / fermata / arresto;Conducente;M;Illeso;0;;;
5793057;13;24/01/2022 13:30:00;;CORSO DUCA DI GENOVA;all'intersezione con;VIALE DELLE REPUBBLICHE MARINARE;VIALE DELLE REPUBBLICHE MARINARE;;;Scontro frontale/laterale SX fra veicoli in marcia;;;;;;;;;;0;0;0;2;12.2715;41.7339;0;2;Autovettura privata;In marcia / fermata / arresto;Conducente;M;Illeso;0;;;
5793059;13;24/01/2022 18:00:00;Strada Urbana;VIA FRANCESCO CILEA;in corrispondenza;;del civico n.;47;;Veicolo in marcia che urta buche nella carreggiata;Rettilineo;Una carreggiata a doppio senso;Asciutto;Con buche;Assente;Sereno;Normale;Sufficiente;;0;0;0;2;12.3753;41.7427;-1;1;Autovettura privata;In marcia / fermata / arresto;Conducente;M;Illeso;0;;;