Protocollo;Gruppo;DataOraIncidente;Localizzazione1;STRADA1;Localizzazione2;STRADA2;Strada02;Chilometrica;DaSpecificare;NaturaIncidente;particolaritastrade;TipoStrada;FondoStradale;Pavimentazione;Segnaletica;CondizioneAtmosferica;Traffico;Visibilita;Illuminazione;NUM_FERITI;NUM_RISERVATA;NUM_MORTI;NUM_ILLESI;Longitude;Latitude;Confermato;Progressivo;TipoVeicolo;StatoVeicolo;TipoPersona;Sesso;Tipolesione;Deceduto;DecedutoDopo;CinturaCascoUtilizzato;Airbag;
5795030;4;25/01/2022 08:10:00;Strada Urbana;VIA CIMONE;in prossimità;;del civico n.;115;;Veicolo in marcia contro veicolo in sosta;Curva a visuale libera;Una carreggiata a senso unico di marcia;Asciutto;Asfaltata;Verticale ed orizzontale;Sereno;Normale;Buona;;0;0;0;0;12.5379;41.9316;-1;2;Autovettura privata;Allontanatosi;;;;;;;
5795033;17;25/01/2022 17:00:00;Strada Urbana;VIA GIOVANNI BOVIO;in prossimità;;del civico n.;26;;Veicolo in marcia contro veicolo in sosta;Rettilineo;Una carreggiata a senso unico di marcia;Asciutto;Asfaltata;Verticale ed orizzontale;Sereno;Scarso;Sufficiente;;0;0;0;0;12.4512;41.9125;-1;1;Motociclo a solo;Sosta;;;;;;;
5795033;17;25/01/2022 17:00:00;Strada Urbana;VIA GIOVANNI BOVIO;in prossimità;;del civico n.;26;;Veicolo in marcia contro veicolo in sosta;Rettilineo;Una carreggiata a senso unico di marcia;Asciutto;Asfaltata;Verticale ed orizzontale;Sereno;Scarso;Sufficiente;;0;0;0;0;12.4512;41.9125;-1;2;Autovettura privata;Allontanatosi;;;;;;;
5795070;19;25/01/2022 13:45:00;Strada Urbana;VIA DEL FORTE TRIONFALE;da specificare;;;;fronte civico 2G;Veicolo in marcia contro veicolo in sosta;Rettilineo;Una carreggiata a doppio senso;Asciutto;Asfaltata;Orizzontale;Sereno;Normale;Buona;;0;0;0;0;12.4316;41.9371;-1;1;Autovettura privata;Sosta;;;;;;;
5795070;19;25/01/2022 13:45:00;Strada Urbana;VIA DEL FORTE TRIONFALE;da specificare;;;;fronte civico 2G;Veicolo in marcia contro veicolo in sosta;Rettilineo;Una carreggiata a doppio senso;Asciutto;Asfaltata;Orizzontale;Sereno;Normale;Buona;;0;0;0;0;12.4316;41.9371;-1;2;Autovettura privata;Allontanatosi;;;;;;;
5795093;19;25/01/2022 14:25:00;Strada Urbana;VIA DEL FORTE TRIONFALE;in corrispondenza;;del civico n.;8;;Investimento di pedone;Rettilineo;Una carreggiata a doppio senso;Asciutto;Asfaltata;Verticale ed orizzontale;Sereno;Normale;Buona;;1;0;0;1;12.4326;41.9384;-1;;;;Pedone;F;Rimandato;0;NON DECEDUTO;;
5795093;19;25/01/2022 14:25:00;Strada Urbana;VIA DEL FORTE TRIONFALE;in corrispondenza;;del civico n.;8;;Investimento di pedone;Rettilineo;Una carreggiata a doppio senso;Asciutto;Asfaltata;Verticale ed orizzontale;Sereno;Normale;Buona;;1;0;0;1;12.4326;41.9384;-1;1;Motociclo a solo;In marcia / fermata / arresto;Conducente;M;Illeso;0;;;
5795095;16;25/01/2022 12:45:00;Strada Urbana;PIAZZALE ENRICO DUNANT;in prossimità;;del civico n.;58;;Tamponamento;Rettilineo;Più di due carreggiate;Asciutto;Asfaltata;Verticale ed orizzontale;Sereno;Normale;Buona;;0;0;0;2;12.4591;41.8725;-1;1;Motociclo a solo;In marcia / fermata / arresto;Conducente;M;Illeso;0;;Non accertato;
5795095;16;25/01/2022 12:45:00;Strada Urbana;PIAZZALE ENRICO DUNANT;in prossimità;;del civico n.;58;;Tamponamento;Rettilineo;Più di due carreggiate;Asciutto;Asfaltata;Verticale ed orizzontale;Sereno;Normale;Buona;;0;0;0;2;12.4591;41.8725;-1;2;Autovettura privata;In marcia / fermata / arresto;Conducente;F;Illeso;0;;Non accertato;Inesploso
5795096;10;26/01/2022 09:45:00;Strada Urbana;VIA DEL CASALE FERRANTI;all'intersezione con;VIA ALBERTO BURRI;VIA ALBERTO BURRI;;;Scontro frontale/laterale SX fra veicoli in marcia;Incrocio;Due carreggiate;Asciutto;Asfaltata;Verticale ed orizzontale;Sereno;Normale;Buona;;0;0;0;4;12.5846;41.833;-1;1;Autovettura privata;In marcia / fermata / arresto;Conducente;F;Illeso;0;;Non accertato;Inesploso
5795096;10;26/01/2022 09:45:00;Strada Urbana;VIA DEL CASALE FERRANTI;all'intersezione con;VIA ALBERTO BURRI;VIA ALBERTO BURRI;;;Scontro frontale/laterale SX fra veicoli in marcia;Incrocio;Due carreggiate;Asciutto;Asfaltata;Verticale ed orizzontale;Sereno;Normale;Buona;;0;0;0;4;12.5846;41.833;-1;2;Autovettura privata;In marcia / fermata / arresto;Conducente;M;Illeso;0;;Non accertato;Inesploso
5795096;10;26/01/2022 09:45:00;Strada Urbana;VIA DEL CASALE FERRANTI;all'intersezione con;VIA ALBERTO BURRI;VIA ALBERTO BURRI;;;Scontro frontale/laterale SX fra veicoli in marcia;Incrocio;Due carreggiate;Asciutto;Asfaltata;Verticale ed orizzontale;Sereno;Normale;Buona;;0;0;0;4;12.5846;41.833;-1;2;Autovettura privata;In marcia / fermata / arresto;Passeggero;F;Illeso;0;;Non accertato;Inesploso
5795096;10;26/01/2022 09:45:00;Strada Urbana;VIA DEL CASALE FERRANTI;all'intersezione con;VIA ALBERTO BURRI;VIA ALBERTO BURRI;;;Scontro frontale/laterale SX fra veicoli in marcia;Incrocio;Due carreggiate;Asciutto;Asfaltata;Verticale ed orizzontale;Sereno;Normale;Buona;;0;0;0;4;12.5846;41.833;-1;2;Autovettura privata;In marcia / fermata / arresto;Passeggero;F;Illeso;0;;Non accertato;Inesploso
5795128;12;26/01/2022 08:30:00;Strada Urbana;VIA DI DECIMA;da specificare;;;;in prossimità del civ.250 - dir. via S. Delogu;Tamponamento Multiplo;Rettilineo;Una carreggiata a doppio senso;Bagnato (brina);Asfaltata;Verticale ed orizzontale;Sereno;Normale;Buona;;0;0;0;6;12.4533;41.8126;-1;1;Autovettura privata;In marcia / fermata / arresto;Conducente;F;Illeso;0;;Non accertato;Inesploso
5795128;12;26/01/2022 08:30:00;Strada Urbana;VIA DI DECIMA;da specificare;;;;in prossimità del civ.250 - dir. via S. Delogu;Tamponamento Multiplo;Rettilineo;Una carreggiata a doppio senso;Bagnato (brina);Asfaltata;Verticale ed orizzontale;Sereno;Normale;Buona;;0;0;0;6;12.4533;41.8126;-1;2;Autovettura privata;In marcia / fermata / arresto;Conducente;F;Illeso;0;;Non accertato;Inesploso
5795128;12;26/01/2022 08:30:00;Strada Urbana;VIA DI DECIMA;da specificare;;;;in prossimità del civ.250 - dir. via S. Delogu;Tamponamento Multiplo;Rettilineo;Una carreggiata a doppio senso;Bagnato (brina);Asfaltata;Verticale ed orizzontale;Sereno;Normale;Buona;;0;0;0;6;12.4533;41.8126;-1;2;Autovettura privata;In marcia / fermata / arresto;Passeggero;F;Illeso;0;;Non accertato;Inesploso
5795128;12;26/01/2022 08:30:00;Strada Urbana;VIA DI DECIMA;da specificare;;;;in prossimità del civ.250 - dir. via S. Delogu;Tamponamento Multiplo;Rettilineo;Una carreggiata a doppio senso;Bagnato (brina);Asfaltata;Verticale ed orizzontale;Sereno;Normale;Buona;;0;0;0;6;12.4533;41.8126;-1;3;Autovettura privata;In marcia / fermata / arresto;Conducente;F;Illeso;0;;Non accertato;Inesploso
5795128;12;26/01/2022 08:30:00;Strada Urbana;VIA DI DECIMA;da specificare;;;;in prossimità del civ.250 - dir. via S. Delogu;Tamponamento Multiplo;Rettilineo;Una carreggiata a doppio senso;Bagnato (brina);Asfaltata;Verticale ed orizzontale;Sereno;Normale;Buona;;0;0;0;6;12.4533;41.8126;-1;3;Autovettura privata;In marcia / fermata / arresto;Passeggero;M;Illeso;0;;Non accertato;Inesploso
5795128;12;26/01/2022 08:30:00;Strada Urbana;VIA DI DECIMA;da specificare;;;;in prossimità del civ.250 - dir. via S. Delogu;Tamponamento Multiplo;Rettilineo;Una carreggiata a doppio senso;Bagnato (brina);Asfaltata;Verticale ed orizzontale;Sereno;Normale;Buona;;0;0;0;6;12.4533;41.8126;-1;4;Autovettura privata;In marcia / fermata / arresto;Conducente;M;Illeso;0;;Non accertato;Inesploso
5795153;12;26/01/2022 08:50:00;Strada Urbana;VIA DI DECIMA;da specificare;;;;in prossimità del civico 252 - dir. via S. Delogu;Veicolo in marcia contro ostacolo accidentale;Rettilineo;Una carreggiata a doppio senso;Bagnato (brina);Asfaltata;Verticale ed orizzontale;Sereno;Normale;Buona;;0;0;0;1;12.4516;41.8151;-1;1;Motociclo a solo;In marcia / fermata / arresto;Conducente;M;Illeso;0;;Utilizzato;
5795214;16;25/01/2022 19:40:00;Strada Urbana;VIA PORTUENSE;da specificare;;;;in prossimità vicolo Orti Portuensi;Tamponamento Multiplo;Rettilineo;Una carreggiata a doppio senso;Asciutto;Asfaltata;Verticale ed orizzontale;Sereno;Normale;Buona;;0;0;0;4;12.414;41.8469;-1;1;Autovettura privata;In marcia / fermata / arresto;Conducente;M;Illeso;0;;Non accertato;
5795214;16;25/01/2022 19:40:00;Strada Urbana;VIA PORTUENSE;da specificare;;;;in prossimità vicolo Orti Portuensi;Tamponamento Multiplo;Rettilineo;Una carreggiata a doppio senso;Asciutto;Asfaltata;Verticale ed orizzontale;Sereno;Normale;Buona;;0;0;0;4;12.414;41.8469;-1;2;Autovettura privata;In marcia / fermata / arresto;Conducente;F;Illeso;0;;Non accertato;
5795214;16;25/01/2022 19:40:00;Strada Urbana;VIA PORTUENSE;da specificare;;;;in prossimità vicolo Orti Portuensi;Tamponamento Multiplo;Rettilineo;Una carreggiata a doppio senso;Asciutto;Asfaltata;Verticale ed orizzontale;Sereno;Normale;Buona;;0;0;0;4;12.414;41.8469;-1;3;Autovettura privata;In marcia / fermata / arresto;Conducente;F;Illeso;0;;Non accertato;
5795214;16;25/01/2022 19:40:00;Strada Urbana;VIA PORTUENSE;da specificare;;;;in prossimità vicolo Orti Portuensi;Tamponamento Multiplo;Rettilineo;Una carreggiata a doppio senso;Asciutto;Asfaltata;Verticale ed orizzontale;Sereno;Normale;Buona;;0;0;0;4;12.414;41.8469;-1;3;Autovettura privata;In marcia / fermata / arresto;Passeggero;M;Illeso;0;;Non accertato;
5795313;12;26/01/2022 11:10:00;Strada Urbana;VIALE BARTOLOMEO CAVACEPPI;all'intersezione con;VIA GIOVANNI CINISELLI;VIA GIOVANNI CINISELLI;;;Scontro laterale fra veicoli in marcia;Intersezione stradale segnalata;Una carreggiata a doppio senso;Asciutto;Asfaltata;Verticale ed orizzontale;Sereno;Scarso;Buona;;0;0;0;2;12.4308;41.7971;-1;1;Autovettura privata;In marcia / fermata / arresto;Conducente;F;Illeso;0;;Utilizzato;Inesploso
5795313;12;26/01/2022 11:10:00;Strada Urbana;VIALE BARTOLOMEO CAVACEPPI;all'intersezione con;VIA GIOVANNI CINISELLI;VIA GIOVANNI CINISELLI;;;Scontro laterale fra veicoli in marcia;Intersezione stradale segnalata;Una carreggiata a doppio senso;Asciutto;Asfaltata;Verticale ed orizzontale;Sereno;Scarso;Buona;;0;0;0;2;12.4308;41.7971;-1;2;Autovettura privata;In marcia / fermata / arresto;Conducente;F;Illeso;0;;Utilizzato;Inesploso
5795329;17;25/01/2022 20:50:00;Strada Urbana;CIRCONVALLAZIONE CLODIA;in prossimità;;del civico n.;36;;Veicolo in marcia contro veicolo in sosta;Rettilineo;Due carreggiate;Asciutto;Asfaltata;Verticale ed orizzontale;Sereno;Scarso;Buona;;0;0;0;1;12.4531;41.9148;-1;1;Autovettura privata;Sosta;;;;;;;
5795329;17;25/01/2022 20:50:00;Strada Urbana;CIRCONVALLAZIONE CLODIA;in prossimità;;del civico n.;36;;Veicolo in marcia contro veicolo in sosta;Rettilineo;Due carreggiate;Asciutto;Asfaltata;Verticale ed orizzontale;Sereno;Scarso;Buona;;0;0;0;1;12.4531;41.9148;-1;2;Autovettura privata;In marcia / fermata / arresto;Conducente;F;Illeso;0;;;
5795356;3;24/01/2022 15:20:00;Strada Urbana;PIAZZA LECCE;in prossimità;;del civico n.;1;;Investimento di pedone;Rettilineo;Una carreggiata a doppio senso;Asciutto;Asfaltata;Verticale ed orizzontale;Sereno;Normale;Buona;;1;0;0;1;12.5164;41.9111;-1;;;;Pedone;F;Ricoverato;0;NON DECEDUTO;;
5795356;3;24/01/2022 15:20:00;Strada Urbana;PIAZZA LECCE;in prossimità;;del civico n.;1;;Investimento di pedone;Rettilineo;Una carreggiata a doppio senso;Asciutto;Asfaltata;Verticale ed orizzontale;Sereno;Normale;Buona;;1;0;0;1;12.5164;41.9111;-1;1;Autovettura privata;In marcia / fermata / arresto;Conducente;M;Illeso;0;;;
5795363;3;24/01/2022 11:20:00;Strada Urbana;LARGO EDUARDO TALAMO;all'intersezione con;VIALE DELLO SCALO S. LORENZO;VIALE DELLO SCALO S. LORENZO;;;Scontro frontale/laterale DX fra veicoli in marcia;Intersezione stradale segnalata;Più di due carreggiate;Asciutto;Asfaltata;Verticale ed orizzontale;Sereno;Normale;Buona;;0;0;0;3;12.5168;41.8945;-1;1;Autovettura privata;In marcia / fermata / arresto;Conducente;M;Illeso;0;;Non accertato;Inesploso
5795363;3;24/01/2022 11:20:00;Strada Urbana;LARGO EDUARDO TALAMO;all'intersezione con;VIALE DELLO SCALO S. LORENZO;VIALE DELLO SCALO S. LORENZO;;;Scontro frontale/laterale DX fra veicoli in marcia;Intersezione stradale segnalata;Più di due carreggiate;Asciutto;Asfaltata;Verticale ed orizzontale;Sereno;Normale;Buona;;0;0;0;3;12.5168;41.8945;-1;2;Autovettura privata;In marcia / fermata / arresto;Conducente;M;Illeso;0;;Non accertato;Inesploso
5795363;3;24/01/2022 11:20:00;Strada Urbana;LARGO EDUARDO TALAMO;all'intersezione con;VIALE DELLO SCALO S. LORENZO;VIALE DELLO SCALO S. LORENZO;;;Scontro frontale/laterale DX fra veicoli in marcia;Intersezione stradale segnalata;Più di due carreggiate;Asciutto;Asfaltata;Verticale ed orizzontale;Sereno;Normale;Buona;;0;0;0;3;12.5168;41.8945;-1;2;Autovettura privata;In marcia / fermata / arresto;Passeggero;F;Illeso;0;;Non accertato;Inesploso
5795374;3;24/01/2022 22:10:00;Strada Urbana;VIA RODOLFO LANCIANI;da specificare;;;;alt. Via Rasponi;Scontro laterale fra veicoli in marcia;Rettilineo;Una carreggiata a senso unico di marcia;Asciutto;Asfaltata;Verticale ed orizzontale;Sereno;Scarso;Buona;;0;0;0;2;12.5252;41.9211;-1;1;Autovettura privata;In marcia / fermata / arresto;Conducente;F;Illeso;0;;Non accertato;
5795374;3;24/01/2022 22:10:00;Strada Urbana;VIA RODOLFO LANCIANI;da specificare;;;;alt. Via Rasponi;Scontro laterale fra veicoli in marcia;Rettilineo;Una carreggiata a senso unico di marcia;Asciutto;Asfaltata;Verticale ed orizzontale;Sereno;Scarso;Buona;;0;0;0;2;12.5252;41.9211;-1;2;Motociclo a solo;In marcia / fermata / arresto;Conducente;M;Illeso;0;;Non accertato;
5795393;3;24/01/2022 19:50:00;Strada Urbana;VIA LIVORNO;all'intersezione con;VIA DI S. ORSOLA;VIA DI S. ORSOLA;;;Scontro laterale fra veicoli in marcia;Incrocio;Una carreggiata a doppio senso;Asciutto;Asfaltata;Verticale ed orizzontale;Sereno;Normale;Buona;;0;0;0;5;12.5237;41.9153;-1;1;Autovettura privata;In marcia / fermata / arresto;Conducente;F;Illeso;0;;Non accertato;Inesploso
5795393;3;24/01/2022 19:50:00;Strada Urbana;VIA LIVORNO;all'intersezione con;VIA DI S. ORSOLA;VIA DI S. ORSOLA;;;Scontro laterale fra veicoli in marcia;Incrocio;Una carreggiata a doppio senso;Asciutto;Asfaltata;Verticale ed orizzontale;Sereno;Normale;Buona;;0;0;0;5;12.5237;41.9153;-1;1;Autovettura privata;In marcia / fermata / arresto;Passeggero;F;Illeso;0;;Non accertato;Inesploso
5795393;3;24/01/2022 19:50:00;Strada Urbana;VIA LIVORNO;all'intersezione con;VIA DI S. ORSOLA;VIA DI S. ORSOLA;;;Scontro laterale fra veicoli in marcia;Incrocio;Una carreggiata a doppio senso;Asciutto;Asfaltata;Verticale ed orizzontale;Sereno;Normale;Buona;;0;0;0;5;12.5237;41.9153;-1;1;Autovettura privata;In marcia / fermata / arresto;Passeggero;F;Illeso;0;;Non accertato;Inesploso
5795393;3;24/01/2022 19:50:00;Strada Urbana;VIA LIVORNO;all'intersezione con;VIA DI S. ORSOLA;VIA DI S. ORSOLA;;;Scontro laterale fra veicoli in marcia;Incrocio;Una carreggiata a doppio senso;Asciutto;Asfaltata;Verticale ed orizzontale;Sereno;Normale;Buona;;0;0;0;5;12.5237;41.9153;-1;2;Autovettura privata;In marcia / fermata / arresto;Conducente;F;Illeso;0;;Non accertato;Inesploso
5795393;3;24/01/2022 19:50:00;Strada Urbana;VIA LIVORNO;all'intersezione con;VIA DI S. ORSOLA;VIA DI S. ORSOLA;;;Scontro laterale fra veicoli in marcia;Incrocio;Una carreggiata a doppio senso;Asciutto;Asfaltata;Verticale ed orizzontale;Sereno;Normale;Buona;;0;0;0;5;12.5237;41.9153;-1;2;Autovettura privata;In marcia / fermata / arresto;Passeggero;F;Illeso;0;;Non accertato;Inesploso
5795401;13;25/01/2022 13:25:00;Strada Urbana;VIA DI CASAL PALOCCO;all'intersezione con;VIALE GORGIA DI LEONTINI;VIALE GORGIA DI LEONTINI;;;Veicolo in marcia contro veicoli in sosta;Incrocio;Due carreggiate;Asciutto;Asfaltata;Assente;Sereno;Normale;Buona;;2;0;0;0;12.3522;41.7507;-1;1;Autocarro inferiore 35 q.;In marcia / fermata / arresto;Conducente;M;Rimandato;0;NON DECEDUTO;Non accertato;Inesploso
5795401;13;25/01/2022 13:25:00;Strada Urbana;VIA DI CASAL PALOCCO;all'intersezione con;VIALE GORGIA DI LEONTINI;VIALE GORGIA DI LEONTINI;;;Veicolo in marcia contro veicoli in sosta;Incrocio;Due carreggiate;Asciutto;Asfaltata;Assente;Sereno;Normale;Buona;;2;0;0;0;12.3522;41.7507;-1;2;Autovettura di polizia;Sosta;Passeggero;M;Rimandato;0;NON DECEDUTO;Non accertato;Inesistente
5795405;3;24/01/2022 08:00:00;;Tang Est dir San Giovanni;da specificare;;;;prox Via Prenestina;Infortunio per caduta del veicolo;;;;;;;;;;0;0;0;1;;;0;1;Autovettura privata;In marcia / fermata / arresto;Conducente;M;Illeso;0;;;
5795544;12;26/01/2022 10:15:00;Strada Urbana;VIALE EGEO;da specificare;;;;ALTEZZA PALO ACEA N.95;Tamponamento;Rettilineo;Una carreggiata a doppio senso;Asciutto;Asfaltata;Verticale ed orizzontale;Sereno;Normale;Buona;;0;0;0;2;12.457;41.8325;-1;1;Autovettura privata;In marcia / fermata / arresto;Conducente;M;Illeso;0;;;
5795544;12;26/01/2022 10:15:00;Strada Urbana;VIALE EGEO;da specificare;;;;ALTEZZA PALO ACEA N.95;Tamponamento;Rettilineo;Una carreggiata a doppio senso;Asciutto;Asfaltata;Verticale ed orizzontale;Sereno;Normale;Buona;;0;0;0;2;12.457;41.8325;-1;2;Autovettura privata;In marcia / fermata / arresto;Conducente;M;Illeso;0;;;
5795571;2;26/01/2022 13:30:00;Strada Urbana;VIA GIULIO GAUDINI;in prossimità;;del civico n.;7;;Scontro frontale/laterale SX fra veicoli in marcia;Rettilineo;Una carreggiata a doppio senso;Asciutto;Asfaltata;Verticale ed orizzontale;Nuvoloso;Normale;Buona;;1;0;0;1;12.477;41.9297;-1;1;Autovettura privata;In marcia / fermata / arresto;Conducente;F;Illeso;0;;;
5795571;2;26/01/2022 13:30:00;Strada Urbana;VIA GIULIO GAUDINI;in prossimità;;del civico n.;7;;Scontro frontale/laterale SX fra veicoli in marcia;Rettilineo;Una carreggiata a doppio senso;Asciutto;Asfaltata;Verticale ed orizzontale;Nuvoloso;Normale;Buona;;1;0;0;1;12.477;41.9297;-1;2;Motociclo a solo;In marcia / fermata / arresto;Conducente;M;Rimandato;0;NON DECEDUTO;;
5795702;1;26/01/2022 12:10:00;Strada Urbana;LARGO DELLE TERME DI CARACALLA;all'intersezione semaforizzata con;VIALE GUIDO BACCELLI;VIALE GUIDO BACCELLI;;;Scontro laterale fra veicoli in marcia;Intersezione semaforizzata;Due carreggiate;Asciutto;Asfaltata;Verticale ed orizzontale;Sereno;Normale;Buona;;0;0;0;2;12.4965;41.8742;-1;1;Autocarro inferiore 35 q.;In marcia / fermata / arresto;Conducente;M;Illeso;0;;Non accertato;Inesploso
5795702;1;26/01/2022 12:10:00;Strada Urbana;LARGO DELLE TERME DI CARACALLA;all'intersezione semaforizzata con;VIALE GUIDO BACCELLI;VIALE GUIDO BACCELLI;;;Scontro laterale fra veicoli in marcia;Intersezione semaforizzata;Due carreggiate;Asciutto;Asfaltata;Verticale ed orizzontale;Sereno;Normale;Buona;;0;0;0;2;12.4965;41.8742;-1;2;Autovettura privata;In marcia / fermata / arresto;Conducente;F;Illeso;0;;Non accertato;Inesploso
5795734;1;26/01/2022 13:35:00;Strada Urbana;PIAZZA DEI CINQUECENTO;in prossimità;;del civico n.;19;;Tamponamento;Rettilineo;Più di due carreggiate;Asciutto;Asfaltata;Orizzontale;Nuvoloso;Normale;Buona;;1;0;0;2;12.5014;41.9016;0;1;Autovettura pubblica;In marcia / fermata / arresto;Conducente;M;Illeso;0;;Non accertato;Inesploso
5795734;1;26/01/2022 13:35:00;Strada Urbana;PIAZZA DEI CINQUECENTO;in prossimità;;del civico n.;19;;Tamponamento;Rettilineo;Più di due carreggiate;Asciutto;Asfaltata;Orizzontale;Nuvoloso;Normale;Buona;;1;0;0;2;12.5014;41.9016;0;2;Autovettura privata;In marcia / fermata / arresto;Conducente;M;Rifiuta cure immediate;0;NON DECEDUTO;Non accertato;Inesploso
5795734;1;26/01/2022 13:35:00;Strada Urbana;PIAZZA DEI CINQUECENTO;in prossimità;;del civico n.;19;;Tamponamento;Rettilineo;Più di due carreggiate;Asciutto;Asfaltata;Orizzontale;Nuvoloso;Normale;Buona;;1;0;0;2;12.5014;41.9016;0;2;Autovettura privata;In marcia / fermata / arresto;Passeggero;M;Illeso;0;;Non accertato;Inesploso
5795748;10;26/01/2022 15:22:00;Strada Urbana;VIALE ANICIO GALLO;all'intersezione con;VIALE TITO LABIENO;VIALE TITO LABIENO;;;Investimento di pedone;Incrocio;Due carreggiate;Asciutto;Asfaltata;Verticale ed orizzontale;Nuvoloso;Normale;Buona;;1;0;0;0;12.5652;41.8515;-1;;;;Pedone;F;Rimandato;0;NON DECEDUTO;;
5795748;10;26/01/2022 15:22:00;Strada Urbana;VIALE ANICIO GALLO;all'intersezione con;VIALE TITO LABIENO;VIALE TITO LABIENO;;;Investimento di pedone;Incrocio;Due carreggiate;Asciutto;Asfaltata;Verticale ed orizzontale;Nuvoloso;Normale;Buona;;1;0;0;0;12.5652;41.8515;-1;1;Autovettura privata;Allontanatosi;;;;;;;
5795752;1;26/01/2022 13:45:00;Strada Urbana;VIA DEL CIRCO MASSIMO;all'intersezione semaforizzata con;VIA DELL'ARA MASSIMA DI ERCOLE;VIA DELL'ARA MASSIMA DI ERCOLE;;;Scontro frontale/laterale SX fra veicoli in marcia;Intersezione semaforizzata;Una carreggiata a doppio senso;Asciutto;Asfaltata;Verticale ed orizzontale;Sereno;Normale;Buona;;0;0;0;3;12.4823;41.8873;-1;1;Autovettura privata;In marcia / fermata / arresto;Conducente;M;Illeso;0;;Non accertato;Inesploso
5795752;1;26/01/2022 13:45:00;Strada Urbana;VIA DEL CIRCO MASSIMO;all'intersezione semaforizzata con;VIA DELL'ARA MASSIMA DI ERCOLE;VIA DELL'ARA MASSIMA DI ERCOLE;;;Scontro frontale/laterale SX fra veicoli in marcia;Intersezione semaforizzata;Una carreggiata a doppio senso;Asciutto;Asfaltata;Verticale ed orizzontale;Sereno;Normale;Buona;;0;0;0;3;12.4823;41.8873;-1;1;Autovettura privata;In marcia / fermata / arresto;Passeggero;F;Illeso;0;;;
5795752;1;26/01/2022 13:45:00;Strada Urbana;VIA DEL CIRCO MASSIMO;all'intersezione semaforizzata con;VIA DELL'ARA MASSIMA DI ERCOLE;VIA DELL'ARA MASSIMA DI ERCOLE;;;Scontro frontale/laterale SX fra veicoli in marcia;Intersezione semaforizzata;Una carreggiata a doppio senso;Asciutto;Asfaltata;Verticale ed orizzontale;Sereno;Normale;Buona;;0;0;0;3;12.4823;41.8873;-1;2;Motociclo a solo;In marcia / fermata / arresto;Conducente;M;Illeso;0;;Non accertato;
5795785;6;26/01/2022 15:00:00;Strada Urbana;VIA ROVIGNO D'ISTRIA;in corrispondenza;;del civico n.;77;;Veicolo in marcia contro veicoli in sosta;Rettilineo;Una carreggiata a senso unico di marcia;Asciutto;Asfaltata;Assente;Sereno;Scarso;Buona;;0;0;0;1;12.5561;41.899;-1;1;Autocarro inferiore 35 q.;In marcia / fermata / arresto;Conducente;M;Illeso;0;;;
5795785;6;26/01/2022 15:00:00;Strada Urbana;VIA ROVIGNO D'ISTRIA;in corrispondenza;;del civico n.;77;;Veicolo in marcia contro veicoli in sosta;Rettilineo;Una carreggiata a senso unico di marcia;Asciutto;Asfaltata;Assente;Sereno;Scarso;Buona;;0;0;0;1;12.5561;41.899;-1;2;Autovettura privata;Sosta;;;;;;;
5795785;6;26/01/2022 15:00:00;Strada Urbana;VIA ROVIGNO D'ISTRIA;in corrispondenza;;del civico n.;77;;Veicolo in marcia contro veicoli in sosta;Rettilineo;Una carreggiata a senso unico di marcia;Asciutto;Asfaltata;Assente;Sereno;Scarso;Buona;;0;0;0;1;12.5561;41.899;-1;3;Autovettura privata;Sosta;;;;;;;
5795785;6;26/01/2022 15:00:00;Strada Urbana;VIA ROVIGNO D'ISTRIA;in corrispondenza;;del civico n.;77;;Veicolo in marcia contro veicoli in sosta;Rettilineo;Una carreggiata a senso unico di marcia;Asciutto;Asfaltata;Assente;Sereno;Scarso;Buona;;0;0;0;1;12.5561;41.899;-1;4;Autovettura privata;Sosta;;;;;;;
5795787;19;26/01/2022 08:45:00;Strada Urbana;VIA TRIONFALE;all'intersezione con;VIA SILVIO ANTONIANO;VIA SILVIO ANTONIANO;;;Scontro frontale/laterale SX fra veicoli in marcia;Incrocio;Una carreggiata a doppio senso;Asciutto;Asfaltata;Verticale ed orizzontale;Sereno;Normale;Buona;;1;0;0;1;12.4124;41.9578;-1;1;Autovettura privata;In marcia / fermata / arresto;Conducente;M;Illeso;0;;;
5795787;19;26/01/2022 08:45:00;Strada Urbana;VIA TRIONFALE;all'intersezione con;VIA SILVIO ANTONIANO;VIA SILVIO ANTONIANO;;;Scontro frontale/laterale SX fra veicoli in marcia;Incrocio;Una carreggiata a doppio senso;Asciutto;Asfaltata;Verticale ed orizzontale;Sereno;Normale;Buona;;1;0;0;1;12.4124;41.9578;-1;2;Motociclo con passeggero;In marcia / fermata / arresto;Conducente;M;Rimandato;0;NON DECEDUTO;;
5795809;19;26/01/2022 14:20:00;Strada Urbana;VIA MARZIALE;in corrispondenza;;del civico n.;7/d;;Investimento di pedone;Rettilineo;Una carreggiata a senso unico di marcia;Asciutto;Asfaltata;Verticale ed orizzontale;Sereno;Normale;Buona;;1;0;0;1;12.4432;41.9118;-1;;;;Pedone;F;Rimandato;0;NON DECEDUTO;;
5795809;19;26/01/2022 14:20:00;Strada Urbana;VIA MARZIALE;in corrispondenza;;del civico n.;7/d;;Investimento di pedone;Rettilineo;Una carreggiata a senso unico di marcia;Asciutto;Asfaltata;Verticale ed orizzontale;Sereno;Normale;Buona;;1;0;0;1;12.4432;41.9118;-1;1;Motociclo a solo;In marcia / fermata / arresto;Conducente;M;Illeso;0;;;