Protocollo;Gruppo;DataOraIncidente;Localizzazione1;STRADA1;Localizzazione2;STRADA2;Strada02;Chilometrica;DaSpecificare;NaturaIncidente;particolaritastrade;TipoStrada;FondoStradale;Pavimentazione;Segnaletica;CondizioneAtmosferica;Traffico;Visibilita;Illuminazione;NUM_FERITI;NUM_RISERVATA;NUM_MORTI;NUM_ILLESI;Longitude;Latitude;Confermato;Progressivo;TipoVeicolo;StatoVeicolo;TipoPersona;Sesso;Tipolesione;Deceduto;DecedutoDopo;CinturaCascoUtilizzato;Airbag;
5798887;8;28/01/2022 15:45:00;Strada Urbana;VIA DI ROCCA CENCIA;all'intersezione con;VIA SELLIA;VIA SELLIA;;;Scontro frontale/laterale DX fra veicoli in marcia;Incrocio;Una carreggiata a doppio senso;Asciutto;Asfaltata;Verticale ed orizzontale;Sereno;Normale;Buona;;0;0;0;3;12.6904;41.8708;-1;2;Autovettura privata;In marcia / fermata / arresto;Conducente;M;Illeso;0;;Non accertato;Inesploso
5798890;8;28/01/2022 18:34:00;Strada Urbana;VIA STANFORD;all'intersezione con;VIALE DELLA SORBONA;VIALE DELLA SORBONA;;;Scontro laterale fra veicoli in marcia;Incrocio;Una carreggiata a doppio senso;Asciutto;Asfaltata;Verticale ed orizzontale;Sereno;Normale;Buona;;0;0;0;2;12.608;41.852;-1;1;Autovettura privata;In marcia / fermata / arresto;Conducente;M;Illeso;0;;;
5798890;8;28/01/2022 18:34:00;Strada Urbana;VIA STANFORD;all'intersezione con;VIALE DELLA SORBONA;VIALE DELLA SORBONA;;;Scontro laterale fra veicoli in marcia;Incrocio;Una carreggiata a doppio senso;Asciutto;Asfaltata;Verticale ed orizzontale;Sereno;Normale;Buona;;0;0;0;2;12.608;41.852;-1;2;Autovettura privata;In marcia / fermata / arresto;Conducente;M;Illeso;0;;;
5798893;8;28/01/2022 20:30:00;Strada Urbana;VIA DEI MONTI TIBURTINI;in prossimità;;del civico n.;494;;Tamponamento Multiplo;Rettilineo;Due carreggiate;Asciutto;Asfaltata;Verticale ed orizzontale;Sereno;Normale;Buona;;0;0;0;3;12.5458;41.9161;-1;1;Autovettura privata;In marcia / fermata / arresto;Conducente;F;Illeso;0;;Non accertato;Inesploso
5798893;8;28/01/2022 20:30:00;Strada Urbana;VIA DEI MONTI TIBURTINI;in prossimità;;del civico n.;494;;Tamponamento Multiplo;Rettilineo;Due carreggiate;Asciutto;Asfaltata;Verticale ed orizzontale;Sereno;Normale;Buona;;0;0;0;3;12.5458;41.9161;-1;2;Autovettura privata;In marcia / fermata / arresto;Conducente;M;Illeso;0;;Non accertato;Inesploso
5798893;8;28/01/2022 20:30:00;Strada Urbana;VIA DEI MONTI TIBURTINI;in prossimità;;del civico n.;494;;Tamponamento Multiplo;Rettilineo;Due carreggiate;Asciutto;Asfaltata;Verticale ed orizzontale;Sereno;Normale;Buona;;0;0;0;3;12.5458;41.9161;-1;3;Autovettura privata;In marcia / fermata / arresto;Conducente;M;Illeso;0;;Non accertato;Inesploso
5798899;8;29/01/2022 00:35:00;Strada Urbana;VIA DEGLI OLMI;all'intersezione con;VIA ALBERTO CHIARUGI;VIA ALBERTO CHIARUGI;;;Veicolo in marcia contro veicoli in sosta;Incrocio;Due carreggiate;Asciutto;Asfaltata;Assente;Sereno;Scarso;Buona;;0;0;0;1;12.5784;41.8792;-1;1;Autovettura privata;In marcia / fermata / arresto;;;;;;;
5798899;8;29/01/2022 00:35:00;Strada Urbana;VIA DEGLI OLMI;all'intersezione con;VIA ALBERTO CHIARUGI;VIA ALBERTO CHIARUGI;;;Veicolo in marcia contro veicoli in sosta;Incrocio;Due carreggiate;Asciutto;Asfaltata;Assente;Sereno;Scarso;Buona;;0;0;0;1;12.5784;41.8792;-1;2;Autovettura privata;In marcia / fermata / arresto;Conducente;M;Illeso;0;;;
5798899;8;29/01/2022 00:35:00;Strada Urbana;VIA DEGLI OLMI;all'intersezione con;VIA ALBERTO CHIARUGI;VIA ALBERTO CHIARUGI;;;Veicolo in marcia contro veicoli in sosta;Incrocio;Due carreggiate;Asciutto;Asfaltata;Assente;Sereno;Scarso;Buona;;0;0;0;1;12.5784;41.8792;-1;3;Autovettura privata;Sosta;;;;;;;
5798899;8;29/01/2022 00:35:00;Strada Urbana;VIA DEGLI OLMI;all'intersezione con;VIA ALBERTO CHIARUGI;VIA ALBERTO CHIARUGI;;;Veicolo in marcia contro veicoli in sosta;Incrocio;Due carreggiate;Asciutto;Asfaltata;Assente;Sereno;Scarso;Buona;;0;0;0;1;12.5784;41.8792;-1;4;Autovettura privata;Sosta;;;;;;;
5798901;8;28/01/2022 07:00:00;Statale entro l'abitato;VIA CASILINA;in corrispondenza;;del civico n.;1840;;Investimento di pedone;Rettilineo;Una carreggiata a doppio senso;Asciutto;Asfaltata;Verticale ed orizzontale;Sereno;Normale;Buona;;1;0;0;1;12.6844;41.8626;-1;;;;Pedone;M;Rimandato;0;NON DECEDUTO;;
5798901;8;28/01/2022 07:00:00;Statale entro l'abitato;VIA CASILINA;in corrispondenza;;del civico n.;1840;;Investimento di pedone;Rettilineo;Una carreggiata a doppio senso;Asciutto;Asfaltata;Verticale ed orizzontale;Sereno;Normale;Buona;;1;0;0;1;12.6844;41.8626;-1;1;Autocarro inferiore 35 q.;In marcia / fermata / arresto;Conducente;M;Illeso;0;;Non accertato;Inesploso
5798903;8;28/01/2022 19:00:00;Strada Urbana;VIA COLLATINA;all'intersezione con;VIA DELL'ACQUA VERGINE;VIA DELL'ACQUA VERGINE;;;Veicolo in marcia contro veicolo fermo;Incrocio;Una carreggiata a doppio senso;Asciutto;Asfaltata;Verticale ed orizzontale;Sereno;Normale;Buona;;0;0;0;2;12.6272;41.9077;-1;1;Autovettura privata;In marcia / fermata / arresto;Conducente;F;Illeso;0;;Non accertato;Inesploso
5798903;8;28/01/2022 19:00:00;Strada Urbana;VIA COLLATINA;all'intersezione con;VIA DELL'ACQUA VERGINE;VIA DELL'ACQUA VERGINE;;;Veicolo in marcia contro veicolo fermo;Incrocio;Una carreggiata a doppio senso;Asciutto;Asfaltata;Verticale ed orizzontale;Sereno;Normale;Buona;;0;0;0;2;12.6272;41.9077;-1;1;Autovettura privata;In marcia / fermata / arresto;Passeggero;M;Illeso;0;;Non accertato;Inesploso
5798903;8;28/01/2022 19:00:00;Strada Urbana;VIA COLLATINA;all'intersezione con;VIA DELL'ACQUA VERGINE;VIA DELL'ACQUA VERGINE;;;Veicolo in marcia contro veicolo fermo;Incrocio;Una carreggiata a doppio senso;Asciutto;Asfaltata;Verticale ed orizzontale;Sereno;Normale;Buona;;0;0;0;2;12.6272;41.9077;-1;2;Autovettura privata;In marcia / fermata / arresto;;;;;;;
5798919;13;28/01/2022 14:40:00;Provinciale entro l'abitato;VIA LITORANEA;all'intersezione con;VIA ARNO;VIA ARNO;;;Scontro frontale/laterale DX fra veicoli in marcia;Incrocio;Una carreggiata a doppio senso;Asciutto;Asfaltata;Verticale ed orizzontale;Sereno;Normale;Buona;;1;0;0;2;12.3735;41.6876;-1;1;Autovettura privata;In marcia / fermata / arresto;Conducente;M;Illeso;0;;Non accertato;Inesploso
5798919;13;28/01/2022 14:40:00;Provinciale entro l'abitato;VIA LITORANEA;all'intersezione con;VIA ARNO;VIA ARNO;;;Scontro frontale/laterale DX fra veicoli in marcia;Incrocio;Una carreggiata a doppio senso;Asciutto;Asfaltata;Verticale ed orizzontale;Sereno;Normale;Buona;;1;0;0;2;12.3735;41.6876;-1;1;Autovettura privata;In marcia / fermata / arresto;Passeggero;F;Illeso;0;;Non accertato;Inesploso
5798919;13;28/01/2022 14:40:00;Provinciale entro l'abitato;VIA LITORANEA;all'intersezione con;VIA ARNO;VIA ARNO;;;Scontro frontale/laterale DX fra veicoli in marcia;Incrocio;Una carreggiata a doppio senso;Asciutto;Asfaltata;Verticale ed orizzontale;Sereno;Normale;Buona;;1;0;0;2;12.3735;41.6876;-1;2;Autovettura privata;In marcia / fermata / arresto;Conducente;F;Ricoverato;0;NON DECEDUTO;Non accertato;Inesploso
5798920;11;28/01/2022 12:00:00;Strada Urbana;VIA CORINTO;in corrispondenza;;del civico n.;40;;Veicolo in marcia contro ostacolo accidentale;Rettilineo;Una carreggiata a senso unico di marcia;Asciutto;Asfaltata;Verticale;Sereno;Normale;Buona;;0;0;0;1;12.4756;41.8543;-1;1;Autovettura privata;In marcia / fermata / arresto;Conducente;M;Illeso;0;;Non accertato;
5798922;13;28/01/2022 16:20:00;Comunale extraurbana;VIA DEL MARE;da specificare;;;;pressi km. 15.300;Veicolo in marcia contro veicolo in sosta;Rettilineo;Una carreggiata a doppio senso;Asciutto;Asfaltata;Verticale ed orizzontale;Sereno;Normale;Buona;;0;0;0;1;12.4632;41.8403;-1;1;Autovettura privata;In marcia / fermata / arresto;Conducente;M;Illeso;0;;Non accertato;Inesploso
5798922;13;28/01/2022 16:20:00;Comunale extraurbana;VIA DEL MARE;da specificare;;;;pressi km. 15.300;Veicolo in marcia contro veicolo in sosta;Rettilineo;Una carreggiata a doppio senso;Asciutto;Asfaltata;Verticale ed orizzontale;Sereno;Normale;Buona;;0;0;0;1;12.4632;41.8403;-1;2;Autocarro inferiore 35 q.;Sosta;;;;;;;
5798924;13;28/01/2022 17:30:00;;VIA OSTIENSE;in corrispondenza;;della chilometrica;24.6;;Scontro laterale fra veicoli in marcia;;;;;;;;;;0;0;0;1;12.4229;41.8109;0;1;Autovettura privata;In marcia / fermata / arresto;Conducente;M;Illeso;0;;Non accertato;Inesploso
5798924;13;28/01/2022 17:30:00;;VIA OSTIENSE;in corrispondenza;;della chilometrica;24.6;;Scontro laterale fra veicoli in marcia;;;;;;;;;;0;0;0;1;12.4229;41.8109;0;2;Autovettura privata;Allontanatosi;;;;;;;
5798926;13;29/01/2022 01:20:00;Strada Urbana;VIALE DI CASTEL PORZIANO;in corrispondenza;;del civico n.;411;;Tamponamento;Rettilineo;Una carreggiata a doppio senso;Asciutto;Asfaltata;Verticale ed orizzontale;Sereno;Scarso;Sufficiente;;1;0;0;1;12.3646;41.7359;-1;1;Ciclomotore;In marcia / fermata / arresto;Conducente;M;Rifiuta cure immediate;0;NON DECEDUTO;Non accertato;
5798926;13;29/01/2022 01:20:00;Strada Urbana;VIALE DI CASTEL PORZIANO;in corrispondenza;;del civico n.;411;;Tamponamento;Rettilineo;Una carreggiata a doppio senso;Asciutto;Asfaltata;Verticale ed orizzontale;Sereno;Scarso;Sufficiente;;1;0;0;1;12.3646;41.7359;-1;2;Autovettura privata;In marcia / fermata / arresto;Conducente;F;Illeso;0;;Non accertato;Inesploso
5798928;20;28/01/2022 10:30:00;Strada Urbana;VIA DELLA GIUSTINIANA;in corrispondenza;;del civico n.;219;;Veicolo in marcia contro veicoli in sosta;Rettilineo;Una carreggiata a doppio senso;Asciutto;Asfaltata;Verticale ed orizzontale;Nuvoloso;Normale;Buona;;0;0;0;1;12.4805;42.0053;-1;1;Autovettura privata;In marcia / fermata / arresto;Conducente;F;Illeso;0;;Non accertato;Inesploso
5798928;20;28/01/2022 10:30:00;Strada Urbana;VIA DELLA GIUSTINIANA;in corrispondenza;;del civico n.;219;;Veicolo in marcia contro veicoli in sosta;Rettilineo;Una carreggiata a doppio senso;Asciutto;Asfaltata;Verticale ed orizzontale;Nuvoloso;Normale;Buona;;0;0;0;1;12.4805;42.0053;-1;2;Autovettura privata;Sosta;;;;;;;
5798928;20;28/01/2022 10:30:00;Strada Urbana;VIA DELLA GIUSTINIANA;in corrispondenza;;del civico n.;219;;Veicolo in marcia contro veicoli in sosta;Rettilineo;Una carreggiata a doppio senso;Asciutto;Asfaltata;Verticale ed orizzontale;Nuvoloso;Normale;Buona;;0;0;0;1;12.4805;42.0053;-1;3;Autovettura privata;Sosta;;;;;;;
5798939;20;28/01/2022 13:05:00;Strada Urbana;VIA DEI DUE PONTI;in corrispondenza;;del civico n.;222 D;;Scontro laterale fra veicoli in marcia;Rettilineo;Una carreggiata a doppio senso;Asciutto;Asfaltata;Orizzontale;Sereno;Normale;Sufficiente;;1;0;0;1;12.4487;41.9651;-1;1;Autocarro inferiore 35 q.;In marcia / fermata / arresto;Conducente;M;Illeso;0;;Non accertato;
5798939;20;28/01/2022 13:05:00;Strada Urbana;VIA DEI DUE PONTI;in corrispondenza;;del civico n.;222 D;;Scontro laterale fra veicoli in marcia;Rettilineo;Una carreggiata a doppio senso;Asciutto;Asfaltata;Orizzontale;Sereno;Normale;Sufficiente;;1;0;0;1;12.4487;41.9651;-1;2;Motociclo a solo;In marcia / fermata / arresto;Conducente;M;Rimandato;0;NON DECEDUTO;Non accertato;
5798943;1;28/01/2022 20:20:00;Strada Urbana;VIA GIUSEPPE ZANARDELLI;in corrispondenza;;del civico n.;36;;Tamponamento;Rettilineo;Una carreggiata a doppio senso;Asciutto;Asfaltata;Verticale ed orizzontale;Sereno;Normale;Sufficiente;;1;0;0;0;;;0;1;Motociclo a solo;In marcia / fermata / arresto;Conducente;M;Rimandato;0;NON DECEDUTO;;
5798943;1;28/01/2022 20:20:00;Strada Urbana;VIA GIUSEPPE ZANARDELLI;in corrispondenza;;del civico n.;36;;Tamponamento;Rettilineo;Una carreggiata a doppio senso;Asciutto;Asfaltata;Verticale ed orizzontale;Sereno;Normale;Sufficiente;;1;0;0;0;;;0;2;Autovettura privata;Sosta;;;;;;;
5798952;12;28/01/2022 17:00:00;Strada Urbana;VIA LAURENTINA;in prossimità;;del civico n.;794/E;;Tamponamento;Pianeggiante;Una carreggiata a doppio senso;Asciutto;Asfaltata;Verticale;Sereno;Scarso;Sufficiente;;0;0;0;2;12.4835;41.8088;-1;1;Autovettura privata;In marcia / fermata / arresto;Conducente;F;Illeso;0;;Non accertato;Inesploso
5798952;12;28/01/2022 17:00:00;Strada Urbana;VIA LAURENTINA;in prossimità;;del civico n.;794/E;;Tamponamento;Pianeggiante;Una carreggiata a doppio senso;Asciutto;Asfaltata;Verticale;Sereno;Scarso;Sufficiente;;0;0;0;2;12.4835;41.8088;-1;2;Autovettura privata;In marcia / fermata / arresto;Conducente;M;Illeso;0;;Non accertato;Inesploso
5798962;20;28/01/2022 18:30:00;Strada Urbana;VIA VALLE DELLA STORTA;in corrispondenza;;del civico n.;8;;Investimento di pedone;Rettilineo;Una carreggiata a doppio senso;Asciutto;Asfaltata;Assente;Sereno;Scarso;Sufficiente;;1;0;0;1;12.3787;42.0099;-1;;;;Pedone;F;Rimandato;0;NON DECEDUTO;;
5798962;20;28/01/2022 18:30:00;Strada Urbana;VIA VALLE DELLA STORTA;in corrispondenza;;del civico n.;8;;Investimento di pedone;Rettilineo;Una carreggiata a doppio senso;Asciutto;Asfaltata;Assente;Sereno;Scarso;Sufficiente;;1;0;0;1;12.3787;42.0099;-1;1;Autovettura privata;In marcia / fermata / arresto;Conducente;M;Illeso;0;;Non accertato;Inesploso
5798968;20;28/01/2022 18:45:00;Regionale entro l'abitato;VIA CASSIA;in corrispondenza;;del civico n.;1043;;Tamponamento Multiplo;Curva a visuale libera;Una carreggiata a doppio senso;Asciutto;Asfaltata;Orizzontale;Sereno;Normale;Buona;;1;0;0;3;12.4268;41.9744;-1;1;Autovettura privata;In marcia / fermata / arresto;Conducente;M;Illeso;0;;;
5798968;20;28/01/2022 18:45:00;Regionale entro l'abitato;VIA CASSIA;in corrispondenza;;del civico n.;1043;;Tamponamento Multiplo;Curva a visuale libera;Una carreggiata a doppio senso;Asciutto;Asfaltata;Orizzontale;Sereno;Normale;Buona;;1;0;0;3;12.4268;41.9744;-1;1;Autovettura privata;In marcia / fermata / arresto;Passeggero;M;Rifiuta cure immediate;0;NON DECEDUTO;;
5798968;20;28/01/2022 18:45:00;Regionale entro l'abitato;VIA CASSIA;in corrispondenza;;del civico n.;1043;;Tamponamento Multiplo;Curva a visuale libera;Una carreggiata a doppio senso;Asciutto;Asfaltata;Orizzontale;Sereno;Normale;Buona;;1;0;0;3;12.4268;41.9744;-1;2;Autovettura privata;In marcia / fermata / arresto;Conducente;M;Illeso;0;;;
5798968;20;28/01/2022 18:45:00;Regionale entro l'abitato;VIA CASSIA;in corrispondenza;;del civico n.;1043;;Tamponamento Multiplo;Curva a visuale libera;Una carreggiata a doppio senso;Asciutto;Asfaltata;Orizzontale;Sereno;Normale;Buona;;1;0;0;3;12.4268;41.9744;-1;3;Autovettura privata;In marcia / fermata / arresto;Conducente;M;Illeso;0;;;
5798987;1;28/01/2022 21:41:00;Strada Urbana;PIAZZA VENEZIA;in prossimità;;del civico n.;6;;Scontro laterale fra veicoli in marcia;Rettilineo;Una carreggiata a senso unico di marcia;Asciutto;In cubetti di porfido;Verticale ed orizzontale;Sereno;Normale;Buona;;0;0;0;1;12.4828;41.8967;-1;1;Autovettura privata;In marcia / fermata / arresto;Conducente;M;Illeso;0;;;
5798987;1;28/01/2022 21:41:00;Strada Urbana;PIAZZA VENEZIA;in prossimità;;del civico n.;6;;Scontro laterale fra veicoli in marcia;Rettilineo;Una carreggiata a senso unico di marcia;Asciutto;In cubetti di porfido;Verticale ed orizzontale;Sereno;Normale;Buona;;0;0;0;1;12.4828;41.8967;-1;2;Autovettura privata;Allontanatosi;;;;;;;
5799055;1;28/01/2022 18:40:00;Strada Urbana;VIA NAZIONALE;da specificare;;;;pross. via milano;Scontro laterale fra veicoli in marcia;Rettilineo;Una carreggiata a doppio senso;Asciutto;Asfaltata;Verticale ed orizzontale;Sereno;;Sufficiente;;0;0;0;2;12.4905;41.9017;-1;1;Autovettura privata;In marcia / fermata / arresto;Conducente;M;Illeso;0;;;
5799055;1;28/01/2022 18:40:00;Strada Urbana;VIA NAZIONALE;da specificare;;;;pross. via milano;Scontro laterale fra veicoli in marcia;Rettilineo;Una carreggiata a doppio senso;Asciutto;Asfaltata;Verticale ed orizzontale;Sereno;;Sufficiente;;0;0;0;2;12.4905;41.9017;-1;2;Motociclo a solo;In marcia / fermata / arresto;Conducente;M;Illeso;0;;;
5799102;1;29/01/2022 04:00:00;Strada Urbana;VIA MARMORATA;all'intersezione con;VIA GIOVANNI BRANCA;VIA GIOVANNI BRANCA;;;Scontro frontale/laterale SX fra veicoli in marcia;Intersezione stradale segnalata;Una carreggiata a doppio senso;Asciutto;Asfaltata;Verticale ed orizzontale;Sereno;Scarso;Sufficiente;;0;0;0;3;12.4785;41.8797;-1;1;Autovettura privata;In marcia / fermata / arresto;Conducente;F;Illeso;0;;Non accertato;Esploso
5799102;1;29/01/2022 04:00:00;Strada Urbana;VIA MARMORATA;all'intersezione con;VIA GIOVANNI BRANCA;VIA GIOVANNI BRANCA;;;Scontro frontale/laterale SX fra veicoli in marcia;Intersezione stradale segnalata;Una carreggiata a doppio senso;Asciutto;Asfaltata;Verticale ed orizzontale;Sereno;Scarso;Sufficiente;;0;0;0;3;12.4785;41.8797;-1;2;Autovettura privata;In marcia / fermata / arresto;Conducente;M;Illeso;0;;;
5799102;1;29/01/2022 04:00:00;Strada Urbana;VIA MARMORATA;all'intersezione con;VIA GIOVANNI BRANCA;VIA GIOVANNI BRANCA;;;Scontro frontale/laterale SX fra veicoli in marcia;Intersezione stradale segnalata;Una carreggiata a doppio senso;Asciutto;Asfaltata;Verticale ed orizzontale;Sereno;Scarso;Sufficiente;;0;0;0;3;12.4785;41.8797;-1;2;Autovettura privata;In marcia / fermata / arresto;Passeggero;M;Illeso;0;;;
5799118;1;29/01/2022 06:50:00;Strada Urbana;VIALE CASTRO PRETORIO;all'intersezione semaforizzata con;VIA SAN MARTINO DELLA BATTAGLIA;VIA SAN MARTINO DELLA BATTAGLIA;;;Veicolo in marcia contro ostacolo fisso;Intersezione semaforizzata;Una carreggiata a doppio senso;Asciutto;Asfaltata;Verticale ed orizzontale;Sereno;Normale;Buona;;1;0;0;0;12.507;41.9029;-1;1;Autovettura privata;In marcia / fermata / arresto;Conducente;M;Rimandato;0;NON DECEDUTO;;
5799136;1;28/01/2022 23:40:00;Strada Urbana;LUNGOTEVERE IN AUGUSTA;all'intersezione semaforizzata con;VIA FERDINANDO DI SAVOIA;VIA FERDINANDO DI SAVOIA;;;Scontro laterale fra veicoli in marcia;Intersezione semaforizzata;Una carreggiata a senso unico di marcia;Asciutto;Asfaltata;Verticale ed orizzontale;Sereno;Normale;Buona;;0;0;0;2;;;0;1;Autovettura privata;In marcia / fermata / arresto;Conducente;M;Illeso;0;;;
5799136;1;28/01/2022 23:40:00;Strada Urbana;LUNGOTEVERE IN AUGUSTA;all'intersezione semaforizzata con;VIA FERDINANDO DI SAVOIA;VIA FERDINANDO DI SAVOIA;;;Scontro laterale fra veicoli in marcia;Intersezione semaforizzata;Una carreggiata a senso unico di marcia;Asciutto;Asfaltata;Verticale ed orizzontale;Sereno;Normale;Buona;;0;0;0;2;;;0;2;Autovettura pubblica;In marcia / fermata / arresto;Conducente;M;Illeso;0;;;
5799141;10;28/01/2022 10:30:00;Strada Urbana;VIA EMANUELE CARNEVALE;in prossimità;;del civico n.;75;;Veicolo in marcia contro veicoli in sosta;Rettilineo;Una carreggiata a doppio senso;Asciutto;Asfaltata;Verticale ed orizzontale;Sereno;Normale;Buona;;0;0;0;0;12.6036;41.8498;-1;2;Autocarro inferiore 35 q.;Sosta;;;;;;;
5799155;10;28/01/2022 11:25:00;Strada Urbana;PIAZZA FABIO SABATINI;all'intersezione con;VIA STEFANO OBERTO;VIA STEFANO OBERTO;;;Tamponamento;Rotatoria;Una carreggiata a senso unico di marcia;Asciutto;Asfaltata;Verticale ed orizzontale;Sereno;Normale;Buona;;1;0;0;2;12.5907;41.8471;-1;1;Autovettura privata;In marcia / fermata / arresto;Conducente;F;Rimandato;0;NON DECEDUTO;;
5799155;10;28/01/2022 11:25:00;Strada Urbana;PIAZZA FABIO SABATINI;all'intersezione con;VIA STEFANO OBERTO;VIA STEFANO OBERTO;;;Tamponamento;Rotatoria;Una carreggiata a senso unico di marcia;Asciutto;Asfaltata;Verticale ed orizzontale;Sereno;Normale;Buona;;1;0;0;2;12.5907;41.8471;-1;2;Autovettura privata;In marcia / fermata / arresto;Conducente;F;Illeso;0;;;
5799155;10;28/01/2022 11:25:00;Strada Urbana;PIAZZA FABIO SABATINI;all'intersezione con;VIA STEFANO OBERTO;VIA STEFANO OBERTO;;;Tamponamento;Rotatoria;Una carreggiata a senso unico di marcia;Asciutto;Asfaltata;Verticale ed orizzontale;Sereno;Normale;Buona;;1;0;0;2;12.5907;41.8471;-1;2;Autovettura privata;In marcia / fermata / arresto;Passeggero;F;Illeso;0;;Non accertato;Inesploso
5799161;9;29/01/2022 10:25:00;Strada Urbana;VIA APPIA NUOVA;in corrispondenza;;del civico n.;541 i;;Scontro laterale fra veicoli in marcia;Rettilineo;Due carreggiate;Asciutto;Asfaltata;Assente;Sereno;Normale;Buona;;0;0;0;3;12.5277;41.8713;-1;1;Autovettura privata;In marcia / fermata / arresto;Conducente;M;Illeso;0;;Non accertato;Inesploso
5799161;9;29/01/2022 10:25:00;Strada Urbana;VIA APPIA NUOVA;in corrispondenza;;del civico n.;541 i;;Scontro laterale fra veicoli in marcia;Rettilineo;Due carreggiate;Asciutto;Asfaltata;Assente;Sereno;Normale;Buona;;0;0;0;3;12.5277;41.8713;-1;2;Autovettura privata;In marcia / fermata / arresto;Conducente;M;Illeso;0;;Non accertato;Inesploso
5799161;9;29/01/2022 10:25:00;Strada Urbana;VIA APPIA NUOVA;in corrispondenza;;del civico n.;541 i;;Scontro laterale fra veicoli in marcia;Rettilineo;Due carreggiate;Asciutto;Asfaltata;Assente;Sereno;Normale;Buona;;0;0;0;3;12.5277;41.8713;-1;2;Autovettura privata;In marcia / fermata / arresto;Passeggero;F;Illeso;0;;Non accertato;Inesploso
5799168;10;28/01/2022 14:45:00;Strada Urbana;VIA WALTER PROCACCINI;all'intersezione con;VIA VITTORIO OCCORSIO;VIA VITTORIO OCCORSIO;;;Tamponamento;Rotatoria;Una carreggiata a doppio senso;Asciutto;Asfaltata;Verticale ed orizzontale;Sereno;Normale;Buona;;0;0;0;4;12.5834;41.8486;-1;1;Autovettura privata;In marcia / fermata / arresto;Conducente;M;Illeso;0;;;
5799168;10;28/01/2022 14:45:00;Strada Urbana;VIA WALTER PROCACCINI;all'intersezione con;VIA VITTORIO OCCORSIO;VIA VITTORIO OCCORSIO;;;Tamponamento;Rotatoria;Una carreggiata a doppio senso;Asciutto;Asfaltata;Verticale ed orizzontale;Sereno;Normale;Buona;;0;0;0;4;12.5834;41.8486;-1;1;Autovettura privata;In marcia / fermata / arresto;Passeggero;M;Illeso;0;;;
5799168;10;28/01/2022 14:45:00;Strada Urbana;VIA WALTER PROCACCINI;all'intersezione con;VIA VITTORIO OCCORSIO;VIA VITTORIO OCCORSIO;;;Tamponamento;Rotatoria;Una carreggiata a doppio senso;Asciutto;Asfaltata;Verticale ed orizzontale;Sereno;Normale;Buona;;0;0;0;4;12.5834;41.8486;-1;2;Autocarro inferiore 35 q.;In marcia / fermata / arresto;Conducente;M;Illeso;0;;;
5799168;10;28/01/2022 14:45:00;Strada Urbana;VIA WALTER PROCACCINI;all'intersezione con;VIA VITTORIO OCCORSIO;VIA VITTORIO OCCORSIO;;;Tamponamento;Rotatoria;Una carreggiata a doppio senso;Asciutto;Asfaltata;Verticale ed orizzontale;Sereno;Normale;Buona;;0;0;0;4;12.5834;41.8486;-1;2;Autocarro inferiore 35 q.;In marcia / fermata / arresto;Passeggero;M;Illeso;0;;;
5799179;10;29/01/2022 06:05:00;Strada Urbana;VIALE DEI SALESIANI;all'intersezione con;VIA STATILIO OTTATO;VIA STATILIO OTTATO;;;Veicolo in marcia contro ostacolo fisso;Intersezione stradale segnalata;Una carreggiata a senso unico di marcia;Asciutto;Asfaltata;Verticale ed orizzontale;Sereno;Scarso;Buona;;0;0;0;2;12.5682;41.8563;-1;1;Autovettura privata;In marcia / fermata / arresto;Conducente;M;Illeso;0;;Non accertato;Inesploso
5799179;10;29/01/2022 06:05:00;Strada Urbana;VIALE DEI SALESIANI;all'intersezione con;VIA STATILIO OTTATO;VIA STATILIO OTTATO;;;Veicolo in marcia contro ostacolo fisso;Intersezione stradale segnalata;Una carreggiata a senso unico di marcia;Asciutto;Asfaltata;Verticale ed orizzontale;Sereno;Scarso;Buona;;0;0;0;2;12.5682;41.8563;-1;1;Autovettura privata;In marcia / fermata / arresto;Passeggero;F;Illeso;0;;Non accertato;Inesploso
5799181;1;28/01/2022 20:15:00;Strada Urbana;LUNGOTEVERE RIPA;in prossimità;;del civico n.;6;;Tamponamento;Rettilineo;Una carreggiata a senso unico di marcia;Asciutto;Asfaltata;Verticale ed orizzontale;Sereno;Scarso;Sufficiente;;0;0;0;2;12.4788;41.8884;-1;1;Autovettura privata;In marcia / fermata / arresto;Conducente;M;Illeso;0;;Non accertato;
5799181;1;28/01/2022 20:15:00;Strada Urbana;LUNGOTEVERE RIPA;in prossimità;;del civico n.;6;;Tamponamento;Rettilineo;Una carreggiata a senso unico di marcia;Asciutto;Asfaltata;Verticale ed orizzontale;Sereno;Scarso;Sufficiente;;0;0;0;2;12.4788;41.8884;-1;2;Autovettura privata;In marcia / fermata / arresto;Conducente;M;Illeso;0;;Non accertato;
5799210;12;29/01/2022 08:30:00;Strada Urbana;VIA ELIO VITTORINI;in prossimità;;del civico n.;110;;Scontro frontale fra veicoli in marcia;Rettilineo;Una carreggiata a doppio senso;Asciutto;Asfaltata;Verticale;Sereno;Scarso;Buona;;0;0;0;2;12.4712;41.8179;-1;1;Autovettura privata;In marcia / fermata / arresto;Conducente;F;Illeso;0;;;Inesploso