Protocollo;Gruppo;DataOraIncidente;Localizzazione1;STRADA1;Localizzazione2;STRADA2;Strada02;Chilometrica;DaSpecificare;NaturaIncidente;particolaritastrade;TipoStrada;FondoStradale;Pavimentazione;Segnaletica;CondizioneAtmosferica;Traffico;Visibilita;Illuminazione;NUM_FERITI;NUM_RISERVATA;NUM_MORTI;NUM_ILLESI;Longitude;Latitude;Confermato;Progressivo;TipoVeicolo;StatoVeicolo;TipoPersona;Sesso;Tipolesione;Deceduto;DecedutoDopo;CinturaCascoUtilizzato;Airbag;
5801172;7;30/01/2022 21:20:00;Strada Urbana;VIALE PALMIRO TOGLIATTI;in corrispondenza;;del civico n.;724;;Tamponamento;Curva a visuale libera;Una carreggiata a senso unico di marcia;Asciutto;Asfaltata;Verticale ed orizzontale;Sereno;Scarso;Buona;;1;0;0;1;12.5734;41.882;-1;2;Motociclo a solo;In marcia / fermata / arresto;Conducente;M;Rimandato;0;NON DECEDUTO;Non accertato;
5801173;4;29/01/2022 00:15:00;Strada Urbana;PIAZZA GALENO;all'intersezione semaforizzata con;VIALE REGINA MARGHERITA;VIALE REGINA MARGHERITA;;;Scontro laterale fra veicoli in marcia;Intersezione semaforizzata;Due carreggiate;Asciutto;Asfaltata;Verticale ed orizzontale;Sereno;Normale;Buona;;2;0;0;1;12.5093;41.9112;-1;1;Autovettura privata;In marcia / fermata / arresto;Conducente;M;Illeso;0;;Non accertato;Inesploso
5801173;4;29/01/2022 00:15:00;Strada Urbana;PIAZZA GALENO;all'intersezione semaforizzata con;VIALE REGINA MARGHERITA;VIALE REGINA MARGHERITA;;;Scontro laterale fra veicoli in marcia;Intersezione semaforizzata;Due carreggiate;Asciutto;Asfaltata;Verticale ed orizzontale;Sereno;Normale;Buona;;2;0;0;1;12.5093;41.9112;-1;2;Autovettura privata;In marcia / fermata / arresto;Conducente;M;Rifiuta cure immediate;0;NON DECEDUTO;Non accertato;Esploso
5801173;4;29/01/2022 00:15:00;Strada Urbana;PIAZZA GALENO;all'intersezione semaforizzata con;VIALE REGINA MARGHERITA;VIALE REGINA MARGHERITA;;;Scontro laterale fra veicoli in marcia;Intersezione semaforizzata;Due carreggiate;Asciutto;Asfaltata;Verticale ed orizzontale;Sereno;Normale;Buona;;2;0;0;1;12.5093;41.9112;-1;2;Autovettura privata;In marcia / fermata / arresto;Passeggero;M;Rifiuta cure immediate;0;NON DECEDUTO;Non accertato;Esploso
5801177;17;29/01/2022 19:40:00;Strada Urbana;VIA ANDREA DORIA;all'intersezione con;VIA MOCENIGO;VIA MOCENIGO;;;Investimento di pedone;Incrocio;Una carreggiata a doppio senso;Asciutto;Asfaltata;Verticale ed orizzontale;Sereno;Normale;Buona;;1;0;0;1;12.4522;41.9098;-1;;;;Pedone;F;Rifiuta cure immediate;0;NON DECEDUTO;;
5801177;17;29/01/2022 19:40:00;Strada Urbana;VIA ANDREA DORIA;all'intersezione con;VIA MOCENIGO;VIA MOCENIGO;;;Investimento di pedone;Incrocio;Una carreggiata a doppio senso;Asciutto;Asfaltata;Verticale ed orizzontale;Sereno;Normale;Buona;;1;0;0;1;12.4522;41.9098;-1;1;Motociclo a solo;In marcia / fermata / arresto;Conducente;M;Illeso;0;;;
5801203;18;27/01/2022 11:20:00;;VIA FRANCESCO SCHUPFER;in corrispondenza;;del civico n.;10;;Veicolo in marcia contro veicolo in sosta;;;;;;;;;;0;0;0;1;12.4299;41.9034;0;1;Autovettura privata;In marcia / fermata / arresto;Conducente;M;Illeso;0;;;
5801203;18;27/01/2022 11:20:00;;VIA FRANCESCO SCHUPFER;in corrispondenza;;del civico n.;10;;Veicolo in marcia contro veicolo in sosta;;;;;;;;;;0;0;0;1;12.4299;41.9034;0;2;Autovettura privata;Sosta;;;;;;;
5801209;1;31/01/2022 05:20:00;Strada Urbana;VIA DELL'AMBA ARADAM;in prossimità;;del civico n.;8;;Scontro laterale fra veicoli in marcia;Rettilineo;Una carreggiata a doppio senso;Asciutto;Asfaltata;Verticale ed orizzontale;Sereno;Scarso;Buona;;0;0;0;2;12.5029;41.8855;-1;1;Autovettura privata;In marcia / fermata / arresto;Conducente;M;Illeso;0;;Non accertato;Inesploso
5801209;1;31/01/2022 05:20:00;Strada Urbana;VIA DELL'AMBA ARADAM;in prossimità;;del civico n.;8;;Scontro laterale fra veicoli in marcia;Rettilineo;Una carreggiata a doppio senso;Asciutto;Asfaltata;Verticale ed orizzontale;Sereno;Scarso;Buona;;0;0;0;2;12.5029;41.8855;-1;2;Autovettura privata;In marcia / fermata / arresto;Conducente;M;Illeso;0;;Non accertato;Inesploso
5801215;18;27/01/2022 14:45:00;Strada Urbana;VIA DELLA MAGLIANELLA;da specificare;;;;IN PROSSIMITA' DI VIA DI BOCCEA;Tamponamento Multiplo;Curva a visuale libera;Due carreggiate;Asciutto;Asfaltata;Verticale ed orizzontale;Sereno;Normale;Buona;;0;0;0;6;12.3791;41.9018;-1;1;Autobus urbano;In marcia / fermata / arresto;Conducente;M;Illeso;0;;;
5801215;18;27/01/2022 14:45:00;Strada Urbana;VIA DELLA MAGLIANELLA;da specificare;;;;IN PROSSIMITA' DI VIA DI BOCCEA;Tamponamento Multiplo;Curva a visuale libera;Due carreggiate;Asciutto;Asfaltata;Verticale ed orizzontale;Sereno;Normale;Buona;;0;0;0;6;12.3791;41.9018;-1;2;Autovettura privata;In marcia / fermata / arresto;Conducente;F;Illeso;0;;;
5801215;18;27/01/2022 14:45:00;Strada Urbana;VIA DELLA MAGLIANELLA;da specificare;;;;IN PROSSIMITA' DI VIA DI BOCCEA;Tamponamento Multiplo;Curva a visuale libera;Due carreggiate;Asciutto;Asfaltata;Verticale ed orizzontale;Sereno;Normale;Buona;;0;0;0;6;12.3791;41.9018;-1;3;Autovettura privata;In marcia / fermata / arresto;Conducente;M;Illeso;0;;;
5801215;18;27/01/2022 14:45:00;Strada Urbana;VIA DELLA MAGLIANELLA;da specificare;;;;IN PROSSIMITA' DI VIA DI BOCCEA;Tamponamento Multiplo;Curva a visuale libera;Due carreggiate;Asciutto;Asfaltata;Verticale ed orizzontale;Sereno;Normale;Buona;;0;0;0;6;12.3791;41.9018;-1;3;Autovettura privata;In marcia / fermata / arresto;Passeggero;F;Illeso;0;;;
5801215;18;27/01/2022 14:45:00;Strada Urbana;VIA DELLA MAGLIANELLA;da specificare;;;;IN PROSSIMITA' DI VIA DI BOCCEA;Tamponamento Multiplo;Curva a visuale libera;Due carreggiate;Asciutto;Asfaltata;Verticale ed orizzontale;Sereno;Normale;Buona;;0;0;0;6;12.3791;41.9018;-1;3;Autovettura privata;In marcia / fermata / arresto;Passeggero;F;Illeso;0;;;
5801215;18;27/01/2022 14:45:00;Strada Urbana;VIA DELLA MAGLIANELLA;da specificare;;;;IN PROSSIMITA' DI VIA DI BOCCEA;Tamponamento Multiplo;Curva a visuale libera;Due carreggiate;Asciutto;Asfaltata;Verticale ed orizzontale;Sereno;Normale;Buona;;0;0;0;6;12.3791;41.9018;-1;3;Autovettura privata;In marcia / fermata / arresto;Passeggero;M;Illeso;0;;;
5801220;16;28/01/2022 10:20:00;Strada Urbana;VIA FRANCESCO BENAGLIA;all'intersezione con;VIA IPPOLITO NIEVO;VIA IPPOLITO NIEVO;;;Tamponamento;Incrocio;Due carreggiate;Asciutto;Asfaltata;Assente;Sereno;Scarso;Buona;;0;0;0;3;12.4667;41.8784;-1;1;Autovettura privata;In marcia / fermata / arresto;Conducente;F;Illeso;0;;Non accertato;
5801220;16;28/01/2022 10:20:00;Strada Urbana;VIA FRANCESCO BENAGLIA;all'intersezione con;VIA IPPOLITO NIEVO;VIA IPPOLITO NIEVO;;;Tamponamento;Incrocio;Due carreggiate;Asciutto;Asfaltata;Assente;Sereno;Scarso;Buona;;0;0;0;3;12.4667;41.8784;-1;1;Autovettura privata;In marcia / fermata / arresto;Passeggero;F;Illeso;0;;Non accertato;
5801220;16;28/01/2022 10:20:00;Strada Urbana;VIA FRANCESCO BENAGLIA;all'intersezione con;VIA IPPOLITO NIEVO;VIA IPPOLITO NIEVO;;;Tamponamento;Incrocio;Due carreggiate;Asciutto;Asfaltata;Assente;Sereno;Scarso;Buona;;0;0;0;3;12.4667;41.8784;-1;2;Autovettura privata;In marcia / fermata / arresto;Conducente;M;Illeso;0;;Non accertato;
5801225;1;30/01/2022 16:00:00;Strada Urbana;VIALE DI TRASTEVERE;da specificare;;;;altezza PIAZZA S. SONNINO;Scontro laterale fra veicoli in marcia;Rettilineo;Più di due carreggiate;Asciutto;Asfaltata;Verticale ed orizzontale;Sereno;Normale;Buona;;0;0;0;3;12.4735;41.8881;-1;1;Autovettura privata;In marcia / fermata / arresto;Conducente;M;Illeso;0;;Non accertato;Inesploso
5801225;1;30/01/2022 16:00:00;Strada Urbana;VIALE DI TRASTEVERE;da specificare;;;;altezza PIAZZA S. SONNINO;Scontro laterale fra veicoli in marcia;Rettilineo;Più di due carreggiate;Asciutto;Asfaltata;Verticale ed orizzontale;Sereno;Normale;Buona;;0;0;0;3;12.4735;41.8881;-1;1;Autovettura privata;In marcia / fermata / arresto;Passeggero;F;Illeso;0;;;
5801225;1;30/01/2022 16:00:00;Strada Urbana;VIALE DI TRASTEVERE;da specificare;;;;altezza PIAZZA S. SONNINO;Scontro laterale fra veicoli in marcia;Rettilineo;Più di due carreggiate;Asciutto;Asfaltata;Verticale ed orizzontale;Sereno;Normale;Buona;;0;0;0;3;12.4735;41.8881;-1;2;Autobus di linea;In marcia / fermata / arresto;Conducente;M;Illeso;0;;Non accertato;Inesploso
5801236;23;29/01/2022 11:20:00;Strada Urbana;PIAZZA S. VINCENZO PALLOTTI;all'intersezione con;LUNGOTEVERE DEI VALLATI;LUNGOTEVERE DEI VALLATI;;;Scontro frontale/laterale DX fra veicoli in marcia;Intersezione semaforizzata;Una carreggiata a senso unico di marcia;Asciutto;Asfaltata;Verticale ed orizzontale;Sereno;Intenso;Buona;;0;0;0;3;12.4712;41.8929;-1;1;Motociclo a solo;In marcia / fermata / arresto;Conducente;M;Illeso;0;;Non accertato;
5801236;23;29/01/2022 11:20:00;Strada Urbana;PIAZZA S. VINCENZO PALLOTTI;all'intersezione con;LUNGOTEVERE DEI VALLATI;LUNGOTEVERE DEI VALLATI;;;Scontro frontale/laterale DX fra veicoli in marcia;Intersezione semaforizzata;Una carreggiata a senso unico di marcia;Asciutto;Asfaltata;Verticale ed orizzontale;Sereno;Intenso;Buona;;0;0;0;3;12.4712;41.8929;-1;2;Autovettura privata;In marcia / fermata / arresto;Conducente;M;Illeso;0;;Non accertato;Inesploso
5801236;23;29/01/2022 11:20:00;Strada Urbana;PIAZZA S. VINCENZO PALLOTTI;all'intersezione con;LUNGOTEVERE DEI VALLATI;LUNGOTEVERE DEI VALLATI;;;Scontro frontale/laterale DX fra veicoli in marcia;Intersezione semaforizzata;Una carreggiata a senso unico di marcia;Asciutto;Asfaltata;Verticale ed orizzontale;Sereno;Intenso;Buona;;0;0;0;3;12.4712;41.8929;-1;2;Autovettura privata;In marcia / fermata / arresto;Passeggero;M;Illeso;0;;Non accertato;Inesploso
5801243;16;29/01/2022 22:15:00;Strada Urbana;VIA ALESSANDRO POERIO;all'intersezione con;VIA ALBERTO MARIO;VIA ALBERTO MARIO;;;Scontro frontale/laterale DX fra veicoli in marcia;Incrocio;Una carreggiata a senso unico di marcia;Asciutto;Asfaltata;Verticale ed orizzontale;Sereno;Scarso;Buona;;1;0;0;4;12.4631;41.8793;-1;1;Autovettura privata;In marcia / fermata / arresto;Conducente;F;Illeso;0;;Non accertato;
5801243;16;29/01/2022 22:15:00;Strada Urbana;VIA ALESSANDRO POERIO;all'intersezione con;VIA ALBERTO MARIO;VIA ALBERTO MARIO;;;Scontro frontale/laterale DX fra veicoli in marcia;Incrocio;Una carreggiata a senso unico di marcia;Asciutto;Asfaltata;Verticale ed orizzontale;Sereno;Scarso;Buona;;1;0;0;4;12.4631;41.8793;-1;1;Autovettura privata;In marcia / fermata / arresto;Passeggero;M;Illeso;0;;Non accertato;
5801243;16;29/01/2022 22:15:00;Strada Urbana;VIA ALESSANDRO POERIO;all'intersezione con;VIA ALBERTO MARIO;VIA ALBERTO MARIO;;;Scontro frontale/laterale DX fra veicoli in marcia;Incrocio;Una carreggiata a senso unico di marcia;Asciutto;Asfaltata;Verticale ed orizzontale;Sereno;Scarso;Buona;;1;0;0;4;12.4631;41.8793;-1;1;Autovettura privata;In marcia / fermata / arresto;Passeggero;M;Illeso;0;;Non accertato;
5801243;16;29/01/2022 22:15:00;Strada Urbana;VIA ALESSANDRO POERIO;all'intersezione con;VIA ALBERTO MARIO;VIA ALBERTO MARIO;;;Scontro frontale/laterale DX fra veicoli in marcia;Incrocio;Una carreggiata a senso unico di marcia;Asciutto;Asfaltata;Verticale ed orizzontale;Sereno;Scarso;Buona;;1;0;0;4;12.4631;41.8793;-1;1;Autovettura privata;In marcia / fermata / arresto;Passeggero;M;Illeso;0;;Non accertato;
5801243;16;29/01/2022 22:15:00;Strada Urbana;VIA ALESSANDRO POERIO;all'intersezione con;VIA ALBERTO MARIO;VIA ALBERTO MARIO;;;Scontro frontale/laterale DX fra veicoli in marcia;Incrocio;Una carreggiata a senso unico di marcia;Asciutto;Asfaltata;Verticale ed orizzontale;Sereno;Scarso;Buona;;1;0;0;4;12.4631;41.8793;-1;2;Motociclo a solo;In marcia / fermata / arresto;Conducente;M;Rimandato;0;NON DECEDUTO;Non accertato;
5801244;18;27/01/2022 16:00:00;Strada Urbana;VIA DELLA MAGLIANELLA;in prossimità;;del civico n.;185;;Scontro laterale fra veicoli in marcia;Curva a visuale libera;Una carreggiata a doppio senso;Asciutto;Asfaltata;Orizzontale;Sereno;Normale;Sufficiente;;0;0;0;2;12.3789;41.9018;-1;1;Motociclo a solo;In marcia / fermata / arresto;Conducente;M;Illeso;0;;Non accertato;
5801244;18;27/01/2022 16:00:00;Strada Urbana;VIA DELLA MAGLIANELLA;in prossimità;;del civico n.;185;;Scontro laterale fra veicoli in marcia;Curva a visuale libera;Una carreggiata a doppio senso;Asciutto;Asfaltata;Orizzontale;Sereno;Normale;Sufficiente;;0;0;0;2;12.3789;41.9018;-1;2;Autovettura privata;In marcia / fermata / arresto;Conducente;F;Illeso;0;;Non accertato;Inesploso
5801257;1;31/01/2022 05:00:00;Strada Urbana;LUNGOTEVERE DEGLI ANGUILLARA;all'intersezione semaforizzata con;PIAZZA GIUSEPPE GIOACHINO BELLI;PIAZZA GIUSEPPE GIOACHINO BELLI;;;Veicolo in marcia contro veicolo in sosta;Intersezione semaforizzata;Una carreggiata a senso unico di marcia;Asciutto;Asfaltata;Verticale ed orizzontale;Sereno;Scarso;Buona;;0;0;0;1;12.4745;41.8903;-1;1;Autovettura privata;In marcia / fermata / arresto;Conducente;M;Illeso;0;;Non accertato;Inesploso
5801257;1;31/01/2022 05:00:00;Strada Urbana;LUNGOTEVERE DEGLI ANGUILLARA;all'intersezione semaforizzata con;PIAZZA GIUSEPPE GIOACHINO BELLI;PIAZZA GIUSEPPE GIOACHINO BELLI;;;Veicolo in marcia contro veicolo in sosta;Intersezione semaforizzata;Una carreggiata a senso unico di marcia;Asciutto;Asfaltata;Verticale ed orizzontale;Sereno;Scarso;Buona;;0;0;0;1;12.4745;41.8903;-1;2;Autovettura privata;Sosta;;;;;;;
5801268;4;29/01/2022 02:20:00;Strada Urbana;VIA CONCA D'ORO;da specificare;;;;in corrispondenza del fronte civico 180;Veicolo in marcia contro veicolo in sosta;Rettilineo;Una carreggiata a senso unico di marcia;Asciutto;Asfaltata;Verticale ed orizzontale;Sereno;Normale;Buona;;0;0;0;2;12.5169;41.9453;-1;1;Autovettura privata;In marcia / fermata / arresto;Conducente;F;Illeso;0;;Non accertato;Esploso
5801268;4;29/01/2022 02:20:00;Strada Urbana;VIA CONCA D'ORO;da specificare;;;;in corrispondenza del fronte civico 180;Veicolo in marcia contro veicolo in sosta;Rettilineo;Una carreggiata a senso unico di marcia;Asciutto;Asfaltata;Verticale ed orizzontale;Sereno;Normale;Buona;;0;0;0;2;12.5169;41.9453;-1;1;Autovettura privata;In marcia / fermata / arresto;Passeggero;F;Illeso;0;;;
5801268;4;29/01/2022 02:20:00;Strada Urbana;VIA CONCA D'ORO;da specificare;;;;in corrispondenza del fronte civico 180;Veicolo in marcia contro veicolo in sosta;Rettilineo;Una carreggiata a senso unico di marcia;Asciutto;Asfaltata;Verticale ed orizzontale;Sereno;Normale;Buona;;0;0;0;2;12.5169;41.9453;-1;2;Autovettura privata;Sosta;;;;;;;
5801293;7;31/01/2022 01:30:00;Strada Urbana;VIA PRENESTINA;all'intersezione semaforizzata con;VIA TOR DE' SCHIAVI;VIA TOR DE' SCHIAVI;;;Scontro frontale/laterale DX fra veicoli in marcia;Incrocio;Due carreggiate;Asciutto;Asfaltata;Verticale ed orizzontale;Sereno;Scarso;Sufficiente;;4;0;0;0;12.5592;41.8949;-1;1;Autoambulanza;In marcia / fermata / arresto;Conducente;M;Rimandato;0;NON DECEDUTO;Non accertato;Inesploso
5801293;7;31/01/2022 01:30:00;Strada Urbana;VIA PRENESTINA;all'intersezione semaforizzata con;VIA TOR DE' SCHIAVI;VIA TOR DE' SCHIAVI;;;Scontro frontale/laterale DX fra veicoli in marcia;Incrocio;Due carreggiate;Asciutto;Asfaltata;Verticale ed orizzontale;Sereno;Scarso;Sufficiente;;4;0;0;0;12.5592;41.8949;-1;1;Autoambulanza;In marcia / fermata / arresto;Passeggero;M;Rimandato;0;NON DECEDUTO;Non accertato;Inesploso
5801293;7;31/01/2022 01:30:00;Strada Urbana;VIA PRENESTINA;all'intersezione semaforizzata con;VIA TOR DE' SCHIAVI;VIA TOR DE' SCHIAVI;;;Scontro frontale/laterale DX fra veicoli in marcia;Incrocio;Due carreggiate;Asciutto;Asfaltata;Verticale ed orizzontale;Sereno;Scarso;Sufficiente;;4;0;0;0;12.5592;41.8949;-1;1;Autoambulanza;In marcia / fermata / arresto;Passeggero;M;Rimandato;0;NON DECEDUTO;Non accertato;Inesploso
5801293;7;31/01/2022 01:30:00;Strada Urbana;VIA PRENESTINA;all'intersezione semaforizzata con;VIA TOR DE' SCHIAVI;VIA TOR DE' SCHIAVI;;;Scontro frontale/laterale DX fra veicoli in marcia;Incrocio;Due carreggiate;Asciutto;Asfaltata;Verticale ed orizzontale;Sereno;Scarso;Sufficiente;;4;0;0;0;12.5592;41.8949;-1;2;Autovettura privata;In marcia / fermata / arresto;Conducente;F;Rimandato;0;NON DECEDUTO;Non accertato;Esploso
5801301;18;27/01/2022 16:05:00;Strada Urbana;VIA LEONE XIII;da specificare;;;;ALTEZZA INTERSEZIONE VIA DEHON;Tamponamento Multiplo;Rettilineo;Due carreggiate;Asciutto;Asfaltata;Verticale ed orizzontale;Sereno;Normale;Buona;;1;0;0;6;12.4404;41.8869;-1;1;Autocarro inferiore 35 q.;In marcia / fermata / arresto;Conducente;M;Illeso;0;;Non accertato;Esploso
5801301;18;27/01/2022 16:05:00;Strada Urbana;VIA LEONE XIII;da specificare;;;;ALTEZZA INTERSEZIONE VIA DEHON;Tamponamento Multiplo;Rettilineo;Due carreggiate;Asciutto;Asfaltata;Verticale ed orizzontale;Sereno;Normale;Buona;;1;0;0;6;12.4404;41.8869;-1;1;Autocarro inferiore 35 q.;In marcia / fermata / arresto;Passeggero;M;Illeso;0;;Non accertato;Inesploso
5801301;18;27/01/2022 16:05:00;Strada Urbana;VIA LEONE XIII;da specificare;;;;ALTEZZA INTERSEZIONE VIA DEHON;Tamponamento Multiplo;Rettilineo;Due carreggiate;Asciutto;Asfaltata;Verticale ed orizzontale;Sereno;Normale;Buona;;1;0;0;6;12.4404;41.8869;-1;2;Autovettura privata;In marcia / fermata / arresto;Conducente;M;Illeso;0;;Non accertato;Inesploso
5801301;18;27/01/2022 16:05:00;Strada Urbana;VIA LEONE XIII;da specificare;;;;ALTEZZA INTERSEZIONE VIA DEHON;Tamponamento Multiplo;Rettilineo;Due carreggiate;Asciutto;Asfaltata;Verticale ed orizzontale;Sereno;Normale;Buona;;1;0;0;6;12.4404;41.8869;-1;3;Autovettura privata;In marcia / fermata / arresto;Conducente;F;Illeso;0;;Non accertato;Inesploso
5801301;18;27/01/2022 16:05:00;Strada Urbana;VIA LEONE XIII;da specificare;;;;ALTEZZA INTERSEZIONE VIA DEHON;Tamponamento Multiplo;Rettilineo;Due carreggiate;Asciutto;Asfaltata;Verticale ed orizzontale;Sereno;Normale;Buona;;1;0;0;6;12.4404;41.8869;-1;3;Autovettura privata;In marcia / fermata / arresto;Passeggero;F;Illeso;0;;Non accertato;Inesploso
5801301;18;27/01/2022 16:05:00;Strada Urbana;VIA LEONE XIII;da specificare;;;;ALTEZZA INTERSEZIONE VIA DEHON;Tamponamento Multiplo;Rettilineo;Due carreggiate;Asciutto;Asfaltata;Verticale ed orizzontale;Sereno;Normale;Buona;;1;0;0;6;12.4404;41.8869;-1;3;Autovettura privata;In marcia / fermata / arresto;Passeggero;F;Rimandato;0;NON DECEDUTO;Non accertato;Inesploso
5801301;18;27/01/2022 16:05:00;Strada Urbana;VIA LEONE XIII;da specificare;;;;ALTEZZA INTERSEZIONE VIA DEHON;Tamponamento Multiplo;Rettilineo;Due carreggiate;Asciutto;Asfaltata;Verticale ed orizzontale;Sereno;Normale;Buona;;1;0;0;6;12.4404;41.8869;-1;4;Autovettura privata;In marcia / fermata / arresto;Conducente;F;Illeso;0;;Non accertato;Inesploso
5801308;16;29/01/2022 14:00:00;Strada Urbana;VIA DEL CASALE LUMBROSO;all'intersezione con;VIA PAOLO ORANO;VIA PAOLO ORANO;;;Scontro frontale fra veicoli in marcia;Incrocio;Una carreggiata a doppio senso;Asciutto;Asfaltata;Orizzontale;Sereno;Normale;Buona;;0;0;0;3;12.3601;41.8671;-1;1;Autovettura privata;In marcia / fermata / arresto;Conducente;M;Illeso;0;;Non accertato;
5801308;16;29/01/2022 14:00:00;Strada Urbana;VIA DEL CASALE LUMBROSO;all'intersezione con;VIA PAOLO ORANO;VIA PAOLO ORANO;;;Scontro frontale fra veicoli in marcia;Incrocio;Una carreggiata a doppio senso;Asciutto;Asfaltata;Orizzontale;Sereno;Normale;Buona;;0;0;0;3;12.3601;41.8671;-1;2;Autovettura privata;In marcia / fermata / arresto;Conducente;F;Illeso;0;;Non accertato;
5801308;16;29/01/2022 14:00:00;Strada Urbana;VIA DEL CASALE LUMBROSO;all'intersezione con;VIA PAOLO ORANO;VIA PAOLO ORANO;;;Scontro frontale fra veicoli in marcia;Incrocio;Una carreggiata a doppio senso;Asciutto;Asfaltata;Orizzontale;Sereno;Normale;Buona;;0;0;0;3;12.3601;41.8671;-1;2;Autovettura privata;In marcia / fermata / arresto;Passeggero;M;Illeso;0;;Non accertato;
5801328;4;29/01/2022 12:35:00;Strada Urbana;VIA NOMENTANA;all'intersezione con;VIA VAL TROMPIA;VIA VAL TROMPIA;;;Scontro laterale fra veicoli in marcia;Intersezione stradale segnalata;Una carreggiata a doppio senso;Asciutto;Asfaltata;Verticale ed orizzontale;Sereno;Normale;Buona;;0;0;0;3;12.5737;41.959;-1;1;Autovettura privata;In marcia / fermata / arresto;Conducente;M;Illeso;0;;Non accertato;Inesploso
5801328;4;29/01/2022 12:35:00;Strada Urbana;VIA NOMENTANA;all'intersezione con;VIA VAL TROMPIA;VIA VAL TROMPIA;;;Scontro laterale fra veicoli in marcia;Intersezione stradale segnalata;Una carreggiata a doppio senso;Asciutto;Asfaltata;Verticale ed orizzontale;Sereno;Normale;Buona;;0;0;0;3;12.5737;41.959;-1;1;Autovettura privata;In marcia / fermata / arresto;Passeggero;M;Illeso;0;;Non accertato;Inesploso
5801328;4;29/01/2022 12:35:00;Strada Urbana;VIA NOMENTANA;all'intersezione con;VIA VAL TROMPIA;VIA VAL TROMPIA;;;Scontro laterale fra veicoli in marcia;Intersezione stradale segnalata;Una carreggiata a doppio senso;Asciutto;Asfaltata;Verticale ed orizzontale;Sereno;Normale;Buona;;0;0;0;3;12.5737;41.959;-1;2;Motociclo a solo;In marcia / fermata / arresto;Conducente;M;Illeso;0;;Non accertato;
5801342;18;28/01/2022 11:45:00;Strada Urbana;VIA CORNELIA;all'intersezione con;VIA SUOR MARIA AGOSTINA;VIA SUOR MARIA AGOSTINA;;;Investimento di pedone;Intersezione stradale segnalata;Una carreggiata a doppio senso;Asciutto;Asfaltata;Verticale ed orizzontale;Sereno;Normale;Buona;;1;0;0;1;12.3899;41.9007;-1;;;;Pedone;F;Rimandato;0;NON DECEDUTO;;
5801342;18;28/01/2022 11:45:00;Strada Urbana;VIA CORNELIA;all'intersezione con;VIA SUOR MARIA AGOSTINA;VIA SUOR MARIA AGOSTINA;;;Investimento di pedone;Intersezione stradale segnalata;Una carreggiata a doppio senso;Asciutto;Asfaltata;Verticale ed orizzontale;Sereno;Normale;Buona;;1;0;0;1;12.3899;41.9007;-1;1;Autovettura privata;In marcia / fermata / arresto;Conducente;F;Illeso;0;;Non accertato;Inesploso
5801346;16;30/01/2022 21:20:00;Strada Urbana;VIALE DI TRASTEVERE;all'intersezione con;LARGO BERNARDINO DA FELTRE;LARGO BERNARDINO DA FELTRE;;;Scontro frontale/laterale SX fra veicoli in marcia;Intersezione semaforizzata;Più di due carreggiate;Asciutto;Asfaltata;Verticale ed orizzontale;Sereno;Normale;Buona;;2;0;0;2;12.4679;41.8817;-1;1;Autovettura privata;In marcia / fermata / arresto;Conducente;M;Illeso;0;;Non accertato;
5801346;16;30/01/2022 21:20:00;Strada Urbana;VIALE DI TRASTEVERE;all'intersezione con;LARGO BERNARDINO DA FELTRE;LARGO BERNARDINO DA FELTRE;;;Scontro frontale/laterale SX fra veicoli in marcia;Intersezione semaforizzata;Più di due carreggiate;Asciutto;Asfaltata;Verticale ed orizzontale;Sereno;Normale;Buona;;2;0;0;2;12.4679;41.8817;-1;1;Autovettura privata;In marcia / fermata / arresto;Passeggero;F;Illeso;0;;Non accertato;
5801346;16;30/01/2022 21:20:00;Strada Urbana;VIALE DI TRASTEVERE;all'intersezione con;LARGO BERNARDINO DA FELTRE;LARGO BERNARDINO DA FELTRE;;;Scontro frontale/laterale SX fra veicoli in marcia;Intersezione semaforizzata;Più di due carreggiate;Asciutto;Asfaltata;Verticale ed orizzontale;Sereno;Normale;Buona;;2;0;0;2;12.4679;41.8817;-1;2;Ciclomotore;In marcia / fermata / arresto;Conducente;M;Rimandato;0;NON DECEDUTO;Non accertato;
5801346;16;30/01/2022 21:20:00;Strada Urbana;VIALE DI TRASTEVERE;all'intersezione con;LARGO BERNARDINO DA FELTRE;LARGO BERNARDINO DA FELTRE;;;Scontro frontale/laterale SX fra veicoli in marcia;Intersezione semaforizzata;Più di due carreggiate;Asciutto;Asfaltata;Verticale ed orizzontale;Sereno;Normale;Buona;;2;0;0;2;12.4679;41.8817;-1;2;Ciclomotore;In marcia / fermata / arresto;Passeggero;M;Rimandato;0;NON DECEDUTO;Non accertato;
5801353;4;30/01/2022 02:30:00;Strada Urbana;VIA MONTE BIANCO;in corrispondenza;;del civico n.;128;;Veicolo in marcia contro veicolo in sosta;Rettilineo;Una carreggiata a doppio senso;Asciutto;Asfaltata;Verticale ed orizzontale;Sereno;Scarso;Sufficiente;;0;0;0;0;12.5295;41.945;-1;1;Autovettura privata;Sosta;;;;;;;
5801354;4;29/01/2022 11:30:00;Strada Urbana;VIA DELLE VIGNE NUOVE;in corrispondenza;;del civico n.;70;;Veicolo in marcia contro veicolo in sosta;Rettilineo;Una carreggiata a doppio senso;Asciutto;Asfaltata;Verticale ed orizzontale;Sereno;Normale;Buona;;0;0;0;1;12.5373;41.9475;-1;1;Autocarro inferiore 35 q.;In marcia / fermata / arresto;Conducente;M;Illeso;0;;Non accertato;Inesploso