Protocollo;Gruppo;DataOraIncidente;Localizzazione1;STRADA1;Localizzazione2;STRADA2;Strada02;Chilometrica;DaSpecificare;NaturaIncidente;particolaritastrade;TipoStrada;FondoStradale;Pavimentazione;Segnaletica;CondizioneAtmosferica;Traffico;Visibilita;Illuminazione;NUM_FERITI;NUM_RISERVATA;NUM_MORTI;NUM_ILLESI;Longitude;Latitude;Confermato;Progressivo;TipoVeicolo;StatoVeicolo;TipoPersona;Sesso;Tipolesione;Deceduto;DecedutoDopo;CinturaCascoUtilizzato;Airbag;
5802915;17;31/01/2022 11:15:00;Strada Urbana;VIA MARCANTONIO COLONNA;all'intersezione con;VIA POMPEO MAGNO;VIA POMPEO MAGNO;;;Scontro frontale/laterale DX fra veicoli in marcia;Intersezione stradale segnalata;Una carreggiata a doppio senso;Asciutto;Asfaltata;Verticale ed orizzontale;Nuvoloso;Normale;Buona;;0;0;0;3;12.4681;41.9103;-1;1;Autovettura privata;In marcia / fermata / arresto;Conducente;F;Illeso;0;;;
5802915;17;31/01/2022 11:15:00;Strada Urbana;VIA MARCANTONIO COLONNA;all'intersezione con;VIA POMPEO MAGNO;VIA POMPEO MAGNO;;;Scontro frontale/laterale DX fra veicoli in marcia;Intersezione stradale segnalata;Una carreggiata a doppio senso;Asciutto;Asfaltata;Verticale ed orizzontale;Nuvoloso;Normale;Buona;;0;0;0;3;12.4681;41.9103;-1;2;Autovettura di polizia;In marcia / fermata / arresto;Conducente;M;Illeso;0;;;
5802915;17;31/01/2022 11:15:00;Strada Urbana;VIA MARCANTONIO COLONNA;all'intersezione con;VIA POMPEO MAGNO;VIA POMPEO MAGNO;;;Scontro frontale/laterale DX fra veicoli in marcia;Intersezione stradale segnalata;Una carreggiata a doppio senso;Asciutto;Asfaltata;Verticale ed orizzontale;Nuvoloso;Normale;Buona;;0;0;0;3;12.4681;41.9103;-1;2;Autovettura di polizia;In marcia / fermata / arresto;Passeggero;M;Illeso;0;;;
5803136;17;31/01/2022 09:30:00;Strada Urbana;CIRCONVALLAZIONE CLODIA;in prossimità;;del civico n.;74C;;Scontro frontale/laterale DX fra veicoli in marcia;Rettilineo;Due carreggiate;Asciutto;Asfaltata;Verticale ed orizzontale;Nuvoloso;Scarso;Buona;;0;0;0;2;12.4572;41.9195;0;1;Autovettura privata;In marcia / fermata / arresto;Conducente;M;Illeso;0;;;
5803136;17;31/01/2022 09:30:00;Strada Urbana;CIRCONVALLAZIONE CLODIA;in prossimità;;del civico n.;74C;;Scontro frontale/laterale DX fra veicoli in marcia;Rettilineo;Due carreggiate;Asciutto;Asfaltata;Verticale ed orizzontale;Nuvoloso;Scarso;Buona;;0;0;0;2;12.4572;41.9195;0;2;Motociclo a solo;In marcia / fermata / arresto;Conducente;M;Illeso;0;;;
5803267;17;31/01/2022 19:20:00;Strada Urbana;VIALE DELLE MILIZIE;all'intersezione semaforizzata con;VIALE ANGELICO;VIALE ANGELICO;;;Tamponamento;Incrocio;Più di due carreggiate;Bagnato (pioggia);Asfaltata;Verticale ed orizzontale;Pioggia in atto;Normale;Buona;;0;0;0;2;12.4619;41.9122;-1;1;Autovettura privata;In marcia / fermata / arresto;Conducente;M;Illeso;0;;;
5803267;17;31/01/2022 19:20:00;Strada Urbana;VIALE DELLE MILIZIE;all'intersezione semaforizzata con;VIALE ANGELICO;VIALE ANGELICO;;;Tamponamento;Incrocio;Più di due carreggiate;Bagnato (pioggia);Asfaltata;Verticale ed orizzontale;Pioggia in atto;Normale;Buona;;0;0;0;2;12.4619;41.9122;-1;2;Motociclo a solo;In marcia / fermata / arresto;Conducente;M;Illeso;0;;;
5803268;12;31/01/2022 19:40:00;Strada Urbana;PIAZZALE LUIGI STURZO;all'intersezione con;VIALE DELL'ASTRONOMIA;VIALE DELL'ASTRONOMIA;;;Scontro frontale/laterale SX fra veicoli in marcia;Incrocio;Una carreggiata a doppio senso;Bagnato (pioggia);Asfaltata;Verticale ed orizzontale;Nuvoloso;Normale;Buona;;0;0;0;2;12.4673;41.8341;-1;1;Autovettura privata;In marcia / fermata / arresto;Conducente;F;Illeso;0;;Utilizzato;Inesploso
5803268;12;31/01/2022 19:40:00;Strada Urbana;PIAZZALE LUIGI STURZO;all'intersezione con;VIALE DELL'ASTRONOMIA;VIALE DELL'ASTRONOMIA;;;Scontro frontale/laterale SX fra veicoli in marcia;Incrocio;Una carreggiata a doppio senso;Bagnato (pioggia);Asfaltata;Verticale ed orizzontale;Nuvoloso;Normale;Buona;;0;0;0;2;12.4673;41.8341;-1;2;Autovettura privata;In marcia / fermata / arresto;Conducente;F;Illeso;0;;Utilizzato;Esploso
5803431;17;31/01/2022 22:30:00;Strada Urbana;VIA DUILIO;all'intersezione con;VIA DEGLI SCIPIONI;VIA DEGLI SCIPIONI;;;Scontro frontale/laterale SX fra veicoli in marcia;Intersezione stradale segnalata;Una carreggiata a senso unico di marcia;Asciutto;Asfaltata;Verticale ed orizzontale;Nuvoloso;Scarso;Sufficiente;;0;0;0;3;12.4642;41.9101;-1;1;Autovettura privata;In marcia / fermata / arresto;Conducente;F;Illeso;0;;;
5803431;17;31/01/2022 22:30:00;Strada Urbana;VIA DUILIO;all'intersezione con;VIA DEGLI SCIPIONI;VIA DEGLI SCIPIONI;;;Scontro frontale/laterale SX fra veicoli in marcia;Intersezione stradale segnalata;Una carreggiata a senso unico di marcia;Asciutto;Asfaltata;Verticale ed orizzontale;Nuvoloso;Scarso;Sufficiente;;0;0;0;3;12.4642;41.9101;-1;1;Autovettura privata;In marcia / fermata / arresto;Passeggero;M;Illeso;0;;;
5803431;17;31/01/2022 22:30:00;Strada Urbana;VIA DUILIO;all'intersezione con;VIA DEGLI SCIPIONI;VIA DEGLI SCIPIONI;;;Scontro frontale/laterale SX fra veicoli in marcia;Intersezione stradale segnalata;Una carreggiata a senso unico di marcia;Asciutto;Asfaltata;Verticale ed orizzontale;Nuvoloso;Scarso;Sufficiente;;0;0;0;3;12.4642;41.9101;-1;2;Autovettura privata;In marcia / fermata / arresto;Conducente;M;Illeso;0;;;
5803740;20;28/01/2022 23:48:00;Statale entro l'abitato;VIA CASSIA;da specificare;;;;PROSSIMITA' CIV. 1348;Veicolo in marcia contro ostacolo accidentale;Rettilineo;Una carreggiata a doppio senso;Asciutto;Asfaltata;Verticale ed orizzontale;Sereno;Scarso;Buona;;0;0;0;1;12.4137;41.9828;-1;1;Autocarro inferiore 35 q.;In marcia / fermata / arresto;Conducente;M;Illeso;0;;;
5804200;3;31/01/2022 18:45:00;Strada Urbana;VIA NOMENTANA;all'intersezione semaforizzata con;VIA ALESSANDRO TORLONIA;VIA ALESSANDRO TORLONIA;;;Scontro frontale/laterale SX fra veicoli in marcia;Intersezione semaforizzata;Più di due carreggiate;Bagnato (umidità in atto);Asfaltata;Verticale ed orizzontale;Nuvoloso;Normale;Sufficiente;;0;0;0;2;12.5136;41.9149;-1;1;Autovettura privata;In marcia / fermata / arresto;Conducente;F;Illeso;0;;;
5804200;3;31/01/2022 18:45:00;Strada Urbana;VIA NOMENTANA;all'intersezione semaforizzata con;VIA ALESSANDRO TORLONIA;VIA ALESSANDRO TORLONIA;;;Scontro frontale/laterale SX fra veicoli in marcia;Intersezione semaforizzata;Più di due carreggiate;Bagnato (umidità in atto);Asfaltata;Verticale ed orizzontale;Nuvoloso;Normale;Sufficiente;;0;0;0;2;12.5136;41.9149;-1;2;Motociclo a solo;In marcia / fermata / arresto;Conducente;M;Illeso;0;;;
5804210;3;31/01/2022 16:10:00;Strada Urbana;VIA LIVORNO;in prossimità;;del civico n.;47;;Scontro frontale/laterale DX fra veicoli in marcia;Rettilineo;Una carreggiata a doppio senso;Bagnato (pioggia);Asfaltata;Verticale ed orizzontale;Pioggia in atto;Intenso;Buona;;0;0;0;2;12.5212;41.914;-1;1;Autovettura privata;In marcia / fermata / arresto;Conducente;M;Illeso;0;;;
5804210;3;31/01/2022 16:10:00;Strada Urbana;VIA LIVORNO;in prossimità;;del civico n.;47;;Scontro frontale/laterale DX fra veicoli in marcia;Rettilineo;Una carreggiata a doppio senso;Bagnato (pioggia);Asfaltata;Verticale ed orizzontale;Pioggia in atto;Intenso;Buona;;0;0;0;2;12.5212;41.914;-1;2;Autovettura privata;In marcia / fermata / arresto;Conducente;M;Illeso;0;;;
5804230;3;31/01/2022 16:05:00;Strada Urbana;Tangenziale Est direzione S. Giovanni;da specificare;;;;tratto sopraelevato tra passamonti e prenestina;Veicolo in marcia contro ostacolo fisso;Curva senza visuale libera;Una carreggiata a senso unico di marcia;Bagnato (pioggia);Asfaltata;Verticale ed orizzontale;Pioggia in atto;Normale;Buona;;0;0;0;1;12.5091;41.8867;-1;1;Autovettura privata;In marcia / fermata / arresto;Conducente;M;Illeso;0;;;
5804245;16;31/01/2022 16:50:00;Strada Urbana;VIA VINCENZO TIZZANI;da specificare;;;;fronte civico 19;Veicolo in marcia contro veicolo in sosta;Rettilineo;Una carreggiata a senso unico di marcia;Bagnato (pioggia);Asfaltata;Verticale ed orizzontale;Nuvoloso;Scarso;Buona;;0;0;0;1;12.4418;41.8722;-1;1;Autovettura privata;In marcia / fermata / arresto;Conducente;M;Illeso;0;;Non accertato;
5804245;16;31/01/2022 16:50:00;Strada Urbana;VIA VINCENZO TIZZANI;da specificare;;;;fronte civico 19;Veicolo in marcia contro veicolo in sosta;Rettilineo;Una carreggiata a senso unico di marcia;Bagnato (pioggia);Asfaltata;Verticale ed orizzontale;Nuvoloso;Scarso;Buona;;0;0;0;1;12.4418;41.8722;-1;2;Motociclo a solo;Sosta;;;;;;;
5804245;16;31/01/2022 16:50:00;Strada Urbana;VIA VINCENZO TIZZANI;da specificare;;;;fronte civico 19;Veicolo in marcia contro veicolo in sosta;Rettilineo;Una carreggiata a senso unico di marcia;Bagnato (pioggia);Asfaltata;Verticale ed orizzontale;Nuvoloso;Scarso;Buona;;0;0;0;1;12.4418;41.8722;-1;3;Autovettura privata;Sosta;;;;;;;
5804308;16;31/01/2022 18:20:00;Strada Urbana;CIRCONVALLAZIONE GIANICOLENSE;in corrispondenza;;del civico n.;68a;;Scontro laterale fra veicoli in marcia;Rettilineo;Più di due carreggiate;Bagnato (pioggia);Asfaltata;Verticale;Nuvoloso;Normale;Sufficiente;;0;0;0;2;12.4602;41.8726;-1;1;Autovettura privata;In marcia / fermata / arresto;Conducente;F;Illeso;0;;Non accertato;Inesploso
5804308;16;31/01/2022 18:20:00;Strada Urbana;CIRCONVALLAZIONE GIANICOLENSE;in corrispondenza;;del civico n.;68a;;Scontro laterale fra veicoli in marcia;Rettilineo;Più di due carreggiate;Bagnato (pioggia);Asfaltata;Verticale;Nuvoloso;Normale;Sufficiente;;0;0;0;2;12.4602;41.8726;-1;2;Autovettura privata;In marcia / fermata / arresto;Conducente;F;Illeso;0;;Non accertato;Inesploso
5804379;16;31/01/2022 19:05:00;;VIA ETTORE ROLLI;all'intersezione semaforizzata con;VIA DEGLI ORTI DI CESARE;VIA DEGLI ORTI DI CESARE;;;Infortunio per caduta del veicolo;;;;;;;;;;1;0;0;0;12.4676;41.8743;0;1;Motociclo a solo;In marcia / fermata / arresto;Conducente;M;Rimandato;0;NON DECEDUTO;;
5804411;3;31/01/2022 21:45:00;Strada Urbana;VIALE FERNANDO SANTI;in corrispondenza;;del civico n.;64;;Scontro frontale/laterale DX fra veicoli in marcia;Rettilineo;Due carreggiate;Bagnato (pioggia);Asfaltata;Verticale ed orizzontale;Nuvoloso;Scarso;Sufficiente;;3;0;0;1;12.567;41.9122;-1;1;Autovettura privata;In marcia / fermata / arresto;Conducente;M;Rimandato;0;NON DECEDUTO;Non accertato;Inesploso
5804411;3;31/01/2022 21:45:00;Strada Urbana;VIALE FERNANDO SANTI;in corrispondenza;;del civico n.;64;;Scontro frontale/laterale DX fra veicoli in marcia;Rettilineo;Due carreggiate;Bagnato (pioggia);Asfaltata;Verticale ed orizzontale;Nuvoloso;Scarso;Sufficiente;;3;0;0;1;12.567;41.9122;-1;2;Autovettura privata;In marcia / fermata / arresto;Conducente;M;Illeso;0;;Non accertato;Esploso
5804411;3;31/01/2022 21:45:00;Strada Urbana;VIALE FERNANDO SANTI;in corrispondenza;;del civico n.;64;;Scontro frontale/laterale DX fra veicoli in marcia;Rettilineo;Due carreggiate;Bagnato (pioggia);Asfaltata;Verticale ed orizzontale;Nuvoloso;Scarso;Sufficiente;;3;0;0;1;12.567;41.9122;-1;2;Autovettura privata;In marcia / fermata / arresto;Passeggero;M;Rimandato;0;NON DECEDUTO;Non accertato;Inesploso
5804411;3;31/01/2022 21:45:00;Strada Urbana;VIALE FERNANDO SANTI;in corrispondenza;;del civico n.;64;;Scontro frontale/laterale DX fra veicoli in marcia;Rettilineo;Due carreggiate;Bagnato (pioggia);Asfaltata;Verticale ed orizzontale;Nuvoloso;Scarso;Sufficiente;;3;0;0;1;12.567;41.9122;-1;2;Autovettura privata;In marcia / fermata / arresto;Passeggero;M;Rimandato;0;NON DECEDUTO;Non accertato;Inesploso
5804445;16;31/01/2022 21:40:00;Strada Urbana;VIA VINCENZO USSANI;all'intersezione con;VIA DEL CASALETTO;VIA DEL CASALETTO;;;Scontro frontale/laterale DX fra veicoli in marcia;Intersezione stradale segnalata;Una carreggiata a doppio senso;Bagnato (umidità in atto);Asfaltata;Verticale ed orizzontale;Sereno;Normale;Sufficiente;;0;0;0;2;12.4414;41.8594;-1;1;Autovettura privata;In marcia / fermata / arresto;Conducente;M;Illeso;0;;Non accertato;Esploso
5804445;16;31/01/2022 21:40:00;Strada Urbana;VIA VINCENZO USSANI;all'intersezione con;VIA DEL CASALETTO;VIA DEL CASALETTO;;;Scontro frontale/laterale DX fra veicoli in marcia;Intersezione stradale segnalata;Una carreggiata a doppio senso;Bagnato (umidità in atto);Asfaltata;Verticale ed orizzontale;Sereno;Normale;Sufficiente;;0;0;0;2;12.4414;41.8594;-1;2;Autovettura privata;In marcia / fermata / arresto;Conducente;M;Illeso;0;;Non accertato;Esploso
5804707;3;31/01/2022 10:55:00;Strada Urbana;VIALE DELLO SCALO S. LORENZO;in prossimità;;del civico n.;43;;Veicolo in marcia contro ostacolo fisso;Rettilineo;Una carreggiata a doppio senso;Asciutto;Asfaltata;Verticale ed orizzontale;Nuvoloso;Normale;Buona;;0;0;0;1;12.5173;41.8949;-1;1;Motociclo con passeggero;In marcia / fermata / arresto;Conducente;M;Illeso;0;;;
5804769;3;30/01/2022 13:10:00;Strada Urbana;PIAZZA DELLE CROCIATE;da specificare;;;;fronte pietro  l'eremita;Scontro laterale fra veicoli in marcia;Rettilineo;Una carreggiata a senso unico di marcia;Asciutto;Asfaltata;Verticale ed orizzontale;Sereno;Normale;Buona;;0;0;0;4;12.5264;41.9086;-1;1;Autovettura privata;In marcia / fermata / arresto;Conducente;M;Illeso;0;;Non accertato;Inesploso
5804769;3;30/01/2022 13:10:00;Strada Urbana;PIAZZA DELLE CROCIATE;da specificare;;;;fronte pietro  l'eremita;Scontro laterale fra veicoli in marcia;Rettilineo;Una carreggiata a senso unico di marcia;Asciutto;Asfaltata;Verticale ed orizzontale;Sereno;Normale;Buona;;0;0;0;4;12.5264;41.9086;-1;1;Autovettura privata;In marcia / fermata / arresto;Passeggero;F;Illeso;0;;Non accertato;Inesploso
5804769;3;30/01/2022 13:10:00;Strada Urbana;PIAZZA DELLE CROCIATE;da specificare;;;;fronte pietro  l'eremita;Scontro laterale fra veicoli in marcia;Rettilineo;Una carreggiata a senso unico di marcia;Asciutto;Asfaltata;Verticale ed orizzontale;Sereno;Normale;Buona;;0;0;0;4;12.5264;41.9086;-1;2;Autovettura privata;In marcia / fermata / arresto;Conducente;M;Illeso;0;;Non accertato;Inesploso
5804769;3;30/01/2022 13:10:00;Strada Urbana;PIAZZA DELLE CROCIATE;da specificare;;;;fronte pietro  l'eremita;Scontro laterale fra veicoli in marcia;Rettilineo;Una carreggiata a senso unico di marcia;Asciutto;Asfaltata;Verticale ed orizzontale;Sereno;Normale;Buona;;0;0;0;4;12.5264;41.9086;-1;2;Autovettura privata;In marcia / fermata / arresto;Passeggero;F;Illeso;0;;Non accertato;Inesploso
5804869;3;30/01/2022 09:20:00;Strada Urbana;VIALE VENTUNO APRILE;da specificare;;;;in prossimità di Via Venuti;Infortunio per caduta del veicolo;Rettilineo;Una carreggiata a doppio senso;Asciutto;Asfaltata;Verticale ed orizzontale;Nuvoloso;Scarso;Buona;;0;0;0;1;12.52;41.9177;-1;1;Motociclo a solo;In marcia / fermata / arresto;Conducente;M;Illeso;0;;Non accertato;
5804899;3;28/01/2022 10:05:00;Strada Urbana;VIALE IPPOCRATE;da specificare;;;;fronte civico 160;Veicolo in marcia contro veicolo in sosta;Rettilineo;Due carreggiate;Asciutto;Asfaltata;Verticale ed orizzontale;Nuvoloso;Normale;Buona;;0;0;0;1;12.5192;41.9081;-1;1;Autovettura privata;Sosta;;;;;;;
5804899;3;28/01/2022 10:05:00;Strada Urbana;VIALE IPPOCRATE;da specificare;;;;fronte civico 160;Veicolo in marcia contro veicolo in sosta;Rettilineo;Due carreggiate;Asciutto;Asfaltata;Verticale ed orizzontale;Nuvoloso;Normale;Buona;;0;0;0;1;12.5192;41.9081;-1;2;Autovettura privata;In marcia / fermata / arresto;Conducente;M;Illeso;0;;;
5804961;3;28/01/2022 14:00:00;Strada Urbana;VIALE DELLE PROVINCIE;all'intersezione semaforizzata con;VIA PADOVA;VIA PADOVA;;;Scontro frontale/laterale DX fra veicoli in marcia;Intersezione semaforizzata;Due carreggiate;Asciutto;Asfaltata;Verticale ed orizzontale;Nuvoloso;Intenso;Buona;;0;0;0;3;12.5212;41.9096;-1;1;Autovettura privata;In marcia / fermata / arresto;Conducente;M;Illeso;0;;;
5804961;3;28/01/2022 14:00:00;Strada Urbana;VIALE DELLE PROVINCIE;all'intersezione semaforizzata con;VIA PADOVA;VIA PADOVA;;;Scontro frontale/laterale DX fra veicoli in marcia;Intersezione semaforizzata;Due carreggiate;Asciutto;Asfaltata;Verticale ed orizzontale;Nuvoloso;Intenso;Buona;;0;0;0;3;12.5212;41.9096;-1;1;Autovettura privata;In marcia / fermata / arresto;Passeggero;M;Illeso;0;;;
5804961;3;28/01/2022 14:00:00;Strada Urbana;VIALE DELLE PROVINCIE;all'intersezione semaforizzata con;VIA PADOVA;VIA PADOVA;;;Scontro frontale/laterale DX fra veicoli in marcia;Intersezione semaforizzata;Due carreggiate;Asciutto;Asfaltata;Verticale ed orizzontale;Nuvoloso;Intenso;Buona;;0;0;0;3;12.5212;41.9096;-1;2;Autovettura privata;In marcia / fermata / arresto;Conducente;F;Illeso;0;;;
5804982;3;28/01/2022 21:15:00;Strada Urbana;tangenziale / est dir. salaria;da specificare;;;;ingresso galleria giovanni xxiii;Scontro laterale fra veicoli in marcia;Rettilineo;Una carreggiata a senso unico di marcia;Asciutto;Asfaltata;Verticale ed orizzontale;Sereno;Normale;Sufficiente;;0;0;0;3;12.5282;41.9184;-1;1;Autovettura privata;In marcia / fermata / arresto;Conducente;F;Illeso;0;;;
5804982;3;28/01/2022 21:15:00;Strada Urbana;tangenziale / est dir. salaria;da specificare;;;;ingresso galleria giovanni xxiii;Scontro laterale fra veicoli in marcia;Rettilineo;Una carreggiata a senso unico di marcia;Asciutto;Asfaltata;Verticale ed orizzontale;Sereno;Normale;Sufficiente;;0;0;0;3;12.5282;41.9184;-1;2;Autovettura privata;In marcia / fermata / arresto;Conducente;F;Illeso;0;;;
5804982;3;28/01/2022 21:15:00;Strada Urbana;tangenziale / est dir. salaria;da specificare;;;;ingresso galleria giovanni xxiii;Scontro laterale fra veicoli in marcia;Rettilineo;Una carreggiata a senso unico di marcia;Asciutto;Asfaltata;Verticale ed orizzontale;Sereno;Normale;Sufficiente;;0;0;0;3;12.5282;41.9184;-1;2;Autovettura privata;In marcia / fermata / arresto;Passeggero;F;Illeso;0;;;
5805003;3;28/01/2022 19:15:00;Strada Urbana;VIALE VENTUNO APRILE;in prossimità;;del civico n.;12;;Investimento di pedone;Rettilineo;Una carreggiata a doppio senso;Asciutto;Asfaltata;Verticale ed orizzontale;Sereno;Normale;Sufficiente;;2;0;0;0;12.5188;41.9202;-1;;;;Pedone;M;Rimandato;0;NON DECEDUTO;;
5805003;3;28/01/2022 19:15:00;Strada Urbana;VIALE VENTUNO APRILE;in prossimità;;del civico n.;12;;Investimento di pedone;Rettilineo;Una carreggiata a doppio senso;Asciutto;Asfaltata;Verticale ed orizzontale;Sereno;Normale;Sufficiente;;2;0;0;0;12.5188;41.9202;-1;1;Motociclo a solo;In marcia / fermata / arresto;Conducente;M;Rimandato;0;NON DECEDUTO;Non accertato;
5806026;2;31/01/2022 16:19:00;Strada Urbana;VIA MONTEBUONO;in prossimità;;del civico n.;11;;Infortunio per sola frenata improvvisa;Rettilineo;Una carreggiata a senso unico di marcia;Asciutto;Asfaltata;Verticale ed orizzontale;Sereno;Intenso;Buona;;0;0;0;1;12.5129;41.9338;-1;1;Autovettura privata;Sosta;;;;;;;
5806026;2;31/01/2022 16:19:00;Strada Urbana;VIA MONTEBUONO;in prossimità;;del civico n.;11;;Infortunio per sola frenata improvvisa;Rettilineo;Una carreggiata a senso unico di marcia;Asciutto;Asfaltata;Verticale ed orizzontale;Sereno;Intenso;Buona;;0;0;0;1;12.5129;41.9338;-1;2;Autobus urbano;In marcia / fermata / arresto;Conducente;M;Illeso;0;;;
5806139;18;31/01/2022 13:35:00;Strada Urbana;VIA PASQUALE II;all'intersezione semaforizzata con;VIA DI BOCCEA;VIA DI BOCCEA;;;Scontro laterale fra veicoli in marcia;Incrocio;Una carreggiata a doppio senso;Asciutto;Asfaltata;Verticale ed orizzontale;Sereno;Normale;Buona;;0;0;0;2;12.4098;41.9104;-1;1;Autovettura privata;In marcia / fermata / arresto;Conducente;F;Illeso;0;;;
5806139;18;31/01/2022 13:35:00;Strada Urbana;VIA PASQUALE II;all'intersezione semaforizzata con;VIA DI BOCCEA;VIA DI BOCCEA;;;Scontro laterale fra veicoli in marcia;Incrocio;Una carreggiata a doppio senso;Asciutto;Asfaltata;Verticale ed orizzontale;Sereno;Normale;Buona;;0;0;0;2;12.4098;41.9104;-1;1;Autovettura privata;In marcia / fermata / arresto;Passeggero;M;Illeso;0;;;
5806139;18;31/01/2022 13:35:00;Strada Urbana;VIA PASQUALE II;all'intersezione semaforizzata con;VIA DI BOCCEA;VIA DI BOCCEA;;;Scontro laterale fra veicoli in marcia;Incrocio;Una carreggiata a doppio senso;Asciutto;Asfaltata;Verticale ed orizzontale;Sereno;Normale;Buona;;0;0;0;2;12.4098;41.9104;-1;2;Motociclo a solo;Allontanatosi;;;;;;;
5806622;17;31/01/2022 19:50:00;Strada Urbana;VIA ANDREA DORIA;in prossimità;;del civico n.;50;;Scontro laterale fra veicoli in marcia;Rettilineo;Una carreggiata a doppio senso;Bagnato (pioggia);Asfaltata;Verticale ed orizzontale;Nuvoloso;Normale;Sufficiente;;0;0;0;3;12.451;41.9096;-1;1;Autovettura privata;In marcia / fermata / arresto;Conducente;M;Illeso;0;;;
5806622;17;31/01/2022 19:50:00;Strada Urbana;VIA ANDREA DORIA;in prossimità;;del civico n.;50;;Scontro laterale fra veicoli in marcia;Rettilineo;Una carreggiata a doppio senso;Bagnato (pioggia);Asfaltata;Verticale ed orizzontale;Nuvoloso;Normale;Sufficiente;;0;0;0;3;12.451;41.9096;-1;2;Motociclo a solo;In marcia / fermata / arresto;Conducente;M;Illeso;0;;;
5806622;17;31/01/2022 19:50:00;Strada Urbana;VIA ANDREA DORIA;in prossimità;;del civico n.;50;;Scontro laterale fra veicoli in marcia;Rettilineo;Una carreggiata a doppio senso;Bagnato (pioggia);Asfaltata;Verticale ed orizzontale;Nuvoloso;Normale;Sufficiente;;0;0;0;3;12.451;41.9096;-1;3;Autovettura privata;In marcia / fermata / arresto;Conducente;M;Illeso;0;;;
5806683;19;13/01/2022 07:00:00;Strada Urbana;VIA PIETRO PAOLO VERGERIO;in prossimità;;del civico n.;62;;Veicolo in marcia contro ostacolo accidentale;Curva a visuale libera;Una carreggiata a senso unico di marcia;Ghiacciato;Asfaltata;Assente;Sereno;Scarso;Buona;;0;0;0;1;12.4291;41.9437;-1;1;Motociclo a solo;In marcia / fermata / arresto;Conducente;M;Illeso;0;;;
5811239;6;29/01/2022 11:00:00;Strada Urbana;VIA DI ACQUA BULLICANTE;in corrispondenza;;del civico n.;439;;Investimento di pedone;Rettilineo;Una carreggiata a doppio senso;Asciutto;Asfaltata;Verticale ed orizzontale;Sereno;Normale;Buona;;1;0;0;1;12.5418;41.8918;-1;;;;Pedone;M;Rimandato;0;NON DECEDUTO;;
5811239;6;29/01/2022 11:00:00;Strada Urbana;VIA DI ACQUA BULLICANTE;in corrispondenza;;del civico n.;439;;Investimento di pedone;Rettilineo;Una carreggiata a doppio senso;Asciutto;Asfaltata;Verticale ed orizzontale;Sereno;Normale;Buona;;1;0;0;1;12.5418;41.8918;-1;1;Autovettura privata;In marcia / fermata / arresto;Conducente;F;Illeso;0;;;
5812626;5;17/01/2022 10:00:00;Strada Urbana;VIA UGO BERTOSSI;in prossimità;;del civico n.;33;;Veicolo in marcia contro veicolo in sosta;Rettilineo;Una carreggiata a senso unico di marcia;Asciutto;Asfaltata;Verticale ed orizzontale;Sereno;Normale;Buona;;0;0;0;2;12.55;41.9063;-1;1;Altro;Sosta;Passeggero;M;Illeso;0;;Non accertato;
5812626;5;17/01/2022 10:00:00;Strada Urbana;VIA UGO BERTOSSI;in prossimità;;del civico n.;33;;Veicolo in marcia contro veicolo in sosta;Rettilineo;Una carreggiata a senso unico di marcia;Asciutto;Asfaltata;Verticale ed orizzontale;Sereno;Normale;Buona;;0;0;0;2;12.55;41.9063;-1;2;Autovettura privata;In marcia / fermata / arresto;Conducente;F;Illeso;0;;Non accertato;
5825181;13;22/01/2022 20:50:00;Strada Urbana;VIA DI CASTEL FUSANO;all'intersezione con;VIA AGOSTINO CHIGI;VIA AGOSTINO CHIGI;;;Scontro laterale fra veicoli in marcia;Incrocio;Una carreggiata a doppio senso;Asciutto;Asfaltata;Assente;Sereno;Normale;Buona;;0;0;0;2;12.3115;41.7467;-1;1;Autovettura privata;In marcia / fermata / arresto;Conducente;F;Illeso;0;;;
5825181;13;22/01/2022 20:50:00;Strada Urbana;VIA DI CASTEL FUSANO;all'intersezione con;VIA AGOSTINO CHIGI;VIA AGOSTINO CHIGI;;;Scontro laterale fra veicoli in marcia;Incrocio;Una carreggiata a doppio senso;Asciutto;Asfaltata;Assente;Sereno;Normale;Buona;;0;0;0;2;12.3115;41.7467;-1;2;Autocarro inferiore 35 q.;In marcia / fermata / arresto;Conducente;M;Illeso;0;;;
5826129;1;12/01/2022 18:30:00;Strada Urbana;VIALE MANZONI;all'intersezione semaforizzata con;VIA DI PORTA MAGGIORE;VIA DI PORTA MAGGIORE;;;Tamponamento;Incrocio;Una carreggiata a senso unico di marcia;Asciutto;Asfaltata;Assente;Sereno;Intenso;Buona;;0;0;0;2;12.5079;41.8913;-1;1;Autovettura privata;In marcia / fermata / arresto;Conducente;F;Illeso;0;;;
5826129;1;12/01/2022 18:30:00;Strada Urbana;VIALE MANZONI;all'intersezione semaforizzata con;VIA DI PORTA MAGGIORE;VIA DI PORTA MAGGIORE;;;Tamponamento;Incrocio;Una carreggiata a senso unico di marcia;Asciutto;Asfaltata;Assente;Sereno;Intenso;Buona;;0;0;0;2;12.5079;41.8913;-1;2;Autovettura privata;In marcia / fermata / arresto;Conducente;M;Illeso;0;;;